0,1,2,3,4,5,6,7,8,9,10,11,12,13,14,15,16,17,18,19,20,21,22,23,24,25,26,27,28,29,30,31
1.3410918,1.4594674,0.0,1.2321378,0.0,1.140758,1.4593141,1.3914874,0.0,0.0,0.0,1.4795693,0.0,0.0,0.0,1.6262571,0.0,1.2013576,1.4517463,0.0,0.0,1.407596,1.3155111,0.0,1.7457553,0.0,0.0,0.0,0.0,1.6258388,1.3635268,0.0
1.4432217,1.6021405,0.0,1.4093472,0.0,1.0862254,1.3185905,1.3290862,0.0,0.0,0.0,1.4505054,0.0,0.0,0.0,1.6041542,0.0,1.39394,1.40778,0.0,0.0,1.3488483,1.3673984,0.0,1.5071279,0.0,0.0,0.0,0.0,1.4607087,1.3251587,0.0
0.0,0.0,0.949013,0.0,0.96651506,0.0,0.0,0.0,0.9135687,0.7023171,0.9840549,0.0,0.8077859,0.8261747,1.0223771,0.0,1.1813617,0.0,0.0,1.0631925,0.93176824,0.0,0.0,0.77923095,0.0,0.8255982,0.7965991,1.1064072,0.8787793,0.0,0.0,0.4881292
0.0,0.0,0.6141579,0.0,0.33296365,0.0,0.0,0.0,0.71674407,0.7212287,0.4172948,0.0,0.6156601,0.8257432,0.37808758,0.0,0.70620686,0.0,0.0,0.6891721,0.5230697,0.0,0.0,0.6834145,0.0,0.44698995,0.36950445,0.42249107,0.68453705,0.0,0.0,0.40742922
1.4579775,1.6115634,0.0,1.6271178,0.0,1.2796073,1.6439219,1.4348387,0.0,0.0,0.0,1.6325955,0.0,0.0,0.0,1.7952778,0.0,1.6594995,1.566688,0.0,0.0,1.5383507,1.5170304,0.0,1.842043,0.0,0.0,0.0,0.0,1.5620431,1.6130978,0.0
0.17052412,0.65424,0.0,0.46383005,0.0,0.64876467,0.49379438,0.48480558,0.0,0.0,0.0,0.4070866,0.0,0.0,0.0,0.5473632,0.0,0.3469446,0.35185733,0.0,0.0,0.27351433,0.6785239,0.0,0.5362649,0.0,0.0,0.0,0.0,0.8808964,0.23460813,0.0
0.32034963,0.6360083,0.0,0.50387055,0.0,0.47838113,0.5538245,0.44567814,0.0,0.0,0.0,0.56454504,0.0,0.0,0.0,0.58751297,0.0,0.51622266,0.6460017,0.0,0.0,0.48918572,0.6983466,0.0,0.7377197,0.0,0.0,0.0,0.0,0.7625404,0.40073076,0.0
1.0961562,1.339385,0.0,1.0914121,0.0,1.0827663,1.2645515,1.0785275,0.0,0.0,0.0,1.1458695,0.0,0.0,0.0,1.4797884,0.0,1.1054013,1.2216289,0.0,0.0,0.97140014,1.0672877,0.0,1.293095,0.0,0.0,0.0,0.0,1.3479376,1.1735168,0.0
0.0,0.0,0.46733373,0.0,0.14073564,0.0,0.0,0.0,0.3110324,0.29616085,0.6622758,0.0,0.33371744,0.47907838,0.6467749,0.00257501,0.66432834,0.0,0.0,0.5848175,0.6469359,0.0,0.0,0.6557543,0.0,0.5484572,0.45993268,0.6849864,0.39768484,0.0,0.0,0.042623118
0.0,0.07808849,0.1780498,0.22636399,0.0,0.0,0.10580238,0.28509435,0.0,0.0,0.0,0.12569545,0.04203197,0.04455711,0.2528724,0.29550856,0.0,0.14481059,0.14247045,0.13733907,0.37586355,0.0,0.19733842,0.08757734,0.23695299,0.0,0.23003267,0.20243926,0.0,0.19356063,0.0,0.030258812
0.6145061,0.7470603,0.0,0.87252045,0.0,0.6585136,0.88605714,0.7869315,0.0,0.0,0.0,0.8457673,0.0,0.0,0.0,0.96387136,0.0,0.65466636,0.83394885,0.0,0.0,0.6755467,0.74319434,0.0,0.9960695,0.0,0.0,0.0,0.0,0.93392545,0.544579,0.0
0.0,0.0,1.14708,0.0,0.29890645,0.0,0.0,0.0,0.6319089,1.0016835,0.7378262,0.0,1.0186652,0.90211594,0.660325,0.0,0.091305956,0.0,0.0,0.6830153,0.4324876,0.0,0.0,0.0,0.0,1.348541,0.88665617,0.49361545,0.9376758,0.0,0.0,0.839042
1.3026111,1.671083,0.0,1.4692634,0.0,1.2837842,1.4288422,1.2456311,0.0,0.0,0.0,1.4977582,0.0,0.0,0.0,1.5310662,0.0,1.6501309,1.4766437,0.0,0.0,1.5007144,1.27708,0.0,1.7419294,0.0,0.0,0.0,0.0,1.3667206,1.3909764,0.0
0.5453215,0.59699655,0.0,0.75514245,0.0,0.56048036,0.7186851,0.6829734,0.0,0.0,0.0,0.67340064,0.0,0.0,0.0,0.80106574,0.0,0.48988283,0.6727125,0.0,0.0,0.5109798,0.572858,0.0,0.88012606,0.0,0.0,0.0,0.0,0.6977458,0.47604582,0.0
0.0,0.0,0.8229897,0.0,0.87918335,0.0,0.0,0.0,0.7779436,0.6805354,0.6572231,0.0,0.64322007,0.5273285,1.1889064,0.0,0.5307598,0.0,0.0,0.8981852,0.8301227,0.0,0.0,0.9255724,0.0,0.85258806,0.8518377,0.9773484,0.8193942,0.0,0.0,0.6566218
0.9317962,1.0121503,0.0,1.1991656,0.0,0.88383293,1.1513265,0.971114,0.0,0.0,0.0,1.1731642,0.0,0.0,0.0,1.1573354,0.0,0.8625385,1.1224242,0.0,0.0,1.0704547,0.9850509,0.0,1.3850718,0.0,0.0,0.0,0.0,1.1685296,0.8657542,0.0
1.4699883,1.6584316,0.0,1.6402735,0.0,1.2978905,1.650843,1.4459593,0.0,0.0,0.0,1.597072,0.0,0.0,0.0,1.769477,0.0,1.618187,1.5600495,0.0,0.0,1.5536691,1.5610234,0.0,1.8479234,0.0,0.0,0.0,0.0,1.6062596,1.6173394,0.0
1.3128483,1.4868312,0.0,1.4600188,0.0,1.2954656,1.6153204,1.2837284,0.0,0.0,0.0,1.5835905,0.0,0.0,0.0,1.7871534,0.0,1.6950366,1.5185648,0.0,0.0,1.5014911,1.5651146,0.0,1.7883924,0.0,0.0,0.0,0.0,1.5751144,1.5475755,0.0
0.44828242,0.5687415,0.0,0.72988015,0.0,0.60841936,0.7159557,0.56319934,0.0,0.0,0.0,0.7151544,0.0,0.0,0.0,0.6892236,0.0,0.6049866,0.75135136,0.0,0.0,0.6527797,0.69314003,0.0,0.80427134,0.0,0.0,0.0,0.0,0.72448516,0.52627313,0.0
0.38849443,0.6248187,0.0,0.58037496,0.0,0.36205208,0.5128322,0.4315511,0.0,0.0,0.0,0.42740577,0.0,0.07045828,0.0,0.598613,0.015647672,0.4095657,0.4929682,0.0,0.0,0.4786969,0.37765008,0.0,0.85065633,0.0,0.0,0.0,0.0,0.6423051,0.2616059,0.0
0.0,0.19808313,0.37606478,0.0,0.19322246,0.0,0.0,0.13190834,0.2823981,0.38147655,0.2818624,0.0,0.24895526,0.3907954,0.5768464,0.0,0.4161287,0.0,0.0,0.58022845,0.64031917,0.0,0.0,0.36189815,0.028713413,0.100980766,0.3952309,0.3876145,0.27781588,0.026947036,0.0,0.08394995
0.42989177,0.50035566,0.0,0.5212968,0.0,0.4814516,0.46752524,0.6390555,0.0,0.0,0.0,0.4934678,0.0,0.0,0.0,0.5840521,0.0,0.4262255,0.5068483,0.0,0.0,0.33920377,0.35344863,0.0,0.618228,0.0,0.0,0.0,0.0,0.4365993,0.297915,0.0
0.29468554,0.30254796,0.0,0.35275882,0.0,0.1393623,0.34206823,0.30154723,0.0,0.0,0.0,0.29105908,0.0,0.19701016,0.0,0.34984332,0.10943713,0.2455811,0.26620707,0.09202155,0.0,0.25862518,0.21259883,0.0,0.58263266,0.0,0.0,0.0,0.0,0.38943392,0.15949069,0.0
0.42625844,0.77475554,0.0,0.72701013,0.0,0.19003394,0.9993297,0.0,0.0,0.0,0.0,0.7964983,0.0,0.17850995,0.0,0.73622936,0.0,0.20490932,0.8085777,0.0,0.0,0.91090506,0.3852716,0.0,0.74870604,0.0,0.0,0.0,0.0,0.91098064,0.53467906,0.0
0.5684799,0.74139094,0.0,0.8064456,0.0,0.6158862,0.73268986,0.5540532,0.0,0.0,0.0,0.744826,0.0,0.0,0.0,0.7887409,0.0,0.60923797,0.6877587,0.0,0.0,0.59945136,0.8073983,0.0,1.0059621,0.0,0.0,0.0,0.0,0.89049226,0.5555547,0.0
0.71384156,0.756954,0.0,0.90207666,0.0,0.69883394,0.8732542,0.7920362,0.0,0.0,0.0,0.8610076,0.0,0.0,0.0,0.9288854,0.0,0.6262153,0.8366911,0.0,0.0,0.7263611,0.70350397,0.0,1.1088076,0.0,0.0,0.0,0.0,0.84608555,0.6486504,0.0
1.3083524,1.2678952,0.0,1.259401,0.0,1.4754355,1.1979154,1.336017,0.0,0.0,0.0,1.3628291,0.0,0.0,0.0,1.2531623,0.0,1.6839792,1.464091,0.0,0.0,1.2921327,1.2288834,0.0,1.5395987,0.0,0.0,0.0,0.0,1.2147577,1.1968641,0.0
1.3863844,1.1480043,0.0,1.2491783,0.0,1.2480661,1.2595385,1.4674127,0.0,0.0,0.0,1.4514421,0.0,0.0,0.0,1.2419096,0.0,1.6420845,1.4628521,0.0,0.0,1.2090611,1.0598645,0.0,1.4051765,0.0,0.0,0.0,0.0,1.1082857,1.2020383,0.0
0.71621937,0.84152126,0.0,1.0006919,0.0,0.7715732,0.91943496,0.75962,0.0,0.0,0.0,0.90753204,0.0,0.0,0.0,0.9645002,0.0,0.7212506,0.9309434,0.0,0.0,0.85797465,0.87324,0.0,1.1130509,0.0,0.0,0.0,0.0,1.0131873,0.68556744,0.0
1.4222078,1.6611371,0.0,1.650983,0.0,1.3720073,1.4437164,1.3921655,0.0,0.0,0.0,1.5451133,0.0,0.0,0.0,1.6534485,0.0,1.8084841,1.6071169,0.0,0.0,1.6259537,1.5853244,0.0,2.0198293,0.0,0.0,0.0,0.0,1.594762,1.5234598,0.0
1.3920436,1.6740956,0.0,1.7041445,0.0,1.3405268,1.4621838,1.3969662,0.0,0.0,0.0,1.5689807,0.0,0.0,0.0,1.6434034,0.0,1.7693603,1.6123872,0.0,0.0,1.625368,1.5840089,0.0,1.9844934,0.0,0.0,0.0,0.0,1.6070236,1.5388826,0.0
1.5083945,1.6692368,0.0,1.648073,0.0,1.2918606,1.383228,1.43762,0.0,0.0,0.0,1.5064536,0.0,0.0,0.0,1.6074678,0.0,1.764069,1.5683101,0.0,0.0,1.5520493,1.5304432,0.0,2.0105546,0.0,0.0,0.0,0.0,1.5384672,1.5254889,0.0
0.4313532,0.46931595,0.0,0.6508604,0.0,0.3915409,0.6384895,0.46176195,0.0,0.0,0.0,0.5824198,0.0,0.0,0.0,0.7280312,0.0,0.3976559,0.48211703,0.0,0.0,0.40890595,0.48925316,0.0,0.85045254,0.0,0.0,0.0,0.0,0.66441524,0.3672048,0.0
0.30908304,0.5108933,0.0,0.584371,0.0,0.54531306,0.44160563,0.44243127,0.0,0.0,0.0,0.50800276,0.0,0.0,0.0,0.5332916,0.0,0.50318694,0.5278502,0.027502209,0.0,0.4624048,0.6093874,0.0,0.6623401,0.0,0.0,0.0,0.0,0.6306978,0.3353417,0.0
0.098887056,0.0,0.07061042,0.17393836,0.0,0.0,0.21839713,0.29910815,0.0,0.0,0.13546893,0.20779112,0.11274968,0.013333462,0.0,0.24422073,0.092250824,0.0,0.0,0.08631658,0.019620419,0.0,0.032771192,0.0,0.3285669,0.0,0.103448324,0.012182198,0.0,0.11979323,0.0,0.03296674
1.2341785,1.266181,0.0,1.3576223,0.0,1.0206298,1.1983453,1.1133028,0.0,0.0,0.0,1.1991066,0.0,0.0,0.0,1.3620604,0.0,1.3245819,1.3196689,0.0,0.0,1.1866943,1.2598127,0.0,1.6508387,0.0,0.0,0.0,0.0,1.3160686,1.1851048,0.0
0.9183199,1.1494776,0.0,0.9601325,0.0,0.7283727,1.0078372,1.0132991,0.0,0.0,0.0,1.1893113,0.0,0.0,0.0,1.2134767,0.0,1.2162136,1.1069597,0.0,0.0,0.9819673,0.9277042,0.0,1.1076891,0.0,0.0,0.0,0.0,0.9779847,1.0267752,0.0
0.3792222,0.6735605,0.0,0.4256079,0.0,0.4599521,0.6571794,0.0,0.0,0.0,0.0,0.5857908,0.0,0.027777769,0.0,0.60181963,0.0,0.20315331,0.4956393,0.0,0.120646596,0.5557997,0.5317764,0.0,0.5243303,0.0,0.0,0.0,0.0,0.83131844,0.3709872,0.0
1.1830457,1.3902075,0.0,1.2733965,0.0,0.95562357,1.1984953,1.2192637,0.0,0.0,0.0,1.2278746,0.0,0.0,0.0,1.4039254,0.0,1.3739798,1.341286,0.0,0.0,1.3165699,1.4361693,0.0,1.6659718,0.0,0.0,0.0,0.0,1.4133182,1.0838912,0.0
1.0769112,1.3687785,0.0,1.0292066,0.0,0.6962929,0.7864024,1.1945239,0.0,0.0,0.0,1.1112146,0.0,0.0,0.0,1.2591603,0.0,1.185466,1.1022668,0.0,0.0,0.8679978,0.9536096,0.0,1.303296,0.0,0.0,0.0,0.0,1.1281462,0.92986757,0.0
0.14704537,0.106450394,0.005903892,0.22169727,0.0,0.13373408,0.21846345,0.29459822,0.0,0.018742643,0.0,0.1995297,0.0,0.009589851,0.0,0.26109245,0.0052244067,0.14556849,0.1536621,0.07395195,0.07049235,0.08492362,0.12737294,0.045314595,0.33315688,0.0,0.0,0.0,0.0,0.15376866,0.103458986,0.0
0.0,0.0,1.0462391,0.0,0.77711326,0.0,0.0,0.0,0.9620375,0.73596364,1.0711509,0.0,1.0624881,0.9842087,0.9224931,0.0,1.2293967,0.0,0.0,1.0412779,0.9566159,0.0,0.0,0.7879225,0.0,0.91771185,0.878679,0.90138984,0.976604,0.0,0.0,0.68512255
1.1307172,1.2613047,0.0,1.205,0.0,0.8810241,1.1153467,1.2617606,0.0,0.0,0.0,1.3102875,0.0,0.0,0.0,1.4558303,0.0,1.3186364,1.3926938,0.0,0.0,1.2105415,1.3431516,0.0,1.550462,0.0,0.0,0.0,0.0,1.2687086,1.2051773,0.0
1.3247246,1.4654634,0.0,1.367576,0.0,1.0292732,1.1526699,1.3611474,0.0,0.0,0.0,1.3816267,0.0,0.0,0.0,1.4314547,0.0,1.4027799,1.3530893,0.0,0.0,1.2628157,1.3210825,0.0,1.7016867,0.0,0.0,0.0,0.0,1.3923738,1.227738,0.0
0.5279272,0.6846103,0.0,0.7787783,0.0,0.6486491,0.69415426,0.63121784,0.0,0.0,0.0,0.7191918,0.0,0.0,0.0,0.83057564,0.0,0.6700495,0.7838729,0.0,0.0,0.7154432,0.6621945,0.0,0.93837124,0.0,0.0,0.0,0.0,0.7980574,0.4993081,0.0
0.35745704,0.52636063,0.0,0.57121783,0.0,0.5621161,0.6625521,0.6322706,0.0,0.0,0.0,0.61653215,0.0,0.0,0.0,0.68473446,0.0,0.39205864,0.6493762,0.0,0.0,0.5123552,0.38332206,0.0,0.62441814,0.0,0.0,0.0,0.0,0.51047295,0.3331861,0.0
0.0,0.0,1.1034552,0.0,1.140597,0.0,0.0,0.0,1.1581838,0.9175377,1.1933799,0.0,1.1079353,0.7637855,0.9818444,0.0,0.8164821,0.0,0.0,0.944949,0.808728,0.0,0.0,0.82543594,0.0,1.0467706,0.9511029,1.2904851,1.1870733,0.0,0.0,0.8724463
0.8726438,1.130176,0.0,0.7387325,0.0,0.7080239,0.90801203,1.0878975,0.0,0.0,0.0,0.98128456,0.0,0.0,0.0,1.0713906,0.0,1.2505999,0.98818994,0.0,0.0,1.0560315,1.0158278,0.0,1.1621997,0.0,0.0,0.0,0.0,1.0742866,0.8593792,0.0
0.9891243,1.2502377,0.0,0.85848665,0.0,0.8706756,0.94494385,1.0807058,0.0,0.0,0.0,0.9942309,0.0,0.0,0.0,1.1367732,0.0,1.330318,1.0757858,0.0,0.0,1.1676027,1.1369094,0.0,1.298443,0.0,0.0,0.0,0.0,1.2000273,0.93650734,0.0
1.0176536,1.1529615,0.0,0.90702057,0.0,0.6364018,0.9741372,1.2046431,0.0,0.0,0.0,1.1193093,0.0,0.0,0.0,1.117112,0.0,1.2872263,1.0337257,0.0,0.0,1.0186194,0.9385928,0.0,1.1810052,0.0,0.0,0.0,0.0,1.0596387,0.90764475,0.0
0.12659934,0.061534047,0.11923777,0.2755978,0.0,0.08057714,0.24373502,0.29306155,0.0,0.0,0.02478572,0.025562335,0.0,0.0,0.0,0.31599203,0.0,0.0,0.08605921,0.0,0.0,0.0,0.0,0.0,0.22080764,0.0,0.081707045,0.0,0.0,0.1503914,0.0,0.011069328
0.41159183,0.41256714,0.0,0.65216756,0.0,0.427982,0.70129496,0.68483484,0.0,0.0,0.0,0.5519143,0.0,0.0,0.0,0.66746515,0.0,0.34186327,0.61250305,0.0,0.0,0.41362184,0.4831686,0.0,0.65063727,0.0,0.0,0.0,0.0,0.60726255,0.26943892,0.0
0.0,0.0,1.2611246,0.0,0.43159908,0.0,0.0,0.0,1.3902452,1.0863602,1.1800324,0.0,1.1818722,1.442613,1.4338934,0.0,0.7844524,0.0,0.0,1.1276217,0.9104233,0.0,0.0,0.9003244,0.0,1.1367799,1.4226027,1.393897,1.3154325,0.0,0.0,1.2534881
0.0,0.0,0.48657832,0.0,0.0,0.0,0.0,0.0,0.15611517,0.047099262,0.5358583,0.0,0.5053733,0.06905836,0.2696189,0.045026835,0.2920031,0.0,0.0,0.33671924,0.18969621,0.0,0.0,0.2471528,0.030389972,0.09271151,0.39230585,0.17055985,0.29514188,0.0,0.0,0.37845308
0.6058417,0.79522806,0.0,0.83770674,0.0,0.78723025,0.8916315,0.68918777,0.0,0.0,0.0,0.91839826,0.0,0.0,0.0,0.85214955,0.0,0.83877754,0.977561,0.0,0.0,0.9023316,0.79165995,0.0,1.030699,0.0,0.0,0.0,0.0,0.8592415,0.6677969,0.0
0.46214497,0.655508,0.0,0.7038537,0.0,0.55310005,0.82369334,0.70424366,0.0,0.0,0.0,0.79174703,0.0,0.0,0.0,0.7922559,0.0,0.5564057,0.76364917,0.0,0.0,0.64579856,0.6585773,0.0,0.79260665,0.0,0.0,0.0,0.0,0.8013076,0.49407208,0.0
0.90032905,1.2010463,0.0,0.8847385,0.0,0.7226415,0.91714305,1.0481014,0.0,0.0,0.0,1.0334527,0.0,0.0,0.0,1.1046323,0.0,1.2915745,1.0053161,0.0,0.0,1.0739449,1.0249048,0.0,1.2155199,0.0,0.0,0.0,0.0,1.1372706,0.87858534,0.0
1.4207993,1.6743112,0.0,1.5525692,0.0,1.229502,1.5257981,1.3515289,0.0,0.0,0.0,1.51616,0.0,0.0,0.0,1.5752337,0.0,1.4909829,1.5640988,0.0,0.0,1.4813937,1.3702252,0.0,1.6836767,0.0,0.0,0.0,0.0,1.5053617,1.4646596,0.0
1.4496567,1.7673749,0.0,1.6128086,0.0,1.4384722,1.5322489,1.338668,0.0,0.0,0.0,1.3467559,0.0,0.0,0.0,1.4440148,0.0,1.3663406,1.4302466,0.0,0.0,1.2862144,1.0892979,0.0,1.5582995,0.0,0.0,0.0,0.0,1.501824,1.3499086,0.0
1.2806287,1.4828918,0.0,1.2400466,0.0,0.98579556,1.3127654,1.267245,0.0,0.0,0.0,1.4154854,0.0,0.0,0.0,1.4764578,0.0,1.4022633,1.364516,0.0,0.0,1.164454,1.1449416,0.0,1.4588525,0.0,0.0,0.0,0.0,1.2780672,1.3181856,0.0
1.2908114,1.5808216,0.0,1.3197664,0.0,1.1303,1.3443788,1.231293,0.0,0.0,0.0,1.3813004,0.0,0.0,0.0,1.5016633,0.0,1.4742585,1.4436934,0.0,0.0,1.34966,1.2254003,0.0,1.6187248,0.0,0.0,0.0,0.0,1.3768926,1.2687328,0.0
0.3913508,0.6084055,0.0,0.71200174,0.0,0.40166327,0.63268673,0.47203997,0.0,0.0,0.0,0.56113356,0.0,0.0,0.0,0.72660226,0.0,0.4238609,0.467581,0.0,0.0,0.43036678,0.5677223,0.0,0.80598015,0.0,0.0,0.0,0.0,0.76797915,0.30098912,0.0
0.4782207,0.63269925,0.0,0.6320582,0.0,0.71343744,0.809374,0.72464865,0.0,0.0,0.0,0.83064324,0.0,0.0,0.0,0.70790565,0.0,0.7170481,0.8369233,0.0,0.0,0.7468655,0.62102854,0.0,0.7510091,0.0,0.0,0.0,0.0,0.6768226,0.51550275,0.0
0.22236641,0.61263394,0.0,0.53614205,0.0,0.52902573,0.46000463,0.44060254,0.0,0.0,0.0,0.48820835,0.0,0.0,0.0,0.45513958,0.0,0.54274195,0.67929494,0.0,0.0,0.6810151,0.5389105,0.0,0.61528456,0.0,0.0,0.0,0.0,0.5911415,0.30798623,0.0
0.0,0.0,1.3189583,0.0,0.984273,0.0,0.0,0.0,1.3775913,0.7260625,1.3652064,0.0,1.0874659,1.531009,1.5232241,0.0,1.7295651,0.0,0.0,1.6508849,1.4475946,0.0,0.0,1.2237818,0.0,1.1704125,1.299237,1.2782592,1.36146,0.0,0.0,0.7542096
0.0,0.0,0.76945317,0.0,0.2124474,0.0,0.0,0.0,0.9822683,0.40675405,0.83085907,0.0,0.50659084,1.1263252,0.9534241,0.0,0.66900414,0.0,0.0,0.67883724,0.71388656,0.0,0.025201391,0.5611073,0.0,0.5316839,0.83764243,0.8105905,0.92471814,0.17899367,0.0,0.5423667
1.3600765,1.7561142,0.0,1.4239098,0.0,1.6227124,1.4532773,1.213948,0.0,0.0,0.0,1.2318376,0.0,0.0,0.0,1.3662386,0.0,1.4630799,1.4277655,0.0,0.0,1.372958,1.1973566,0.0,1.6081138,0.0,0.0,0.0,0.0,1.5382575,1.3246273,0.0
0.66848004,0.75279903,0.0,0.8662406,0.0,0.75598013,1.0195097,0.88729686,0.0,0.0,0.0,0.9776345,0.0,0.0,0.0,0.91805744,0.0,0.7271063,0.9187677,0.0,0.0,0.7868148,0.7761593,0.0,0.9447889,0.0,0.0,0.0,0.0,0.90362364,0.6094171,0.0
0.0,0.0,0.45225462,0.0,0.0,0.0,0.033617057,0.16682807,0.20350406,0.057427727,0.32203275,0.0,0.25625813,0.052720923,0.2834869,0.03545965,0.22823691,0.0,0.0,0.31324664,0.14356346,0.0,0.0,0.2984077,0.09511837,0.06812367,0.41540378,0.35392094,0.28638783,0.0,0.0,0.20466195
0.015163051,0.23037009,0.16166356,0.29887992,0.0,0.208064,0.41741955,0.25527567,0.0,0.0,0.0,0.36691868,0.0,0.0,0.0,0.29347318,0.0,0.3362241,0.36498573,0.060787663,0.0,0.46634746,0.34151974,0.0,0.43337053,0.0,0.06492354,0.0,0.0,0.40941164,0.089594334,0.12591314
1.1798106,1.5324317,0.0,1.2391,0.0,1.105752,1.2523673,1.1818386,0.0,0.0,0.0,1.344495,0.0,0.0,0.0,1.4156758,0.0,1.4900824,1.3365808,0.0,0.0,1.4928713,1.2502408,0.0,1.5905921,0.0,0.0,0.0,0.0,1.3524393,1.1757786,0.0
1.1359717,1.3386886,0.0,1.0441666,0.0,0.91366273,1.1710184,1.155791,0.0,0.0,0.0,1.3363854,0.0,0.0,0.0,1.3621855,0.0,1.4265693,1.239633,0.0,0.0,1.2179888,1.1319007,0.0,1.3789753,0.0,0.0,0.0,0.0,1.2275614,1.2084178,0.0
0.41693008,0.44876325,0.0,0.5815634,0.0,0.51658505,0.619676,0.6133451,0.0,0.0,0.0,0.51720023,0.0,0.0,0.0,0.67089796,0.0,0.3392635,0.5909932,0.0,0.0,0.3658933,0.35865435,0.0,0.61044115,0.0,0.0,0.0,0.0,0.5267026,0.3281183,0.0
0.0,0.0,0.25987738,0.07138635,0.0,0.017283589,0.02967649,0.0,0.1018385,0.11603314,0.2785517,0.0,0.3581677,0.26926127,0.027609266,0.02546047,0.50675446,0.0,0.0,0.23846677,0.20693785,0.0,0.0,0.25385883,0.0,0.10852677,0.23344386,0.047653466,0.11508923,0.0,0.0,0.17224765
0.0,0.0,0.8733076,0.0,0.75305974,0.0,0.0,0.0,1.0802771,0.8270694,1.1975257,0.0,0.71416235,1.030519,1.1433556,0.0,1.1273409,0.0,0.0,1.2941768,1.3123142,0.0,0.0,1.0430219,0.0,0.9400404,0.8237004,0.99961793,1.1840483,0.0,0.0,0.41405064
1.090961,0.99222153,0.0,1.134528,0.0,1.242327,1.3341407,1.2626789,0.0,0.0,0.0,1.4083202,0.0,0.0,0.0,1.1689748,0.0,1.5117224,1.2613192,0.0,0.0,1.2271518,0.9442022,0.0,1.2513816,0.0,0.0,0.0,0.0,1.0031683,1.08142,0.0
1.4561783,1.8034412,0.0,1.6612809,0.0,1.4648701,1.595681,1.3901936,0.0,0.0,0.0,1.3985598,0.0,0.0,0.0,1.472088,0.0,1.380324,1.4835005,0.0,0.0,1.3572133,1.0863544,0.0,1.5959599,0.0,0.0,0.0,0.0,1.5235978,1.3527493,0.0
0.9786595,0.870261,0.0,0.90517306,0.0,1.2294012,1.2189645,1.1583229,0.0,0.0,0.0,1.2959243,0.0,0.0,0.0,1.050289,0.0,1.4917423,1.1519581,0.0,0.0,1.115929,0.96464,0.0,1.1300483,0.0,0.0,0.0,0.0,0.9552949,1.0137181,0.0
0.0,0.0,0.35392082,0.04306549,0.062472183,0.0,0.0,0.012172494,0.119491175,0.11593594,0.32942426,0.0,0.34833592,0.29928735,0.24235117,0.0,0.51543546,0.0,0.0,0.365185,0.36297145,0.0,0.0,0.26297864,0.0,0.0640392,0.34694687,0.27570164,0.18573579,0.0,0.0,0.23424238
0.0,0.0,1.0697947,0.0,0.49822646,0.0,0.0,0.0,0.8667787,0.773179,0.9651775,0.0,1.0442951,0.8666986,0.7752562,0.0,1.2397091,0.0,0.0,0.96413004,0.8487592,0.0,0.0,0.8801256,0.0,0.8838684,0.90409434,0.7434474,0.8034241,0.0,0.0,0.7282539
1.4320421,1.6909091,0.0,1.4892138,0.0,1.4214222,1.4238292,1.2606876,0.0,0.0,0.0,1.260765,0.0,0.0,0.0,1.3669289,0.0,1.3661191,1.3502455,0.0,0.0,1.1843777,1.097963,0.0,1.4867944,0.0,0.0,0.0,0.0,1.4527045,1.3475783,0.0
1.2035173,1.2630782,0.0,1.1033117,0.0,1.0625311,1.1719296,1.1275537,0.0,0.0,0.0,1.2418076,0.0,0.0,0.0,1.2887455,0.0,1.4110423,1.4085437,0.0,0.0,1.329407,1.2784885,0.0,1.6194162,0.0,0.0,0.0,0.0,1.2445848,1.1959134,0.0
0.9937402,1.0964932,0.0,0.81555223,0.0,0.65869963,0.94779384,1.131486,0.0,0.0,0.0,1.1886947,0.0,0.0,0.0,0.92670035,0.0,1.2630426,1.0469544,0.0,0.0,1.0361745,0.90550923,0.0,1.075744,0.0,0.0,0.0,0.0,0.8888924,1.0122012,0.0
0.0,0.0,0.76273584,0.0,0.4370398,0.0,0.0,0.0,0.5663578,0.4638544,0.62800336,0.0,0.59998804,0.54844177,0.8090966,0.0,0.67930865,0.0,0.0,0.65486664,0.8520045,0.0,0.0,0.5849267,0.0,0.44444132,0.6959737,0.7219349,0.58875304,0.0,0.0,0.22956176
0.0,0.0,0.91909623,0.0,0.31251317,0.0,0.0,0.0,0.71899396,0.5343656,0.8861374,0.0,0.9900629,0.8520893,0.6584878,0.0,1.2469997,0.0,0.0,0.9061192,0.7130068,0.0,0.0,0.69992,0.0,0.6897958,0.8160882,0.660763,0.66820735,0.0,0.0,0.6828927
0.04729305,0.00080060214,0.044376343,0.35053366,0.0,0.12322608,0.2813592,0.20833443,0.0,0.0,0.12754488,0.10533132,0.10302922,0.01848898,0.0,0.32284993,0.07515159,0.0,0.21208751,0.042427704,0.045165982,0.05725304,0.073165536,0.0,0.29179448,0.0,0.09108189,0.0,0.0,0.26680085,0.024080917,0.06420627
0.34504914,0.36940008,0.0,0.49988618,0.0,0.36712807,0.4931836,0.6164384,0.0,0.0,0.0,0.3918202,0.0,0.0,0.0,0.59375477,0.0,0.21220157,0.44805843,0.0,0.0,0.18108198,0.2934605,0.0,0.48984098,0.0,0.0,0.0,0.0,0.34413972,0.20790003,0.0
0.2655691,0.5455056,0.0,0.3955894,0.0,0.510112,0.47092587,0.44955468,0.0,0.0,0.0,0.5637043,0.0,0.0,0.0,0.5402191,0.0076838434,0.4122951,0.4552016,0.057486866,0.0051332414,0.41442832,0.37585297,0.0,0.56135756,0.0,0.0,0.0,0.0,0.51639736,0.31715092,0.0
0.8474667,0.7427047,0.0,0.6619618,0.0,1.1026062,1.0781419,1.0840354,0.0,0.0,0.0,1.1259557,0.0,0.0,0.0,0.92278606,0.0,1.3983488,1.0089827,0.0,0.0,1.0264332,0.9141748,0.0,1.0435739,0.0,0.0,0.0,0.0,0.8022935,0.96293044,0.0
0.69715375,1.0577086,0.0,0.8988101,0.0,0.33580238,1.2369938,0.0,0.0,0.0,0.0,1.1953768,0.0,0.0,0.0,1.3354412,0.0,0.9437994,1.3338901,0.0,0.0,1.0053984,0.7875869,0.0,0.91036505,0.0,0.0,0.0,0.0,1.1432604,1.3029927,0.0
0.7528585,1.2871797,0.0,1.1653227,0.0,0.41101298,1.2656578,0.0,0.0,0.0,0.0,1.2269821,0.0,0.0,0.0,1.2801297,0.0,0.94912034,1.2990898,0.0,0.0,1.1393671,0.7709508,0.0,1.0289673,0.0,0.0,0.0,0.0,1.2499723,1.2593832,0.0
0.5154045,0.6565806,0.0,0.78431225,0.0,0.71649903,0.84219146,0.6754182,0.0,0.0,0.0,0.791702,0.0,0.0,0.0,0.8252553,0.0,0.59585893,0.7905214,0.0,0.0,0.668253,0.56215596,0.0,0.8602157,0.0,0.0,0.0,0.0,0.75313246,0.4952809,0.0
0.38210058,0.45072532,0.0,0.6497062,0.0,0.5533179,0.6661406,0.5756013,0.0,0.0,0.0,0.619697,0.0,0.0,0.0,0.63907623,0.0,0.369095,0.5900145,0.0,0.0,0.4804001,0.44826534,0.0,0.6268592,0.0,0.0,0.0,0.0,0.61311185,0.34742865,0.0
0.0,0.0,0.8706976,0.0,0.30148453,0.0,0.0,0.0,0.6193664,0.34402266,0.77178866,0.0,0.8726277,0.5775051,0.77217484,0.0,1.1010561,0.0,0.0,0.85029346,0.7058647,0.0,0.0,0.622267,0.0,0.5584966,0.84203273,0.86115843,0.65394944,0.0,0.0,0.33922872
0.41706336,0.6146029,0.0,0.63129497,0.0,0.68237096,0.74275374,0.5918088,0.0,0.0,0.0,0.7876468,0.0,0.0,0.0,0.5797403,0.0,0.51933044,0.85497755,0.0,0.0,0.64298224,0.6214441,0.0,0.60362697,0.0,0.0,0.0,0.0,0.7304026,0.4036585,0.0
0.7162368,0.85754967,0.0,0.932988,0.0,0.81468016,1.0150193,0.86014587,0.0,0.0,0.0,1.008608,0.0,0.0,0.0,0.99961466,0.0,0.78616184,0.97500974,0.0,0.0,0.833431,0.7974709,0.0,1.0661775,0.0,0.0,0.0,0.0,0.94944894,0.72734565,0.0
1.0886291,1.3243561,0.0,1.0966675,0.0,1.2505373,1.3179408,1.2305837,0.0,0.0,0.0,1.3688178,0.0,0.0,0.0,1.3712673,0.0,1.6612407,1.3072859,0.0,0.0,1.3548789,1.3091458,0.0,1.5019338,0.0,0.0,0.0,0.0,1.3002324,1.3211018,0.0
1.2514274,1.5490288,0.0,1.384196,0.0,1.2716955,1.4123296,1.388834,0.0,0.0,0.0,1.4168682,0.0,0.0,0.0,1.4416087,0.0,1.5483919,1.4464493,0.0,0.0,1.4639335,1.2988361,0.0,1.586365,0.0,0.0,0.0,0.0,1.3526604,1.410932,0.0
1.1859914,1.3282291,0.0,1.1948111,0.0,1.0714295,1.343741,1.376613,0.0,0.0,0.0,1.4246192,0.0,0.0,0.0,1.3502558,0.0,1.5647242,1.3208971,0.0,0.0,1.2752603,1.1643442,0.0,1.4474362,0.0,0.0,0.0,0.0,1.2211585,1.316269,0.0
0.3942296,0.7045604,0.0,0.7586191,0.0,0.51158905,0.6330742,0.54826474,0.0,0.0,0.0,0.6549998,0.0,0.0,0.0,0.5962581,0.0,0.48893854,0.772517,0.0,0.0,0.7516006,0.74936676,0.0,0.74625736,0.0,0.0,0.0,0.0,0.80786866,0.49534324,0.0
0.0,0.0,0.56881154,0.0,0.15700042,0.0,0.0,0.0,0.2947619,0.15973492,0.5934528,0.0,0.49137187,0.5423338,0.38047493,0.0,0.60475385,0.0,0.0,0.5163677,0.4605305,0.0,0.0,0.28611714,0.0,0.2494249,0.5054723,0.42440152,0.29423705,0.0,0.0,0.311606
0.7459789,0.8533773,0.0,0.8131948,0.0,1.1369501,1.3711067,0.43521762,0.0,0.0,0.0,1.0772204,0.0,0.0,0.0,0.8935368,0.0,0.6479693,1.0732924,0.0,0.0,1.0004656,0.8966999,0.0,1.0075197,0.0,0.0,0.0,0.0,1.3754706,0.800934,0.0
0.0,0.0,0.8551018,0.0,0.42374682,0.0,0.0,0.0,0.31534964,1.2829378,0.78784674,0.0,1.4600831,0.9050495,0.5122995,0.0,0.60163575,0.0,0.0,0.86253685,0.97216916,0.0,0.0,0.0,0.0,1.4044342,1.3604196,0.7060269,0.8867018,0.0,0.0,1.4768733
0.053640623,0.07353085,0.195807,0.29266292,0.0,0.0,0.2108973,0.21931681,0.0,0.0,0.36176512,0.16657618,0.23633277,0.09944866,0.055287316,0.30665648,0.212662,0.0,0.011976711,0.17120773,0.030434586,0.0,0.05683335,0.0,0.37603682,0.0,0.16935065,0.020375155,0.002725333,0.31418034,0.0,0.14000547
1.3397782,1.4534739,0.0,1.3190442,0.0,1.1707383,1.3523524,1.3569068,0.0,0.0,0.0,1.5067395,0.0,0.0,0.0,1.4432812,0.0,1.5958121,1.3927906,0.0,0.0,1.3630552,1.2815912,0.0,1.5910815,0.0,0.0,0.0,0.0,1.2763109,1.4538026,0.0
1.348296,1.5223756,0.0,1.2965837,0.0,1.3643056,1.3997109,1.3664825,0.0,0.0,0.0,1.5316596,0.0,0.0,0.0,1.52796,0.0,1.7218913,1.4646299,0.0,0.0,1.5229741,1.3571575,0.0,1.7339801,0.0,0.0,0.0,0.0,1.3378903,1.425536,0.0
1.0160953,1.389626,0.0,1.1123307,0.0,1.2786313,1.3413606,1.1560389,0.0,0.0,0.0,1.4647657,0.0,0.0,0.0,1.4150599,0.0,1.63594,1.3277907,0.0,0.0,1.4521251,1.4173576,0.0,1.5243447,0.0,0.0,0.0,0.0,1.3222725,1.3166713,0.0
0.25286442,1.0601617,0.0,0.6537883,0.0,0.54396856,0.93220913,0.21932085,0.0,0.0,0.0,0.73587537,0.0,0.0,0.0,0.6159872,0.0,0.0986488,0.8852791,0.0,0.0,0.6228451,0.78444576,0.0,0.39135426,0.0,0.0,0.13956895,0.0,1.0050457,0.5841288,0.0
0.0,0.09972767,0.42898625,0.15450327,0.0,0.0,0.36138535,0.0,0.51075655,0.32081392,0.86726135,0.030167151,0.39081198,0.49753913,0.53286564,0.1412323,0.62537545,0.0,0.31122443,0.874141,0.47404096,0.096308835,0.0,0.7214856,0.0,0.44544095,0.28960517,0.3549015,0.7103204,0.07086289,0.04097885,0.09359584
1.0856469,0.7827978,0.0,0.95630467,0.0,0.9498337,1.1528627,1.1274784,0.0,0.0,0.0,1.1740664,0.0,0.0,0.0,1.4758189,0.0,1.0682826,1.2257445,0.0,0.0,1.1135105,1.1076716,0.0,1.2422311,0.0,0.0,0.0,0.0,1.1393653,0.8152035,0.0
0.9751608,1.0933044,0.0,0.78882444,0.0,0.8997529,1.0595592,1.148294,0.0,0.0,0.0,1.1056582,0.0,0.0,0.0,1.1581593,0.0,1.399844,1.073843,0.0,0.0,1.0185121,1.1155282,0.0,1.2033067,0.0,0.0,0.0,0.0,1.0304396,1.1953317,0.0
0.5115933,0.763597,0.0,0.8358532,0.0,0.8375018,0.9066944,0.70169204,0.0,0.0,0.0,0.7272967,0.0,0.0,0.0,0.6953712,0.0,0.47802767,0.744125,0.0,0.0,0.75212,0.68778646,0.0,0.86421627,0.0,0.0,0.0,0.0,0.9336402,0.4951371,0.0
1.1203656,1.4297943,0.0,1.0999595,0.0,1.0347679,1.1617911,0.9605645,0.0,0.0,0.0,1.2912562,0.0,0.0,0.0,1.1792452,0.0,1.4819,1.2575959,0.0,0.0,1.3937777,1.1001539,0.0,1.5276644,0.0,0.0,0.0,0.0,1.1048739,1.1858054,0.0
1.1992341,1.3875866,0.0,1.1932695,0.0,1.2020493,1.3651165,1.1299083,0.0,0.0,0.0,1.5362068,0.0,0.0,0.0,1.3532298,0.0,1.6012851,1.4950777,0.0,0.0,1.4328847,1.2762948,0.0,1.6012954,0.0,0.0,0.0,0.0,1.2641213,1.3851309,0.0
0.8529151,0.9421369,0.0,1.071806,0.0,0.9183288,1.1303362,0.893741,0.0,0.0,0.0,1.1363233,0.0,0.0,0.0,1.0597367,0.0,0.92046714,1.0610697,0.0,0.0,1.0414244,0.8740268,0.0,1.3009764,0.0,0.0,0.0,0.0,1.0667334,0.7843099,0.0
0.2880354,0.48905924,0.0,0.57075894,0.0,0.4200887,0.5935764,0.49526638,0.0,0.0,0.0,0.49097592,0.0,0.0,0.0,0.595922,0.0,0.38519192,0.51456827,0.0,0.0,0.41697887,0.62307286,0.0,0.63350147,0.0,0.0,0.0,0.0,0.7001548,0.21488558,0.0
1.2687252,1.5051135,0.0,1.3653586,0.0,1.042879,1.2363957,1.2557119,0.0,0.0,0.0,1.3351176,0.0,0.0,0.0,1.4270967,0.0,1.4400743,1.4298304,0.0,0.0,1.2623441,1.2057706,0.0,1.5861943,0.0,0.0,0.0,0.0,1.4004658,1.1966854,0.0
1.2569093,1.5370038,0.0,1.3592975,0.0,1.1336833,1.2522035,1.227489,0.0,0.0,0.0,1.3243941,0.0,0.0,0.0,1.4576806,0.0,1.4817804,1.4499484,0.0,0.0,1.3316382,1.2578037,0.0,1.6406959,0.0,0.0,0.0,0.0,1.4430505,1.1883967,0.0
1.3437136,1.4776065,0.0,1.3837391,0.0,0.90735596,1.2496588,1.3976724,0.0,0.0,0.0,1.3994077,0.0,0.0,0.0,1.3689603,0.0,1.3689705,1.3950688,0.0,0.0,1.1689835,1.1422385,0.0,1.4951309,0.0,0.0,0.0,0.0,1.3220762,1.2317746,0.0
0.0,0.0,0.81452036,0.0,0.5392953,0.0,0.0,0.0,0.8476548,0.88339514,0.7505502,0.0,0.83482075,0.8626686,0.69546795,0.0,0.84948903,0.0,0.0,0.95078236,0.7354947,0.0,0.0,0.8734308,0.0,0.54608995,0.66634154,0.8021255,0.80495006,0.0,0.0,0.6446198
0.22009164,0.26776809,0.0,0.47164136,0.0,0.34400755,0.36108744,0.40057492,0.0,0.0,0.0,0.27278018,0.0,0.0,0.0,0.39935064,0.0,0.24352325,0.4218529,0.0,0.0,0.23105444,0.27884048,0.0,0.4131487,0.0,0.0,0.0,0.0,0.40048498,0.10827589,0.0
0.84967375,1.2108486,0.0,0.7105939,0.0,0.8108738,0.8782289,0.9022044,0.0,0.0,0.0,0.99555236,0.0,0.0,0.0,0.899052,0.0,0.9138352,1.0064791,0.0,0.0,0.7105919,0.7074199,0.0,0.8274857,0.0,0.0,0.0,0.0,0.9241364,0.83537215,0.0
1.3256098,1.5458814,0.0,1.4762356,0.0,1.210831,1.449876,1.1798826,0.0,0.0,0.0,1.3445176,0.0,0.0,0.0,1.5486104,0.0,1.5282156,1.4822009,0.0,0.0,1.4742497,1.323914,0.0,1.8001134,0.0,0.0,0.0,0.0,1.4224848,1.2480501,0.0
1.1212875,1.4041201,0.0,1.0447013,0.0,0.8185355,1.1496277,1.1483008,0.0,0.0,0.0,1.2934104,0.0,0.0,0.0,1.3525836,0.0,1.3484892,1.1897166,0.0,0.0,0.9488998,0.9328438,0.0,1.1994953,0.0,0.0,0.0,0.0,1.0736457,1.2080556,0.0
0.0,0.0,0.2645216,0.028056022,0.0072936974,0.040242728,0.037602335,0.20540059,0.09902965,0.20780739,0.24226567,0.009842426,0.18832913,0.1480869,0.21835501,0.074435234,0.27472448,0.0,0.0,0.2551126,0.30012003,0.0,0.0,0.2555225,0.0027882159,0.053349644,0.2739439,0.23114085,0.18938641,0.0,0.0,0.01850532
0.5152571,0.90310764,0.0,0.65717536,0.0,0.41054368,0.8818306,0.6407716,0.0,0.0,0.0,0.6802931,0.0,0.0,0.0,1.0173393,0.0,0.6217198,0.4088751,0.0,0.0,0.47887352,1.0391749,0.0,0.6520281,0.0,0.0,0.0,0.0,0.98324794,0.5658223,0.0
0.0,0.0,1.3485597,0.0,1.051291,0.0,0.0,0.0,1.3294832,1.132877,1.2989281,0.0,1.2402797,0.7918861,1.3682616,0.0,1.0310129,0.0,0.0,1.1191,1.3574587,0.0,0.0,1.8098413,0.0,1.2805055,1.4739914,1.6203387,1.1167467,0.0,0.0,0.9348986
1.3025424,1.5906916,0.0,1.4696611,0.0,1.3105469,1.5215441,1.3060528,0.0,0.0,0.0,1.567897,0.0,0.0,0.0,1.5796883,0.0,1.7265,1.5816071,0.0,0.0,1.5588355,1.3587632,0.0,1.7497929,0.0,0.0,0.0,0.0,1.39959,1.5102376,0.0
0.79889387,0.88047886,0.0,1.0017852,0.0,0.998863,0.99861455,0.79822415,0.0,0.0,0.0,0.99713546,0.0,0.0,0.0,0.80266345,0.0,0.81625444,0.94267595,0.0,0.0,0.9889753,0.84667647,0.0,1.1153593,0.0,0.0,0.0,0.0,1.0639625,0.6497374,0.0
1.2080112,1.5642912,0.0,1.3648169,0.0,1.3042512,1.4571532,1.2319511,0.0,0.0,0.0,1.5096151,0.0,0.0,0.0,1.5438977,0.0,1.7161489,1.517939,0.0,0.0,1.531418,1.3492042,0.0,1.717624,0.0,0.0,0.0,0.0,1.3858911,1.4229547,0.0
1.2474942,1.3657664,0.0,1.2451428,0.0,1.0572237,1.3618422,1.2276107,0.0,0.0,0.0,1.4669785,0.0,0.0,0.0,1.4305286,0.0,1.58043,1.4085765,0.0,0.0,1.2205617,1.2507215,0.0,1.47249,0.0,0.0,0.0,0.0,1.264288,1.4743854,0.0
1.0369157,1.3167119,0.0,1.0143789,0.0,0.8919136,0.90505296,1.1580113,0.0,0.0,0.0,1.0684229,0.0,0.0,0.0,1.0925494,0.0,1.426879,1.1724576,0.0,0.0,1.151532,1.0915637,0.0,1.4347694,0.0,0.0,0.0,0.0,1.212423,0.88423926,0.0
0.9928589,1.159055,0.0,0.75338763,0.0,0.75900006,0.7982325,1.1850613,0.0,0.0,0.0,0.9231063,0.0,0.0,0.0,1.0121634,0.0,1.3308123,1.0576884,0.0,0.0,1.0369697,1.018833,0.0,1.2985988,0.0,0.0,0.0,0.0,1.0012448,0.858719,0.0
1.1205142,1.3620956,0.0,1.0754824,0.0,0.8365404,0.8799131,1.2259022,0.0,0.0,0.0,1.0677396,0.0,0.0,0.0,1.0611328,0.0,1.3822501,1.176627,0.0,0.0,1.1322436,1.0468929,0.0,1.4323936,0.0,0.0,0.0,0.0,1.1756135,0.9065064,0.0
0.47763282,0.61153704,0.0,0.69537497,0.0,0.6289226,0.67170477,0.64966977,0.0,0.0,0.0,0.6265286,0.0,0.0,0.0,0.6761645,0.0,0.48216888,0.71677905,0.0,0.0,0.5117026,0.4737193,0.0,0.67577195,0.0,0.0,0.0,0.0,0.6379823,0.40094504,0.0
0.20565623,0.3300668,0.03166852,0.45764875,0.0,0.29506332,0.474612,0.34965375,0.0,0.0,0.0,0.36998254,0.0,0.0,0.0,0.45816606,0.0,0.1576664,0.3717634,0.0,0.0,0.29280195,0.26444656,0.0,0.50350755,0.0,0.0,0.0,0.0,0.5045849,0.078017786,0.0
0.12973155,0.23672149,0.0,0.067802794,0.0,0.33771494,0.551668,0.21524525,0.0,0.0,0.0,0.2572105,0.0,0.0,0.0,0.25062004,0.0,0.0,0.564014,0.0,0.0,0.50292736,0.26037934,0.0,0.15616548,0.0,0.0,0.0,0.047221802,0.4712765,0.11104408,0.0
0.24927506,0.21200427,0.05509729,0.16776358,0.0,0.16833527,0.4036836,0.15953386,0.0,0.0,0.1517061,0.25839573,0.0,0.0,0.0,0.41001016,0.0,0.0,0.0,0.0,0.03164056,0.0,0.023328263,0.0,0.22870651,0.0,0.05326672,0.017208502,0.0,0.36416602,0.011764675,0.0
0.90354043,1.3417525,0.0,1.0983014,0.0,1.1887617,1.2234428,1.0239476,0.0,0.0,0.0,1.3133631,0.0,0.0,0.0,1.2060858,0.0,1.5997016,1.1610831,0.0,0.0,1.3453516,1.1851196,0.0,1.4050554,0.0,0.0,0.0,0.0,1.223051,1.2697403,0.0
1.1636225,1.5298007,0.0,1.3687619,0.0,1.4054582,1.4499388,1.2530177,0.0,0.0,0.0,1.4552481,0.0,0.0,0.0,1.386903,0.0,1.6648616,1.4219228,0.0,0.0,1.5802255,1.2990682,0.0,1.5993989,0.0,0.0,0.0,0.0,1.3731937,1.4760046,0.0
0.3266685,0.25590363,0.0,0.44620922,0.0,0.26453087,0.43750936,0.5429412,0.0,0.0,0.0,0.36413693,0.0,0.0,0.0,0.55710703,0.0,0.14658411,0.31613082,0.0,0.0,0.099341646,0.1772276,0.0,0.468468,0.0,0.0,0.0,0.0,0.30661955,0.13573165,0.0
1.4355688,1.668328,0.0,1.5997281,0.0,1.2689437,1.6169901,1.3814275,0.0,0.0,0.0,1.6119193,0.0,0.0,0.0,1.7154378,0.0,1.7049311,1.6291853,0.0,0.0,1.5543189,1.4473721,0.0,1.8181769,0.0,0.0,0.0,0.0,1.5149987,1.6170161,0.0
1.4005765,1.5989423,0.0,1.5549314,0.0,1.2472268,1.6034786,1.3181621,0.0,0.0,0.0,1.5988642,0.0,0.0,0.0,1.7143981,0.0,1.7109836,1.616924,0.0,0.0,1.5195935,1.4548383,0.0,1.7956874,0.0,0.0,0.0,0.0,1.51551,1.6126161,0.0
0.34071386,0.35852122,0.03564722,0.45347142,0.0,0.20886251,0.3289987,0.23130055,0.0,0.0,0.0,0.24918461,0.0,0.10790552,0.0,0.43744177,0.0,0.26482072,0.22375217,0.006569475,0.0,0.15672389,0.17942607,0.0,0.59034,0.0,0.0,0.0,0.0,0.39987108,0.1006232,0.0
1.1488272,1.4193782,0.0,1.226558,0.0,1.0154816,1.1982945,1.1799145,0.0,0.0,0.0,1.3200755,0.0,0.0,0.0,1.3963004,0.0,1.4673332,1.3063853,0.0,0.0,1.3972336,1.3523104,0.0,1.583337,0.0,0.0,0.0,0.0,1.4014692,1.1455528,0.0
1.1780475,1.4246788,0.0,1.2690203,0.0,0.8628155,1.1718212,1.2541252,0.0,0.0,0.0,1.3459412,0.0,0.0,0.0,1.3414805,0.0,1.3757441,1.2615626,0.0,0.0,1.3062071,1.2786925,0.0,1.4989866,0.0,0.0,0.0,0.0,1.3146955,1.168385,0.0
1.135325,1.3311404,0.0,1.1304797,0.0,1.2493882,1.218495,1.032379,0.0,0.0,0.0,1.1168156,0.0,0.0,0.0,1.0986583,0.0,1.1774806,1.2587643,0.0,0.0,1.1979091,1.0648785,0.0,1.4053105,0.0,0.0,0.0,0.0,1.2267965,0.93526244,0.0
1.0264838,1.2624136,0.0,0.93091744,0.0,0.8446353,0.9940748,1.1221457,0.0,0.0,0.0,1.2288345,0.0,0.0,0.0,1.2825906,0.0,1.4271188,1.1282419,0.0,0.0,1.1621628,1.1805658,0.0,1.4023825,0.0,0.0,0.0,0.0,1.1885786,0.96893495,0.0
1.092976,1.438483,0.0,1.1895478,0.0,0.9639904,0.84923625,1.1721238,0.0,0.0,0.0,1.0679888,0.0,0.0,0.0,1.015531,0.0,1.4002669,1.2997154,0.0,0.0,1.1549349,0.96670365,0.0,1.4958265,0.0,0.0,0.0,0.0,1.1940958,0.8705452,0.0
1.0304413,1.226184,0.0,0.9720719,0.0,0.7669412,0.7562414,1.1395261,0.0,0.0,0.0,0.9312517,0.0,0.0,0.0,0.8916189,0.0,1.2431145,1.1780208,0.0,0.0,0.94822437,0.92698205,0.0,1.261792,0.0,0.0,0.0,0.0,1.0486978,0.8812048,0.0
1.0558146,1.3802769,0.0,1.1118699,0.0,0.9823626,0.87385356,1.1592854,0.0,0.0,0.0,1.0490663,0.0,0.0,0.0,1.0018398,0.0,1.3989834,1.3036803,0.0,0.0,1.1520764,1.0046998,0.0,1.455245,0.0,0.0,0.0,0.0,1.2006534,0.86618274,0.0
1.2558674,1.4482818,0.0,1.2583742,0.0,0.85993516,1.0517443,1.3100678,0.0,0.0,0.0,1.2171941,0.0,0.0,0.0,1.3203943,0.0,1.2709647,1.3125529,0.0,0.0,1.1635764,1.1172214,0.0,1.532393,0.0,0.0,0.0,0.0,1.3078245,0.93404907,0.0
1.1600759,1.3222109,0.0,1.1030151,0.0,0.7525706,1.0490885,1.2534245,0.0,0.0,0.0,1.264512,0.0,0.0,0.0,1.3361617,0.0,1.2206957,1.2547069,0.0,0.0,1.0011907,1.181854,0.0,1.3340726,0.0,0.0,0.0,0.0,1.2586168,1.0159848,0.0
0.45083416,0.41491023,0.0,0.59802693,0.0,0.29963577,0.51549655,0.4531621,0.0,0.0,0.0,0.5316762,0.0,0.0,0.0,0.60617185,0.0,0.21477939,0.32729724,0.0,0.0,0.26923954,0.43384045,0.0,0.78816783,0.0,0.0,0.0,0.0,0.6288065,0.29581723,0.0
1.3085686,1.441948,0.0,1.3483281,0.0,1.2315766,1.4200726,1.3917664,0.0,0.0,0.0,1.4467028,0.0,0.0,0.0,1.3398511,0.0,1.5854502,1.3383485,0.0,0.0,1.3697369,1.1755265,0.0,1.4837047,0.0,0.0,0.0,0.0,1.250701,1.46843,0.0
1.0722432,1.3036573,0.0,1.1498754,0.0,1.1259161,1.2971957,1.202512,0.0,0.0,0.0,1.395829,0.0,0.0,0.0,1.2462306,0.0,1.6038814,1.2215352,0.0,0.0,1.303041,1.1115777,0.0,1.390089,0.0,0.0,0.0,0.0,1.165915,1.3289578,0.0
0.8869208,1.2603967,0.0,0.9678087,0.0,1.176318,1.2508261,1.1024953,0.0,0.0,0.0,1.2966521,0.0,0.0,0.0,1.1982112,0.0,1.5710367,1.1776448,0.0,0.0,1.349215,1.167881,0.0,1.358084,0.0,0.0,0.0,0.0,1.1671095,1.2687037,0.0
0.0,0.0,0.3751033,0.0,0.0,0.0,0.0,0.0,0.4427715,0.3900808,0.8081356,0.0,0.5419794,0.4277844,0.513659,0.0,0.76811385,0.0,0.0,0.72219825,0.5614677,0.0,0.0,0.8374615,0.0,0.52100426,0.4067452,0.4251526,0.5011932,0.0,0.054256592,0.22285852
1.0441241,1.3838887,0.0,1.05556,0.0,1.2287055,1.2833675,1.1202956,0.0,0.0,0.0,1.3894075,0.0,0.0,0.0,1.3473914,0.0,1.6690625,1.2624489,0.0,0.0,1.4299817,1.2855519,0.0,1.551186,0.0,0.0,0.0,0.0,1.2197424,1.2221131,0.0
1.0922487,1.3752526,0.0,1.0840768,0.0,1.1120656,1.2732444,1.2173451,0.0,0.0,0.0,1.4141653,0.0,0.0,0.0,1.3015108,0.0,1.6024047,1.2689251,0.0,0.0,1.3646387,1.1847169,0.0,1.4875319,0.0,0.0,0.0,0.0,1.1403421,1.2233189,0.0
1.1085755,1.2401366,0.0,0.9975595,0.0,1.0274154,1.225506,1.1685648,0.0,0.0,0.0,1.352462,0.0,0.0,0.0,1.2513392,0.0,1.5592414,1.21316,0.0,0.0,1.2503916,1.1694131,0.0,1.3935729,0.0,0.0,0.0,0.0,1.0988014,1.262535,0.0
1.3184085,1.4278709,0.0,1.3053083,0.0,1.1298251,1.300504,1.4473642,0.0,0.0,0.0,1.3410474,0.0,0.0,0.0,1.4634783,0.0,1.4512798,1.4631929,0.0,0.0,1.2337563,1.2565553,0.0,1.464454,0.0,0.0,0.0,0.0,1.369465,1.2945786,0.0
1.2995362,1.4993966,0.0,1.4104059,0.0,1.0593613,1.3356279,1.4975328,0.0,0.0,0.0,1.3642671,0.0,0.0,0.0,1.4847605,0.0,1.3434523,1.492354,0.0,0.0,1.2436787,1.1948686,0.0,1.4319847,0.0,0.0,0.0,0.0,1.3586398,1.2533562,0.0
1.4296669,1.2641766,0.0,1.212396,0.0,0.87690574,1.1761494,1.4863881,0.0,0.0,0.0,1.2479218,0.0,0.0,0.0,1.3973671,0.0,1.3402268,1.3426822,0.0,0.0,0.96448535,1.1059842,0.0,1.3180073,0.0,0.0,0.0,0.0,1.2027931,1.298902,0.0
1.2019504,1.5202154,0.0,1.2183781,0.0,1.1587777,1.2390875,1.3029199,0.0,0.0,0.0,1.1673864,0.0,0.0,0.0,1.3394332,0.0,1.349648,1.3158108,0.0,0.0,1.2473319,1.4714915,0.0,1.4929729,0.0,0.0,0.0,0.0,1.5272235,1.3001863,0.0
0.0,0.0,1.4769497,0.0,0.67018473,0.0,0.0,0.0,1.688101,3.043023,2.2838109,0.0,2.1693919,1.9984634,1.2362713,0.0,1.9485694,0.0,0.0,1.2932802,1.2034638,0.0,0.0,1.0214769,0.0,1.9946285,2.988733,2.5803437,1.2581434,0.0,0.0,3.3145416
0.6180909,0.8240404,0.0,0.86862534,0.0,0.8402345,0.95660347,0.710045,0.0,0.0,0.0,0.9445073,0.0,0.0,0.0,0.9682995,0.0,0.84900767,0.9383905,0.0,0.0,0.8942011,0.8665434,0.0,1.0591636,0.0,0.0,0.0,0.0,0.926805,0.71188766,0.0
1.1241919,1.1053159,0.0,0.953587,0.0,1.1936134,0.9274923,1.0148515,0.0,0.0,0.0,1.1107602,0.0,0.0,0.0,1.0955917,0.0,1.3531902,1.1103697,0.0,0.0,1.18969,1.1147825,0.0,1.3855361,0.0,0.0,0.0,0.0,1.0261625,0.98990184,0.0
0.0,0.0,1.1852453,0.0,1.0132146,0.0,0.0,0.0,1.2880324,0.9795496,1.1115506,0.0,1.0947105,1.2691331,1.5246946,0.0,0.850096,0.0,0.0,0.6664054,0.9306778,0.0,0.0,0.94923055,0.0,1.0012194,1.6771556,2.207216,1.2711887,0.0,0.0,1.4457599
0.0,0.0,0.4344746,0.0,0.18629842,0.0,0.0,0.0,0.123422,0.69914234,0.7022035,0.0,1.009132,0.7668812,0.39950728,0.0,0.58007556,0.0,0.0,0.5151892,0.562957,0.0,0.0,0.0,0.0,0.75031286,0.8630225,0.59890705,0.71039116,0.0,0.0,1.1401058
0.0,0.0,0.7998409,0.0,0.26731583,0.0,0.0,0.0,0.4486555,1.1151415,0.9145359,0.0,1.4604872,1.2174762,0.48666745,0.0,0.89616436,0.0,0.0,0.81226206,0.7385793,0.0,0.0,0.051639043,0.0,1.2074956,1.226733,0.7447934,0.9934974,0.0,0.0,1.5231202
0.8641553,1.0270312,0.0,1.127432,0.0,0.8055535,0.92135704,0.7878387,0.0,0.0,0.0,0.9930032,0.0,0.0,0.0,0.97042495,0.0,0.8173104,1.0260677,0.0,0.0,1.0384594,0.8216263,0.0,1.271649,0.0,0.0,0.0,0.0,1.0141451,0.81029457,0.0
0.0,0.0,0.999946,0.0,0.83248544,0.0,0.0,0.0,0.8278456,0.653107,0.85453606,0.0,0.8222713,0.86964005,1.236895,0.0,1.1215621,0.0,0.0,1.1758057,1.1661462,0.0,0.0,0.85282785,0.0,0.64267457,1.0937341,0.9422052,0.74455935,0.0,0.0,0.48975295
0.3094052,0.34830236,0.0,0.51776737,0.0,0.3445365,0.56615317,0.5156984,0.0,0.0,0.0,0.47518128,0.0,0.0,0.0,0.5945615,0.0,0.25963587,0.49462312,0.0,0.0,0.35747555,0.36273685,0.0,0.62190294,0.0,0.0,0.0,0.0,0.527147,0.28152847,0.0
1.3225101,1.5105453,0.0,1.3969166,0.0,1.1724684,1.4382967,1.3720524,0.0,0.0,0.0,1.4390055,0.0,0.0,0.0,1.5922284,0.0,1.6146233,1.4676787,0.0,0.0,1.4239101,1.3726721,0.0,1.6684083,0.0,0.0,0.0,0.0,1.4036568,1.3568511,0.0
1.339827,1.5473696,0.0,1.3958179,0.0,1.2004763,1.412243,1.3696293,0.0,0.0,0.0,1.4135276,0.0,0.0,0.0,1.6009943,0.0,1.63126,1.4652086,0.0,0.0,1.4447578,1.3597381,0.0,1.7130988,0.0,0.0,0.0,0.0,1.3972855,1.3333296,0.0
1.2465099,1.3311223,0.0,1.206677,0.0,0.8802936,1.2675631,1.3273224,0.0,0.0,0.0,1.3645183,0.0,0.0,0.0,1.4514612,0.0,1.4650552,1.2780548,0.0,0.0,1.0899343,1.2103351,0.0,1.3996933,0.0,0.0,0.0,0.0,1.2265726,1.298355,0.0
0.6047682,0.0,0.0,0.3099927,0.0,0.5825697,0.07097839,0.4980431,0.0,0.0,0.0,0.48200905,0.0,0.13505962,0.0,0.122339964,0.61770093,0.51877415,0.5026997,0.0,0.41215143,0.43803668,0.0,0.0,0.43407232,0.0,0.2884419,0.0,0.0,0.36748123,0.0,0.0
0.61678916,0.63868606,0.0,0.7977945,0.0,0.59931344,0.85490745,0.812806,0.0,0.0,0.0,0.8120316,0.0,0.0,0.0,0.8770131,0.0,0.58296835,0.76518244,0.0,0.0,0.64938194,0.6548997,0.0,1.0065905,0.0,0.0,0.0,0.0,0.7605613,0.5451643,0.0
0.47994196,0.5426916,0.0,0.72379863,0.0,0.5900902,0.7394784,0.63157684,0.0,0.0,0.0,0.761971,0.0,0.0,0.0,0.75342417,0.0,0.52348965,0.6866009,0.0,0.0,0.69487935,0.56284237,0.0,0.95494556,0.0,0.0,0.0,0.0,0.67179394,0.5099677,0.0
0.0,0.0,1.1314274,0.0,0.9469929,0.0,0.0,0.0,0.9172003,0.9185415,0.977268,0.0,0.91568553,1.0481313,1.1631571,0.0,1.243298,0.0,0.0,1.2068806,1.0679458,0.0,0.0,1.0497762,0.0,0.95821476,0.9379783,1.0442226,0.78826934,0.0,0.0,0.7098219
1.2229059,1.7087013,0.0,1.3777676,0.0,1.5720788,1.5200497,1.2458546,0.0,0.0,0.0,1.5294726,0.0,0.0,0.0,1.4969841,0.0,1.7860012,1.4858342,0.0,0.0,1.5877271,1.4497613,0.0,1.7156854,0.0,0.0,0.0,0.0,1.4439695,1.4861381,0.0
1.5199951,1.6540093,0.0,1.5252382,0.0,1.4206415,1.6060045,1.4673442,0.0,0.0,0.0,1.6277874,0.0,0.0,0.0,1.5966456,0.0,1.7465986,1.581971,0.0,0.0,1.4797189,1.3183722,0.0,1.7088885,0.0,0.0,0.0,0.0,1.4207644,1.5859061,0.0
1.4219563,1.5176477,0.0,1.3186895,0.0,1.2164001,1.3403162,1.300137,0.0,0.0,0.0,1.4345846,0.0,0.0,0.0,1.4388347,0.0,1.6127667,1.3370469,0.0,0.0,1.1619766,1.2205466,0.0,1.4720746,0.0,0.0,0.0,0.0,1.2427773,1.4922436,0.0
1.6219454,1.7240692,0.0,1.673938,0.0,1.407479,1.7183089,1.6158552,0.0,0.0,0.0,1.7367004,0.0,0.0,0.0,1.6679915,0.0,1.7453425,1.6586554,0.0,0.0,1.5416416,1.2740524,0.0,1.7718399,0.0,0.0,0.0,0.0,1.4291868,1.623146,0.0
0.5880898,0.6705867,0.0,0.78203696,0.0,0.5808802,0.75420254,0.7846923,0.0,0.0,0.0,0.6998169,0.0,0.0,0.0,0.8229999,0.0,0.5421959,0.7759961,0.0,0.0,0.5472892,0.60281265,0.0,0.92593145,0.0,0.0,0.0,0.0,0.7663516,0.48006046,0.0
0.94847226,0.9765816,0.0,1.1568257,0.0,0.69908494,0.92414314,0.6981216,0.0,0.0,0.0,0.85274035,0.0,0.0,0.0,0.9569211,0.0,0.6879316,0.83553445,0.0,0.0,0.73967344,0.81852734,0.0,1.2484218,0.0,0.0,0.0,0.0,1.0196968,0.7589958,0.0
1.5018647,1.7068692,0.0,1.5957012,0.0,1.2775005,1.5809712,1.3910394,0.0,0.0,0.0,1.56371,0.0,0.0,0.0,1.7366754,0.0,1.6375383,1.5431566,0.0,0.0,1.517165,1.4569451,0.0,1.8279365,0.0,0.0,0.0,0.0,1.5536127,1.5407441,0.0
1.4993778,1.6004486,0.0,1.4670393,0.0,1.2692424,1.5728257,1.370749,0.0,0.0,0.0,1.5384051,0.0,0.0,0.0,1.7145021,0.0,1.64948,1.541126,0.0,0.0,1.4687512,1.451934,0.0,1.7803782,0.0,0.0,0.0,0.0,1.5388623,1.5256654,0.0
1.4916435,1.6909854,0.0,1.5533175,0.0,1.2116632,1.5712172,1.4604797,0.0,0.0,0.0,1.5780202,0.0,0.0,0.0,1.6972735,0.0,1.6062455,1.5266329,0.0,0.0,1.4801161,1.3747419,0.0,1.7821923,0.0,0.0,0.0,0.0,1.5017161,1.4912423,0.0
1.3779919,1.552652,0.0,1.4202315,0.0,1.2156126,1.2743078,1.4664706,0.0,0.0,0.0,1.3734139,0.0,0.0,0.0,1.362671,0.0,1.5079885,1.5153159,0.0,0.0,1.3289012,1.2842058,0.0,1.5724202,0.0,0.0,0.0,0.0,1.3772271,1.3526559,0.0
1.320644,1.411391,0.0,1.1539073,0.0,1.1229676,1.1000445,1.3809057,0.0,0.0,0.0,1.2087754,0.0,0.0,0.0,1.2295971,0.0,1.4748734,1.3737639,0.0,0.0,1.1616837,1.2302825,0.0,1.4622422,0.0,0.0,0.0,0.0,1.2634512,1.2476659,0.0
1.3697236,1.4281198,0.0,1.2104311,0.0,1.0669752,1.1697842,1.4844629,0.0,0.0,0.0,1.2377361,0.0,0.0,0.0,1.3505157,0.0,1.3900796,1.3112829,0.0,0.0,0.9847211,1.1412319,0.0,1.3550315,0.0,0.0,0.0,0.0,1.2615334,1.2132057,0.0
1.1197679,1.301528,0.0,1.0228475,0.0,1.0204518,1.10301,1.3326733,0.0,0.0,0.0,1.1735963,0.0,0.0,0.0,1.178896,0.0,1.3785467,1.2998343,0.0,0.0,1.1423132,1.2104568,0.0,1.3459278,0.0,0.0,0.0,0.0,1.1810311,1.2061856,0.0
0.7323279,1.1740867,0.0,1.3706275,0.0,1.2942247,1.139683,0.9854209,0.0,0.0,0.0,1.102349,0.0,0.0,0.0,1.0124093,0.0,1.4640723,1.3542061,0.0,0.0,1.4708982,1.0076226,0.0,1.4185702,0.0,0.0,0.0,0.0,1.1205407,0.9855215,0.0
0.7096921,1.1199211,0.0,0.9439487,0.0,0.9917856,0.9008942,0.79988754,0.0,0.0,0.0,0.86659807,0.0,0.0,0.0,0.96751904,0.0,1.1317548,0.9311903,0.0,0.0,0.79028493,1.0777034,0.0,1.1012409,0.0,0.0,0.0,0.0,1.0360504,1.2394253,0.0
1.0102344,1.3771579,0.0,1.1003648,0.0,1.2196538,1.5169972,0.6423029,0.0,0.0,0.0,1.4348506,0.0,0.0,0.0,1.3831129,0.0,1.523487,1.4477994,0.0,0.0,1.6038737,1.0951291,0.0,1.4774463,0.0,0.0,0.0,0.0,1.347215,1.3450124,0.0
0.5680052,0.9603058,0.0,0.56270987,0.0,0.35119808,0.8432349,0.15706152,0.0,0.0,0.0,0.7544271,0.0,0.0,0.0,0.90405536,0.0,0.80671495,0.7310932,0.0,0.0,0.7299914,0.62792647,0.0,0.7012521,0.0,0.0,0.0,0.0,0.7408246,0.9927983,0.0
1.0491071,1.214389,0.0,1.0206285,0.0,0.9120104,1.425527,0.68966734,0.0,0.0,0.0,1.4243565,0.0,0.0,0.0,1.2662811,0.0,1.3944875,1.3416401,0.0,0.0,1.3575557,0.8832252,0.0,1.2602644,0.0,0.0,0.0,0.0,1.1718023,1.3212287,0.0
0.0,0.0,0.3902,0.0,0.42392552,0.0,0.0,0.2168892,0.621274,0.9574919,0.51828104,0.0,0.8240238,0.28855115,0.56839657,0.0,0.0,0.0,0.0,0.9586943,0.0,0.0,0.01567241,0.33181164,0.0,0.66278815,0.46381688,0.8356009,0.5468748,0.0,0.0,0.7476925
0.0,0.043380424,0.40639445,0.0,0.0,0.0,0.0,0.0,0.171716,0.23622441,0.28073454,0.0,0.43231845,0.27334332,0.011815444,0.02742019,0.31038934,0.0,0.089414686,0.39917302,0.38964298,0.0,0.0,0.3183989,0.0,0.18294603,0.27968746,0.0,0.21749341,0.012854241,0.0035795793,0.3285426
0.0,0.0,0.7199218,0.0,0.13443905,0.0,0.0,0.0,0.53128964,0.23122177,0.7897897,0.0,0.85690707,0.5514381,0.49611914,0.0,0.99431807,0.0,0.0,0.7684305,0.4129642,0.0,0.0,0.47254166,0.0,0.40684587,0.74270666,0.5250558,0.47025728,0.0,0.0,0.46207815
0.0,0.0,1.1818902,0.0,1.8243998,0.0,0.0,0.0,1.3565212,1.8208642,1.307351,0.0,1.4077419,1.4980047,1.2077733,0.0,1.3581506,0.0,0.0,1.6478544,1.4124835,0.0,0.0,1.8028848,0.0,1.4175377,0.94020116,1.6180711,1.1954477,0.0,0.0,1.3385204
0.0,0.0,0.84741485,0.0,0.948893,0.0,0.0,0.0,1.1055484,0.835036,1.1016692,0.0,0.97388124,0.69372034,0.90117836,0.0,0.5535424,0.0,0.0,0.8206548,0.80944616,0.0,0.0,0.77648824,0.0,0.8711131,0.8966574,1.1672933,1.1819203,0.0,0.0,0.92812896
1.0668926,1.5518755,0.0,1.1516532,0.0,1.1167464,1.1781223,0.98557174,0.0,0.0,0.0,0.94366086,0.0,0.0,0.0,1.1608132,0.0,1.0888116,0.996255,0.0,0.0,0.95471025,1.0931131,0.0,1.2221444,0.0,0.0,0.0,0.0,1.3004323,0.9635545,0.0
0.0,0.19626711,0.35700017,0.051988818,0.0,0.26992992,0.09186375,0.13249081,0.0,0.0,0.15250446,0.0,0.18760057,0.0,0.2742776,0.28385425,0.0,0.0,0.27978405,0.14777616,0.12603787,0.035850562,0.10342134,0.18028706,0.018491663,0.0,0.20205578,0.0,0.18984342,0.08583556,0.0,0.0
0.0,0.0,1.4282748,0.0,1.2466706,0.0,0.0,0.0,1.6971475,1.2431213,1.8321476,0.0,1.2264854,0.9528777,1.6842936,0.0,1.3306175,0.0,0.0,1.3556641,0.9711242,0.0,0.0,1.0629847,0.0,1.4953942,1.2922877,2.609024,1.9590366,0.0,0.0,1.2097894
1.2837213,1.3203379,0.0,1.2441827,0.0,1.7697527,1.5530689,1.2865752,0.0,0.0,0.0,1.84961,0.0,0.0,0.0,1.0641468,0.0,1.7724954,1.5329393,0.0,0.0,1.6943547,1.1963743,0.0,1.6113651,0.0,0.0,0.0,0.0,1.106748,1.4602256,0.0
0.0,0.0,1.6545794,0.0,0.3316849,0.0,0.0,0.0,1.6640568,1.4245088,1.365452,0.0,1.5505852,2.148522,1.4203192,0.0,0.9612849,0.0,0.0,1.4929035,0.97703904,0.0,0.0,1.3619199,0.0,1.6245695,1.3870615,1.2214596,1.6492128,0.0,0.0,1.9159276
1.110601,1.4441974,0.0,1.0330867,0.0,1.0897968,0.7832537,1.0969926,0.0,0.0,0.0,0.85405326,0.0,0.0,0.0,0.91657573,0.0,1.2589195,1.2843698,0.0,0.0,1.0449034,0.87843394,0.0,1.4303483,0.0,0.0,0.0,0.0,1.0674087,0.9172222,0.0
1.1512455,1.408072,0.0,1.0501183,0.0,1.0643266,0.817786,1.1353308,0.0,0.0,0.0,0.9063583,0.0,0.0,0.0,0.9227896,0.0,1.2350988,1.3109496,0.0,0.0,0.9915042,0.92079496,0.0,1.3788184,0.0,0.0,0.0,0.0,1.0870206,1.0121142,0.0
0.0,0.43065563,0.2832895,0.71107656,0.0,0.0,0.85840386,0.0,0.036924988,0.0,0.35299858,0.3034584,0.0,0.22458526,0.2775527,0.50156605,0.0,0.0,0.4579398,0.5535342,0.20744881,0.6695251,0.33932287,0.038329203,0.38168538,0.0,0.0,0.0,0.36583093,0.7871985,0.0,0.22385219
0.0,0.0,0.57717013,0.0,0.23539682,0.0,0.0,0.06747718,0.54979676,0.5474428,0.4018118,0.0,0.26571804,0.17343886,0.79976994,0.0,0.19554077,0.0,0.0,0.539469,0.83553654,0.0,0.0,0.5676178,0.0,0.022234794,0.7250324,0.5279191,0.5434642,0.0,0.0,0.22075911
0.0,0.0,0.8775861,0.0,0.8186352,0.0,0.0,0.0,0.90236616,0.7493932,1.0562942,0.0,0.65892917,0.0,0.7999104,0.0,0.266182,0.0,0.0,0.3228662,0.47121385,0.0,0.0,1.0649524,0.0,0.85297376,0.7773197,0.9298055,1.0807726,0.0,0.0,0.45443404
0.5043022,0.9810025,0.0,0.4825022,0.0,1.215895,0.94584066,0.73312455,0.0,0.0,0.0,1.1662536,0.0,0.0,0.0,0.53250885,0.0,1.1610428,0.9587584,0.0,0.0,1.0578711,0.9619055,0.0,0.8166163,0.0,0.0,0.0,0.0,0.7363445,1.0163141,0.0
0.98430544,1.1865474,0.0,0.9801049,0.0,1.5540535,1.3568904,1.2146473,0.0,0.0,0.0,1.7255005,0.0,0.0,0.0,0.87499905,0.0,1.5615169,1.3601276,0.0,0.0,1.4044335,1.0207297,0.0,1.1828884,0.0,0.0,0.0,0.0,0.96784866,1.2544467,0.0
0.88644475,1.0613143,0.0,0.8513783,0.0,1.0093613,0.713122,1.0039898,0.0,0.0,0.0,0.9371484,0.0,0.0,0.0,0.99654305,0.0,1.1991229,1.1231327,0.0,0.0,0.9641347,0.79279566,0.0,1.1046695,0.0,0.0,0.0,0.0,0.8053004,0.84099257,0.0
0.0,0.0,2.0235424,0.0,0.640454,0.0,0.0,0.0,1.4940772,1.7338961,1.1633967,0.0,1.5711756,1.641356,1.068906,0.0,0.0,0.0,0.0,0.8561869,0.35653245,0.0,0.0,0.090310715,0.0,2.296807,1.6921649,0.9293128,1.7055517,0.0,0.0,1.8180517
0.0,0.0,1.0542551,0.0,0.56040186,0.0,0.0,0.0,0.8746247,0.6809416,0.9944764,0.0,1.0114292,0.69988734,0.8247579,0.0,1.1346565,0.0,0.0,0.8437378,0.7037298,0.0,0.0,0.8634952,0.0,0.8369392,0.9382875,0.99848264,0.85753417,0.0,0.0,0.6773531
0.0,0.0,0.9272417,0.0,1.2087756,0.0,0.0,0.0,0.73433816,1.1777706,1.1169938,0.0,1.4452255,1.1442341,1.2892874,0.0,1.2671714,0.0,0.0,1.398831,1.3809706,0.0,0.0,0.4835676,0.0,0.99897236,1.3608629,1.8672534,1.3283912,0.0,0.0,1.9225683
0.0,0.0,0.8637986,0.0,1.099276,0.0,0.0,0.0,0.9089929,1.1335369,1.0074623,0.0,0.93254095,0.9865986,0.99676615,0.0,1.0068889,0.0,0.0,1.2594013,0.868785,0.0,0.0,0.9644329,0.0,1.0102878,0.8255159,1.3271948,0.7208492,0.0,0.0,0.7499902
0.0,0.0,1.2806548,0.0,0.7100377,0.0,0.0,0.0,1.0762664,0.9142089,0.669737,0.0,1.1121206,1.7164991,0.27392548,0.0,1.2939601,0.0,0.0,1.1874706,1.1045473,0.0,0.0,0.91517735,0.0,1.390159,0.34055996,0.04365062,1.0295058,0.0,0.0,1.0598812
0.59064925,0.7165871,0.0,0.7358328,0.0,0.6095997,0.7778383,0.811475,0.0,0.0,0.0,0.9327971,0.0,0.0,0.0,0.6447741,0.0,0.47307894,0.8386812,0.0,0.0,0.75460887,0.5097636,0.0,0.7967701,0.0,0.0,0.0,0.0,0.73691505,0.5274171,0.0
1.3332704,1.4147156,0.0,1.2621787,0.0,0.9941834,1.2474358,1.4358524,0.0,0.0,0.0,1.2467271,0.0,0.0,0.0,1.368429,0.0,1.3245213,1.3578061,0.0,0.0,1.1126865,1.0841119,0.0,1.3497883,0.0,0.0,0.0,0.0,1.2929053,1.2290922,0.0
1.1975641,1.2696385,0.0,1.0136927,0.0,0.8503559,1.0824744,1.3227836,0.0,0.0,0.0,1.043921,0.0,0.0,0.0,1.2439858,0.0,1.1978506,1.216719,0.0,0.0,0.98685557,1.0361718,0.0,1.2188349,0.0,0.0,0.0,0.0,1.1472757,1.1632743,0.0
1.3371723,1.3884763,0.0,1.1682835,0.0,1.006972,1.2293229,1.4439329,0.0,0.0,0.0,1.1751485,0.0,0.0,0.0,1.3526572,0.0,1.2749723,1.2678114,0.0,0.0,0.995419,1.1179924,0.0,1.2729857,0.0,0.0,0.0,0.0,1.2961038,1.2083373,0.0
1.1766385,1.5355927,0.0,1.2917243,0.0,1.1043948,1.2554256,1.3367925,0.0,0.0,0.0,1.2195904,0.0,0.0,0.0,1.3381981,0.0,1.3255558,1.3791033,0.0,0.0,1.2761378,1.1793748,0.0,1.4102544,0.0,0.0,0.0,0.0,1.3755778,1.1741626,0.0
1.3024749,1.4798054,0.0,1.2337834,0.0,1.1716807,1.4217212,1.2693876,0.0,0.0,0.0,1.5681618,0.0,0.0,0.0,1.4992784,0.0,1.3002402,1.5238616,0.0,0.0,1.3828145,1.1668806,0.0,1.456456,0.0,0.0,0.0,0.0,1.3056277,1.2401898,0.0
1.4702631,1.662938,0.0,1.3797764,0.0,1.2790486,1.4400617,1.298221,0.0,0.0,0.0,1.5902599,0.0,0.0,0.0,1.4275782,0.0,1.3298587,1.4151889,0.0,0.0,1.3896723,1.2886312,0.0,1.626384,0.0,0.0,0.0,0.0,1.4845539,1.3408767,0.0
0.0,0.0,0.63154924,0.0,0.07565558,0.0,0.0,0.0,0.50996137,0.354207,0.6198217,0.0,0.72399205,0.57411414,0.4757174,0.0,0.90927756,0.0,0.0,0.71942645,0.51610553,0.0,0.0,0.5638761,0.0,0.33018696,0.60078406,0.44510525,0.49523813,0.0,0.0,0.35315686
0.0,0.0,0.38015908,0.0,0.0,0.0,0.0,0.0,0.18851784,0.14943093,0.398223,0.0,0.41751492,0.10356173,0.15309975,0.0,0.22556338,0.0,0.0,0.2416729,0.16300672,0.0,0.0,0.35636815,0.0,0.01967591,0.41452187,0.2467981,0.20531993,0.0,0.0,0.35822576
0.0,0.0,0.5777923,0.0,0.28905416,0.0,0.0,0.08454505,0.562367,0.43303108,0.651374,0.0,0.42093658,0.25928053,0.7517265,0.0,0.614195,0.0,0.0,0.61138153,0.7998731,0.0,0.0,0.6759885,0.0,0.19288236,0.66366374,0.58764154,0.6652208,0.0,0.0,0.23689543
0.0,0.0,1.0817317,0.0,1.1257023,0.0,0.0,0.0,1.0399456,0.9193926,1.1151868,0.0,0.86596996,0.95310223,1.4919908,0.0,1.4488952,0.0,0.0,1.073544,1.1529111,0.0,0.0,1.3948989,0.0,1.1129326,1.145989,1.4654558,0.9523934,0.0,0.0,0.7382661
1.3628156,1.6293579,0.0,1.3944336,0.0,1.2294111,1.1217133,1.2952496,0.0,0.0,0.0,1.1895684,0.0,0.0,0.0,1.3322643,0.0,1.3743062,1.5797874,0.0,0.0,1.1407285,1.0695158,0.0,1.5289696,0.0,0.0,0.0,0.0,1.3680366,1.2710679,0.0
0.21778055,0.7765227,0.0,0.76488924,0.0,0.85403854,0.6819191,0.5338143,0.0,0.0,0.0,0.73988044,0.0,0.0,0.0,0.5198053,0.0,0.3651407,0.7910963,0.0,0.0,0.79174095,0.58136284,0.0,0.5238427,0.0,0.0,0.0,0.0,0.67346114,0.31756312,0.0
0.5121708,0.72915846,0.0,0.77526915,0.0,0.5977937,0.7436179,0.6513956,0.0,0.0,0.0,0.790978,0.0,0.0,0.0,0.7517274,0.0,0.46290576,0.73294044,0.0,0.0,0.61906534,0.5513382,0.0,0.8574019,0.0,0.0,0.0,0.0,0.6953424,0.47286797,0.0
1.1923928,1.4910899,0.0,1.294997,0.0,1.1665956,1.3082126,1.2256421,0.0,0.0,0.0,1.5394374,0.0,0.0,0.0,1.5881202,0.0,1.3610253,1.4926268,0.0,0.0,1.3397937,1.3809255,0.0,1.585278,0.0,0.0,0.0,0.0,1.3888265,1.2549337,0.0
1.4642872,1.4451785,0.0,1.2795696,0.0,1.2106183,1.3682934,1.4251286,0.0,0.0,0.0,1.5669562,0.0,0.0,0.0,1.4561613,0.0,1.4298685,1.4376352,0.0,0.0,1.2749759,1.2554226,0.0,1.5574322,0.0,0.0,0.0,0.0,1.3738362,1.3791218,0.0
1.2145998,1.1388853,0.0,0.95322114,0.0,1.1167276,1.2934715,1.0505662,0.0,0.0,0.0,1.3354645,0.0,0.0,0.0,1.3681837,0.0,1.2942549,1.3236196,0.0,0.0,1.0071257,0.8679986,0.0,1.2249382,0.0,0.0,0.0,0.0,1.0054421,1.0917548,0.0
0.09999212,0.15139133,0.30193168,0.0,0.0,0.09602914,0.0,0.30899113,0.19840097,0.19911888,0.28899688,0.16418356,0.26733005,0.27214038,0.5472411,0.0,0.3532996,0.08375347,0.13669686,0.4920295,0.3168238,0.05118203,0.02891255,0.20463991,0.1768404,0.0,0.40291488,0.43864685,0.19419466,0.18284097,0.0,0.071620025
0.0,0.0,0.7319907,0.0,0.46707916,0.0,0.0,0.0,0.725056,0.5685864,0.76905227,0.0,0.9001568,0.97847176,0.48115396,0.0,1.0253775,0.0,0.0,0.86729497,0.5616042,0.0,0.0,0.4597615,0.0,0.63795227,0.66065854,0.5319046,0.70307845,0.0,0.0,0.513973
0.100597456,0.4200641,0.0,0.42380297,0.0,0.35766903,0.42432773,0.32370588,0.0,0.0,0.0,0.39100283,0.0,0.0,0.0,0.3879037,0.18118861,0.07867518,0.6110427,0.0,0.0,0.39136216,0.117760964,0.0,0.29990864,0.0,0.0,0.0,0.0,0.3732836,0.24465431,0.0
0.03896768,0.23151842,0.0,0.075591356,0.0,0.4151356,0.28314808,0.40502137,0.0,0.0,0.0,0.37037426,0.0,0.0,0.0,0.2986253,0.0,0.28192946,0.60555494,0.0,0.0,0.26480576,0.34070605,0.0,0.2512916,0.0,0.0,0.0,0.0,0.34598953,0.17567495,0.0
1.0964278,1.1013273,0.0,1.1379755,0.0,1.1596404,1.0037652,1.4519076,0.0,0.0,0.0,1.5473938,0.0,0.0,0.0,1.2888457,0.0,1.2037112,1.134526,0.0,0.0,1.3344029,1.5751882,0.0,1.4845171,0.0,0.0,0.0,0.0,1.4222765,1.0491115,0.0
1.116934,1.1119367,0.0,1.1865438,0.0,1.0975099,1.0137992,1.5456403,0.0,0.0,0.0,1.58345,0.0,0.0,0.0,1.2895337,0.0,1.1394589,1.1921545,0.0,0.0,1.2927022,1.4675541,0.0,1.3693911,0.0,0.0,0.0,0.0,1.3212874,1.0215434,0.0
1.0060122,1.0013571,0.0,0.9628704,0.0,1.0869147,0.9408529,1.3596423,0.0,0.0,0.0,1.4234976,0.0,0.0,0.0,1.2442051,0.0,1.1460104,1.0233129,0.0,0.0,1.2669246,1.5604944,0.0,1.4686267,0.0,0.0,0.0,0.0,1.3661848,1.0112339,0.0
1.3553011,1.4840022,0.0,1.2716168,0.0,1.0870138,1.109202,1.3373232,0.0,0.0,0.0,1.126397,0.0,0.0,0.0,1.2847279,0.0,1.2610155,1.5527813,0.0,0.0,1.0683322,1.0171112,0.0,1.4341992,0.0,0.0,0.0,0.0,1.2534022,1.3179946,0.0
0.27200776,0.8264882,0.0,0.77860785,0.0,0.827538,0.7203985,0.5214174,0.0,0.0,0.0,0.71702623,0.0,0.0,0.0,0.6262886,0.0,0.36537853,0.6623465,0.0,0.0,0.7766869,0.610222,0.0,0.7285034,0.0,0.0,0.0,0.0,0.8842576,0.38899362,0.0
0.82605326,0.96064705,0.0,1.0702289,0.0,0.7796266,0.8391576,0.596367,0.0,0.0,0.0,0.8101946,0.0,0.0,0.0,0.91758853,0.0,0.7544817,0.8472121,0.0,0.0,0.7916718,0.77143085,0.0,1.2420914,0.0,0.0,0.0,0.0,0.9992652,0.6851977,0.0
0.0,0.22710717,0.0,0.23192686,0.0,0.35435474,0.13650194,0.24194351,0.0,0.0,0.0,0.13291645,0.0,0.0,0.0,0.3149057,0.0,0.011348464,0.29316154,0.0,0.0,0.114080146,0.05363503,0.058869027,0.14220203,0.0,0.005281724,0.0,0.015260205,0.06450355,0.13249582,0.0
0.0,0.0,1.0328552,0.0,0.7649801,0.0,0.0,0.0,1.123449,0.78162444,1.1306862,0.0,0.99422455,1.3021643,1.337248,0.0,1.5927339,0.0,0.0,1.1661769,1.5855831,0.0,0.0,1.1156361,0.0,0.783612,1.173333,1.2162155,0.7946343,0.0,0.0,0.7982871
0.0,0.0,0.879019,0.0,0.7298009,0.0,0.0,0.0,1.0075185,0.7152398,1.0163155,0.0,0.88913566,0.7740967,0.79495186,0.0,0.8474495,0.0,0.0,0.81088394,0.67988926,0.0,0.0,0.6739108,0.0,0.8960254,0.7525073,0.94090205,1.0826509,0.0,0.0,0.84564465
0.0,0.45934165,0.107468896,0.3178854,0.0,0.22287275,0.26342088,0.3362549,0.0,0.0,0.0,0.1545533,0.0,0.0,0.0,0.30522066,0.0,0.05194149,0.48407632,0.0,0.0,0.29767284,0.25621516,0.0,0.3549441,0.0,0.10546053,0.0,0.0,0.48460022,0.016750116,0.0018285289
0.0,0.24972641,0.3285299,0.07644003,0.0,0.10172174,0.051599782,0.1671577,0.0,0.0,0.046418484,0.0,0.10017739,0.0,0.21667841,0.27282596,0.0,0.0,0.26386264,0.07970111,0.10336043,0.0,0.06969304,0.1708039,0.08224444,0.0,0.25081092,0.051319607,0.19361264,0.08272104,0.0,0.010013483
1.3469478,1.4672294,0.0,1.317732,0.0,1.0814886,1.171031,1.3508198,0.0,0.0,0.0,1.1770759,0.0,0.0,0.0,1.3005029,0.0,1.2587394,1.5837433,0.0,0.0,1.1062902,1.0488223,0.0,1.4336687,0.0,0.0,0.0,0.0,1.271798,1.3699834,0.0
0.6368172,0.9139728,0.0,0.95326096,0.0,0.74600005,0.94196874,0.74595153,0.0,0.0,0.0,0.8439129,0.0,0.0,0.0,0.8671722,0.0,0.5762654,0.979213,0.0,0.0,0.7956762,0.69381833,0.0,0.983775,0.0,0.0,0.0,0.0,0.9231864,0.66201985,0.0
1.1060302,1.3062296,0.0,0.9106448,0.0,1.0830901,0.9758866,1.1065426,0.0,0.0,0.0,1.0562755,0.0,0.0,0.0,1.0692273,0.0,1.3826106,1.2318932,0.0,0.0,1.1901046,1.0283157,0.0,1.4449798,0.0,0.0,0.0,0.0,1.0448492,1.0838784,0.0
1.1093223,1.2301894,0.0,0.91409904,0.0,1.0527669,1.0820302,1.168438,0.0,0.0,0.0,1.2602909,0.0,0.0,0.0,1.1310037,0.0,1.2753265,1.3017567,0.0,0.0,1.0683227,1.0148506,0.0,1.209376,0.0,0.0,0.0,0.0,1.1104578,1.0708953,0.0
0.0,0.0,0.9788474,0.0,0.85730505,0.0,0.0,0.0,0.5336967,1.5936799,1.1846224,0.0,1.6009315,2.0128465,0.5458612,0.0,2.061577,0.0,0.0,1.4293662,2.059763,0.0,0.0,1.1914169,0.0,1.3070195,1.1998023,1.2561967,1.0987333,0.0,0.0,2.0248384
0.7767693,0.795894,0.0,0.9708133,0.0,0.77328557,1.0221616,0.96982044,0.0,0.0,0.0,1.0573893,0.0,0.0,0.0,0.959141,0.0,0.69251055,1.0324587,0.0,0.0,0.7596072,0.7830262,0.0,1.05708,0.0,0.0,0.0,0.0,0.93970025,0.7751891,0.0
0.0,0.0,0.3926407,0.0,0.0,0.0,0.0,0.0,0.40345997,0.43348554,0.0,0.0,0.33177048,0.7418278,0.0,0.0,0.5569488,0.0,0.06831706,0.3097986,0.3399927,0.157627,0.0,0.37923217,0.0,0.6021623,0.08158337,0.0,0.5121745,0.0,0.0,0.18768196
0.72211033,1.5525694,0.0,1.1012287,0.0,0.8691265,1.5924375,0.0,0.0,0.0,0.0,1.0342635,0.0,0.0,0.0,1.1230464,0.0,0.6607428,1.207585,0.0,0.0,1.4772891,0.80150604,0.0,1.0163865,0.0,0.0,0.0,0.0,1.421474,1.0217866,0.0
0.038490057,0.3013215,0.095034026,0.21014458,0.0,0.2931114,0.19722635,0.21200508,0.10306739,0.028090395,0.1606963,0.21969204,0.07959138,0.18892872,0.0,0.25731772,0.4483189,0.0,0.24535328,0.2916511,0.22897586,0.23081668,0.06609289,0.08603926,0.21756116,0.044571776,0.04965886,0.0,0.16619605,0.25788736,0.032631833,0.0
1.2261065,1.2272639,0.0,1.200376,0.0,1.6453598,1.1454811,1.5176063,0.0,0.0,0.0,1.6813759,0.0,0.0,0.0,1.3188473,0.0,1.5416244,1.303494,0.0,0.0,1.5130649,1.655917,0.0,1.5432516,0.0,0.0,0.0,0.0,1.3978336,1.3639613,0.0
0.0,0.3235067,0.13770087,0.18751493,0.0,0.3393623,0.14748667,0.2517716,0.14247769,0.083668716,0.1428459,0.23997888,0.13293734,0.035502028,0.15130335,0.2850513,0.36036795,0.04745257,0.23388067,0.3578424,0.24132648,0.19354326,0.061872475,0.16398692,0.181667,0.03653917,0.14629573,0.11326337,0.23017189,0.18558407,0.0,0.0
1.0475842,1.168009,0.0,0.8438364,0.0,0.96825576,1.0653259,1.1723421,0.0,0.0,0.0,1.235844,0.0,0.0,0.0,1.108605,0.0,1.2126874,1.2651706,0.0,0.0,1.0188998,0.98680604,0.0,1.1194658,0.0,0.0,0.0,0.0,1.0449892,1.0577493,0.0
0.0,0.0,0.8988805,0.0,0.52110636,0.0,0.0,0.0,0.65213144,0.57344717,0.8095716,0.0,0.80165917,0.62064254,0.8069499,0.0,0.9033405,0.0,0.0,0.74925125,0.7536476,0.0,0.0,0.85240996,0.0,0.5467322,0.8324599,0.8112194,0.6714636,0.0,0.0,0.7513119
0.0,0.0,1.1935211,0.0,0.8843781,0.0,0.0,0.0,1.136565,0.77794677,0.93203205,0.0,1.084119,1.3753635,1.1345686,0.0,1.546621,0.0,0.0,1.5199283,1.2764295,0.0,0.0,0.84974223,0.0,0.80920786,1.0702003,0.91057026,0.9677819,0.0,0.0,0.81729877
0.0,0.009771392,0.9353491,0.0,0.37736708,0.0,0.0,0.0,0.83560765,0.93399936,0.6634469,0.0,0.7634104,0.97764987,0.35038882,0.0,0.81101304,0.0,0.0,0.88804865,0.74218684,0.0,0.0,0.61511844,0.0,1.0786287,0.4740169,0.0,0.91935015,0.0,0.0,0.47234595
1.3144073,1.320721,0.0,1.434839,0.0,1.6218094,1.156337,1.3568461,0.0,0.0,0.0,1.8060931,0.0,0.0,0.0,1.2870398,0.0,1.3938137,1.3765547,0.0,0.0,1.7756265,1.5735501,0.0,1.7804095,0.0,0.0,0.0,0.0,1.4961121,1.3795232,0.0
1.331942,1.2370155,0.0,1.3118929,0.0,1.503697,1.1704098,1.6197459,0.0,0.0,0.0,1.7834055,0.0,0.0,0.0,1.2561027,0.0,1.4768858,1.3643384,0.0,0.0,1.4707097,1.4936386,0.0,1.2966577,0.0,0.0,0.0,0.0,1.237364,1.3624846,0.0
1.2073504,1.1735336,0.0,1.1298914,0.0,1.4791653,1.0414345,1.4352996,0.0,0.0,0.0,1.6435251,0.0,0.0,0.0,1.1927999,0.0,1.46172,1.190659,0.0,0.0,1.3564869,1.5582514,0.0,1.3635154,0.0,0.0,0.0,0.0,1.2807703,1.3238715,0.0
0.0,0.0,0.7946398,0.0,0.49738032,0.0,0.0,0.0,0.7085355,0.3698515,0.8143877,0.0,0.7767425,0.45789623,0.8487462,0.0,1.0326501,0.0,0.0,0.77934337,0.5976643,0.0,0.0,0.7460364,0.0,0.43917406,0.8437631,0.94535,0.7781453,0.0,0.0,0.5778816
0.0,0.0,0.88955736,0.0,0.92837334,0.0,0.0,0.0,1.1540163,0.8725989,1.0922499,0.0,0.95597225,0.67596287,0.80951077,0.0,0.5043911,0.0,0.0,0.77983636,0.73186225,0.0,0.0,0.8188103,0.0,0.90828127,0.87912625,1.0954206,1.2085245,0.0,0.0,0.9533964
1.3271701,1.504614,0.0,1.2869893,0.0,1.0254756,1.3118315,1.442697,0.0,0.0,0.0,1.3218005,0.0,0.0,0.0,1.3649691,0.0,1.4067912,1.3506776,0.0,0.0,1.1971718,1.1049985,0.0,1.3905755,0.0,0.0,0.0,0.0,1.2581447,1.264061,0.0
1.4183128,1.5009596,0.0,1.2935317,0.0,1.0707178,1.2829754,1.4109808,0.0,0.0,0.0,1.2795616,0.0,0.0,0.0,1.3794203,0.0,1.4280965,1.3567947,0.0,0.0,1.1707519,1.1537209,0.0,1.4118452,0.0,0.0,0.0,0.0,1.2809986,1.338918,0.0
1.1434044,1.5193383,0.0,1.003656,0.0,1.1458702,1.0804827,1.176521,0.0,0.0,0.0,1.0646238,0.0,0.0,0.0,1.2416615,0.0,1.4661936,1.2418774,0.0,0.0,1.2224106,1.1421909,0.0,1.4460546,0.0,0.0,0.0,0.0,1.2313383,1.1042008,0.0
0.0,0.0,1.1412095,0.0,0.857597,0.0,0.0,0.0,1.1883856,0.6266735,0.99339205,0.0,1.0940542,1.1112238,1.2048008,0.0,1.2343302,0.0,0.0,1.3801539,0.97843015,0.0,0.0,0.7452404,0.0,0.7217013,1.2000059,1.0770228,1.0238976,0.0,0.0,0.8498154
1.0538392,0.99364823,0.0,0.7487507,0.0,0.74349755,1.0603393,1.1549696,0.0,0.0,0.0,1.0201354,0.0,0.0,0.0,1.2170786,0.0,1.1038266,1.1897204,0.0,0.0,1.0167038,1.1134365,0.0,1.2339022,0.0,0.0,0.0,0.0,1.1111509,0.9501892,0.0
0.85107327,1.1655468,0.0,0.90836364,0.0,0.588864,0.73764944,0.9644447,0.0,0.0,0.0,0.8774349,0.0,0.0,0.0,1.0226394,0.0,0.88418597,0.85145307,0.0,0.0,0.7701069,0.874405,0.0,1.0054141,0.0,0.0,0.0,0.0,1.0489872,0.6574024,0.0
0.9768837,0.981431,0.0,0.8043868,0.0,1.0882552,1.1539937,1.0404145,0.0,0.0,0.0,1.2778463,0.0,0.0,0.0,0.95038426,0.0,1.1166776,1.2575576,0.0,0.0,1.0987812,0.97616565,0.0,1.1869113,0.0,0.0,0.0,0.0,0.9946616,0.95197856,0.0
1.205372,1.2677505,0.0,1.2343599,0.0,1.2044452,0.8865864,1.182723,0.0,0.0,0.0,1.5695283,0.0,0.0,0.0,1.1140482,0.0,1.2399882,1.1331015,0.0,0.0,1.4459609,1.2282195,0.0,1.5011867,0.0,0.0,0.0,0.0,1.2141625,1.2010549,0.0
1.0263087,1.7236338,0.0,1.4096657,0.0,0.9387059,1.6768486,0.0,0.0,0.0,0.0,1.2946968,0.0,0.0,0.0,1.2264668,0.0,0.8037052,1.2980249,0.0,0.0,1.439488,0.7400011,0.0,1.1470138,0.0,0.0,0.0,0.0,1.5288876,1.1212361,0.0
0.0,0.0,1.2492743,0.0,1.672212,0.0,0.0,0.0,0.9586459,1.3111131,1.2542715,0.0,1.124118,1.3339039,1.4888449,0.0,1.5584137,0.0,0.0,1.8434072,2.0243976,0.0,0.0,1.1568589,0.0,1.1672698,0.9815039,0.8553661,1.103585,0.0,0.0,0.6451537
0.70613915,1.1821053,0.0,0.87194526,0.0,0.9653991,0.8900441,0.82714975,0.0,0.0,0.0,1.054559,0.0,0.0,0.0,0.8547906,0.0,0.79247624,1.0869585,0.0,0.0,0.7720984,0.975029,0.0,0.8465014,0.0,0.0,0.0,0.0,0.9758735,0.818474,0.0
0.44392377,0.67923045,0.0,0.54609454,0.0,0.6533665,0.68480325,0.70745975,0.0,0.0,0.0,0.72157973,0.0,0.0,0.0,0.58552676,0.0,0.46218383,0.7433341,0.0,0.0,0.6259048,0.46119526,0.0,0.67428756,0.0,0.0,0.0,0.0,0.54482883,0.41027147,0.0
0.07072697,0.1667023,0.0,0.29255068,0.0,0.29928115,0.47020054,0.46948817,0.0,0.0,0.0,0.5256438,0.08061324,0.0,0.0,0.29155362,0.0,0.5477739,0.45344323,0.0,0.0,0.5334546,0.24861774,0.0,0.52271646,0.0,0.0,0.0,0.0,0.20680034,0.19450863,0.0
0.38565034,0.37909868,0.0,0.39765772,0.0,0.33047503,0.4905365,0.6341646,0.0,0.0,0.0,0.48321712,0.0,0.0,0.0,0.49607652,0.0,0.22439627,0.48082557,0.0,0.0,0.23346679,0.27566594,0.0,0.49780178,0.0,0.0,0.0,0.0,0.42703348,0.32284886,0.0
0.5309808,0.7435911,0.0,0.6352106,0.0,0.6192316,0.7153623,0.65345836,0.0,0.0,0.0,0.9560914,0.0,0.0,0.0,0.6882881,0.0,0.42174986,0.66584796,0.0,0.0,0.6701538,0.54832995,0.0,0.76474833,0.0,0.0,0.0,0.0,0.62056607,0.54738843,0.0
0.0,0.14179724,0.48912463,0.0,0.07237524,0.0,0.0,0.06321332,0.4927212,0.22235772,0.41736314,0.0,0.2752704,0.41482073,0.44680557,0.0,0.8624814,0.0,0.0,0.73644936,0.6073376,0.063765034,0.0,0.4632884,0.04524967,0.37880296,0.4083975,0.4500143,0.4932311,0.054099575,0.0,0.0
0.15169212,0.1462785,0.17062369,0.08486422,0.0,0.036385853,0.05710471,0.39714697,0.04207284,0.16057068,0.15912631,0.05431695,0.0065037757,0.0,0.18973847,0.09745866,0.007099256,0.0,0.10760574,0.11379726,0.13035192,0.0,0.0,0.17251852,0.14835878,0.0,0.20505881,0.19777638,0.15776423,0.05799529,0.0,0.0
1.4365385,1.5541091,0.0,1.4823908,0.0,1.3293527,1.5542591,1.4203947,0.0,0.0,0.0,1.6230292,0.0,0.0,0.0,1.6159656,0.0,1.7271569,1.561466,0.0,0.0,1.5102687,1.4073813,0.0,1.7838651,0.0,0.0,0.0,0.0,1.3904486,1.5353185,0.0
0.55054265,0.65960926,0.0,0.89790773,0.0,0.88611525,0.7285289,0.99905866,0.0,0.0,0.0,1.0154219,0.0,0.0,0.0,0.74987996,0.0,0.8598145,1.0149419,0.0,0.0,0.7703249,0.5126208,0.0,0.9048966,0.0,0.0,0.0,0.0,0.8308704,0.40399542,0.0
1.1551342,1.4454535,0.0,1.2865837,0.0,1.1497759,1.3964113,1.2170208,0.0,0.0,0.0,1.4902722,0.0,0.0,0.0,1.4738858,0.0,1.5736647,1.3798839,0.0,0.0,1.3347272,1.3874723,0.0,1.5455304,0.0,0.0,0.0,0.0,1.3138664,1.3969126,0.0
1.362307,1.5821092,0.0,1.4112023,0.0,1.3289107,1.4598303,1.3645431,0.0,0.0,0.0,1.5527219,0.0,0.0,0.0,1.5866239,0.0,1.7266777,1.4958048,0.0,0.0,1.5040047,1.3526294,0.0,1.7955383,0.0,0.0,0.0,0.0,1.3559676,1.4173024,0.0
0.0,0.0,0.57914853,0.0057491437,0.0,0.06639923,0.0,0.0,0.3593006,0.29297388,0.5375191,0.0,0.5128176,0.2952822,0.48770708,0.0,0.5017029,0.0,0.0,0.5822073,0.7224346,0.0,0.0012228116,0.37603465,0.0,0.17737797,0.6032143,0.19052318,0.4440165,0.0,0.0,0.23807237
0.37264544,0.63553065,0.0,0.6598193,0.0,0.7586134,0.7794007,0.6286696,0.0,0.0,0.0,0.8501293,0.0,0.0,0.0,0.80194694,0.0,0.4382828,0.73820645,0.0,0.0,0.76028943,0.65393984,0.0,0.77812696,0.0,0.0,0.0,0.0,0.71801996,0.5638653,0.0
0.0,0.0,1.2047677,0.0,0.9281237,0.0,0.0,0.0,1.6570721,1.3382561,1.1933159,0.0,1.3661397,1.8415077,0.821257,0.0,1.1726272,0.0,0.0,1.4323232,0.8073219,0.0,0.0,0.5424625,0.0,1.5584137,0.9309652,0.5784581,1.377073,0.0,0.0,1.6681628
0.05601815,0.3866271,0.0,0.35257497,0.0,0.57363963,0.4384393,0.42149165,0.0,0.0,0.0,0.5153541,0.0,0.0,0.0,0.50396585,0.0,0.12542057,0.508299,0.0,0.0,0.5483032,0.46669862,0.0,0.49783444,0.0,0.0,0.0,0.0,0.5232625,0.32865888,0.0
1.0271109,1.1990162,0.0,0.86131877,0.0,0.5774155,0.7113583,1.1790332,0.0,0.0,0.0,0.8459788,0.0,0.0,0.0,1.0143868,0.0,1.0858635,1.0710436,0.0,0.0,0.81949997,0.8849757,0.0,1.1835519,0.0,0.0,0.0,0.0,1.043392,0.81348675,0.0
1.115481,1.2800802,0.0,1.0077729,0.0,0.5893608,0.7504913,1.2838926,0.0,0.0,0.0,1.0404588,0.0,0.0,0.0,1.0606753,0.0,1.2097038,1.1190155,0.0,0.0,0.84265083,0.81218743,0.0,1.2609303,0.0,0.0,0.0,0.0,1.0579824,0.787812,0.0
0.95439506,1.3129064,0.0,0.8579481,0.0,0.7328893,0.6636563,1.0544382,0.0,0.0,0.0,0.80216616,0.0,0.0,0.0,1.0142064,0.0,1.1637661,1.0811554,0.0,0.0,0.95174605,0.9930793,0.0,1.2921747,0.0,0.0,0.0,0.0,1.1430508,0.72938937,0.0
1.0841178,1.8781914,0.0,1.53273,0.0,1.1162615,1.7350111,0.0,0.0,0.0,0.0,1.2996674,0.0,0.0,0.0,1.2552029,0.0,0.891948,1.3745356,0.0,0.0,1.6380407,0.8438343,0.0,1.3090618,0.0,0.0,0.0,0.0,1.6628253,1.1190312,0.0
0.0,0.0,0.6563482,0.0,0.27993447,0.0,0.0,0.0,0.5688081,0.5411062,0.5609084,0.0,0.4812004,0.26039556,0.45740792,0.0,0.43747032,0.0,0.0,0.42177898,0.4180966,0.0,0.0,0.73375905,0.0,0.4706003,0.5349656,0.55114937,0.6320235,0.0,0.0,0.37666678
0.41419435,0.6503583,0.0,0.7086259,0.0,0.4967602,0.6554473,0.6270761,0.0,0.0,0.0,0.6330337,0.0,0.0,0.0,0.6231591,0.0,0.51934344,0.74021065,0.0,0.0,0.7402511,0.813594,0.0,0.86630183,0.0,0.0,0.0,0.0,0.8260845,0.42450616,0.0
0.7626571,0.8793697,0.0,1.003897,0.0,0.8663138,1.0819869,0.8037128,0.0,0.0,0.0,1.0291187,0.0,0.0,0.0,1.0606455,0.0,0.9215708,0.96451944,0.0,0.0,1.0238372,0.9373808,0.0,1.2676151,0.0,0.0,0.0,0.0,1.0385134,0.74002874,0.0
1.2858357,1.4579244,0.0,1.3715806,0.0,1.1017969,1.130429,1.4421301,0.0,0.0,0.0,1.3138164,0.0,0.0,0.0,1.340296,0.0,1.393691,1.5510494,0.0,0.0,1.1806358,1.2322593,0.0,1.4526453,0.0,0.0,0.0,0.0,1.322272,1.2586161,0.0
1.2523124,1.2478807,0.0,0.99730337,0.0,0.93810797,0.91942805,1.3217925,0.0,0.0,0.0,1.0404295,0.0,0.0,0.0,1.2148486,0.0,1.2995248,1.3541092,0.0,0.0,0.9673403,1.1252012,0.0,1.3819706,0.0,0.0,0.0,0.0,1.1258895,1.1877036,0.0
0.0,0.0,0.71641886,0.0,0.5498908,0.0,0.0,0.0,0.47737026,0.45889747,0.55406886,0.0,0.40546125,0.61809313,0.63388973,0.0,0.66317844,0.0,0.0,0.56229365,0.6930394,0.0,0.0,0.4694852,0.0,0.47831285,0.44995934,0.5681337,0.42762908,0.0,0.0,0.48919463
0.0,0.0,0.91037846,0.0,0.9328504,0.0,0.0,0.0,0.99135274,0.7701467,1.0628195,0.0,0.9250548,0.7386297,0.88590795,0.0,0.8613501,0.0,0.0,0.843914,0.85637444,0.0,0.0,0.6736098,0.0,0.92496395,0.6981827,1.0790943,1.0800568,0.0,0.0,0.781491
1.4461547,1.7519673,0.0,1.4629545,0.0,1.1822667,1.33138,1.2146418,0.0,0.0,0.0,1.5546827,0.0,0.0,0.0,1.5484724,0.0,1.5020256,1.6472824,0.0,0.0,1.3940471,1.2938815,0.0,1.7649331,0.0,0.0,0.0,0.0,1.4023032,1.4160899,0.0
1.4804287,1.7724589,0.0,1.487535,0.0,1.1691223,1.3600869,1.24527,0.0,0.0,0.0,1.5491799,0.0,0.0,0.0,1.5095634,0.0,1.4962167,1.6328143,0.0,0.0,1.4519773,1.2625136,0.0,1.771611,0.0,0.0,0.0,0.0,1.3741013,1.4130453,0.0
0.0,0.38971946,0.1944168,0.047435053,0.06333408,0.3124933,0.06368767,0.32633635,0.062637195,0.0,0.4584883,0.29292074,0.19921738,0.0,0.42223245,0.08755304,0.063303,0.04272649,0.40654156,0.21105039,0.28213724,0.0,0.4958725,0.13888322,0.0,0.0,0.0,0.25015503,0.17342138,0.11552392,0.22791778,0.0
0.5891937,0.7880062,0.0,0.87882006,0.0,0.66238236,0.7908122,0.8000844,0.0,0.0,0.0,0.78092986,0.0,0.0,0.0,0.79004586,0.0,0.6197384,0.88947415,0.0,0.0,0.7849024,0.85695267,0.0,0.97728986,0.0,0.0,0.0,0.0,1.0013213,0.5713879,0.0
0.5654563,0.5732947,0.0,0.7556966,0.0,0.54400873,0.800522,0.71234864,0.0,0.0,0.0,0.76166236,0.0,0.0,0.0,0.7865985,0.0,0.4744229,0.6606794,0.0,0.0,0.5457616,0.62672186,0.0,0.8591317,0.0,0.0,0.0,0.0,0.75916535,0.4432824,0.0
0.5292791,0.57841784,0.0,0.7185238,0.0,0.60220295,0.7588744,0.6920169,0.0,0.0,0.0,0.719925,0.0,0.0,0.0,0.7477272,0.0,0.48681578,0.66294986,0.0,0.0,0.5357898,0.5464133,0.0,0.8104571,0.0,0.0,0.0,0.0,0.7091337,0.44871774,0.0
1.3775235,1.7235935,0.0,1.537813,0.0,1.1459228,1.5418651,1.1853366,0.0,0.0,0.0,1.4986783,0.0,0.0,0.0,1.7540535,0.0,1.5335978,1.5248438,0.0,0.0,1.4120638,1.2871042,0.0,1.7559221,0.0,0.0,0.0,0.0,1.4487516,1.408684,0.0
0.0,0.019398525,0.15710053,0.20829198,0.0,0.08716436,0.11976221,0.15417646,0.029537074,0.0,0.22307166,0.07549687,0.19604732,0.09038259,0.09308629,0.15324241,0.33474275,0.0,0.1667121,0.19564357,0.11058854,0.0,0.0,0.13719808,0.07755488,0.0,0.12586185,0.10384904,0.12183632,0.083772615,0.042587195,0.01921174
1.1217905,1.1707845,0.0,1.0372186,0.0,0.7815539,0.8035602,1.2571149,0.0,0.0,0.0,0.9042196,0.0,0.0,0.0,1.1549414,0.0,1.1461289,1.2175424,0.0,0.0,0.9334248,1.018014,0.0,1.3471944,0.0,0.0,0.0,0.0,1.0086839,0.9295328,0.0
0.055921473,0.14427428,0.0,0.3157354,0.0,0.06474943,0.29190242,0.029852938,0.0,0.0,0.0,0.11339287,0.22852662,0.3336233,0.0,0.2924862,0.23303562,0.0,0.4412207,0.0,0.0,0.2948858,0.0,0.0,0.26366207,0.0,0.0,0.0,0.0,0.25041074,0.2813344,0.0
0.5514243,0.7609629,0.0,0.87397474,0.0,0.66669625,0.75295585,0.6269642,0.0,0.0,0.0,0.77707994,0.0,0.0,0.0,0.77377653,0.0,0.6298891,0.8472994,0.0,0.0,0.81670207,0.928998,0.0,0.9914899,0.0,0.0,0.0,0.0,0.9629689,0.6226326,0.0
0.6391854,0.70145214,0.0,0.7674287,0.0,0.75890315,0.87093365,0.83818275,0.0,0.0,0.0,0.9452937,0.0,0.0,0.0,0.87859344,0.0,0.657168,0.89720607,0.0,0.0,0.67517924,0.8253319,0.0,0.933749,0.0,0.0,0.0,0.0,0.86066496,0.7544669,0.0
0.0,0.0,1.0442656,0.0,1.2061722,0.0,0.0,0.0,1.1785479,1.0104365,1.285734,0.0,1.1915491,1.0084592,1.1325864,0.0,1.0340902,0.0,0.0,1.1597847,1.221027,0.0,0.0,0.96884567,0.0,0.93932927,1.0047466,1.1771739,1.2400129,0.0,0.0,1.021146
0.6507978,0.76818097,0.0,0.75780416,0.0,0.83385247,0.8071284,0.73660314,0.0,0.0,0.0,0.9470838,0.0,0.0,0.0,0.70601726,0.0,0.72777426,0.97121567,0.0,0.0,0.83689946,0.70898795,0.0,0.9147702,0.0,0.0,0.0,0.0,0.8159754,0.6268139,0.0
0.0,0.0,1.4248075,0.0,1.2712449,0.0,0.0,0.0,1.581051,1.0151083,1.2733965,0.0,0.93924576,0.76107216,1.7268631,0.0,1.0552706,0.0,0.0,1.0971297,0.8988806,0.0,0.0,1.2196147,0.0,1.0883309,1.5988849,3.0375018,1.9410905,0.0,0.0,1.381421
0.0,0.0122222155,0.30420822,0.16705036,0.0,0.0,0.07738767,0.13898519,0.20260006,0.0,0.41533616,0.11834053,0.34858853,0.23865941,0.28377447,0.10569771,0.6597076,0.0,0.004375614,0.41901886,0.13062179,0.0,0.0,0.08490668,0.14206912,0.1684159,0.14181043,0.35332578,0.26917574,0.078735165,0.0,0.018536001
1.3887094,1.7105678,0.0,1.540149,0.0,1.1706398,1.5945306,1.2326193,0.0,0.0,0.0,1.5179642,0.0,0.0,0.0,1.7122979,0.0,1.5240897,1.5159073,0.0,0.0,1.4250406,1.3599126,0.0,1.7311596,0.0,0.0,0.0,0.0,1.4746937,1.4437603,0.0
1.0085917,1.2292105,0.0,1.0785279,0.0,1.2521473,1.1413743,1.3013461,0.0,0.0,0.0,1.3539697,0.0,0.0,0.0,1.089599,0.0,1.6525046,1.1674242,0.0,0.0,1.3222563,1.1591201,0.0,1.4481585,0.0,0.0,0.0,0.0,1.137464,1.1974089,0.0
0.89158326,1.1865705,0.0,0.8935833,0.0,1.2343966,1.0120543,1.2137336,0.0,0.0,0.0,1.209561,0.0,0.0,0.0,1.0182996,0.0,1.6080862,1.0834,0.0,0.0,1.2826025,1.1293993,0.0,1.4070575,0.0,0.0,0.0,0.0,1.0673679,1.1081206,0.0
0.938956,1.1905309,0.0,0.88803995,0.0,1.1945192,0.9750998,1.2373779,0.0,0.0,0.0,1.1868612,0.0,0.0,0.0,0.9917554,0.0,1.5927626,1.0760801,0.0,0.0,1.2403708,1.0962664,0.0,1.3904434,0.0,0.0,0.0,0.0,1.0350252,1.0915685,0.0
0.8711876,1.0132208,0.0,0.76071656,0.0,0.99015254,0.93331116,1.2162666,0.0,0.0,0.0,1.1071664,0.0,0.0,0.0,0.8985584,0.0,1.443702,0.95608205,0.0,0.0,1.0793067,1.0314362,0.0,1.2300779,0.0,0.0,0.0,0.0,0.9142743,1.0794059,0.0
0.6102536,1.0109469,0.0,0.6719242,0.0,0.8827293,0.82269293,0.9993744,0.0,0.0,0.0,1.0101633,0.0,0.0,0.0,0.80997014,0.0,1.367998,0.794976,0.0,0.0,0.99052733,0.9755287,0.0,1.1177391,0.0,0.0,0.0,0.0,0.8929174,0.8973663,0.0
0.0,0.0,0.76991916,0.0,0.36254102,0.0,0.0,0.0,0.6233051,0.3487213,0.51484144,0.0,0.77445287,1.0097848,0.42109632,0.0,1.1563814,0.0,0.0,0.86635166,0.7853066,0.0,0.0,0.5676381,0.0,0.5491825,0.56500363,0.33745152,0.57015455,0.0,0.0,0.34815562
0.0,0.0,0.84276307,0.0,0.857441,0.0,0.0,0.0,1.0717298,0.6847788,1.0721844,0.0,1.0768565,0.5420847,0.82333887,0.0,0.37639043,0.0,0.0,0.8290602,0.5746125,0.0,0.0,0.62668157,0.0,0.79370725,1.045772,1.158424,1.1340622,0.0,0.0,0.78769773
0.60915846,0.84357184,0.0,0.61838764,0.0,0.7614608,1.0581313,0.45187712,0.0,0.0,0.0,1.1281701,0.0,0.0,0.0,1.2401569,0.0,0.8486232,1.0827979,0.0,0.0,0.8372145,0.63129246,0.0,0.68217593,0.0,0.0,0.0,0.0,0.9907277,1.1349282,0.0
0.0,0.0,1.5768967,0.0,0.65184915,0.0,0.0,0.0,0.9821668,1.5288445,0.93130213,0.0,1.5523863,1.254723,0.93811333,0.0,0.2210077,0.0,0.0,0.96582603,0.67243546,0.0,0.0,0.08024964,0.0,1.8880721,1.5036274,1.0614705,1.4635586,0.0,0.0,1.6599184
0.86653626,1.1008356,0.0,0.949933,0.0,0.7502625,0.9023295,0.86119723,0.0,0.0,0.0,0.8974248,0.0,0.0,0.0,1.0965389,0.0,0.8845124,0.88649696,0.0,0.0,0.7462197,0.88082075,0.0,0.9133804,0.0,0.0,0.0,0.0,0.96536976,0.7558151,0.0
1.0928931,1.079869,0.0,0.9716535,0.0,0.88156056,1.1661913,1.1284626,0.0,0.0,0.0,1.2211324,0.0,0.0,0.0,1.2497826,0.0,1.0691113,1.2926604,0.0,0.0,0.9967079,1.0952599,0.0,1.2161309,0.0,0.0,0.0,0.0,1.1411598,1.10501,0.0
0.0,0.0,1.7561549,0.0,1.2113359,0.0,0.0,0.0,1.7039895,1.6848907,1.7026001,0.0,1.7666576,2.1700456,1.809703,0.0,0.7540496,0.0,0.0,1.5740284,0.829492,0.0,0.0,1.0123903,0.0,1.8159975,1.7673157,1.7540382,1.8502412,0.0,0.0,2.0684285
0.51815057,0.6740491,0.0,0.76273024,0.0,0.5493991,0.70402336,0.6510838,0.0,0.0,0.0,0.76005465,0.0,0.0,0.0,0.6823649,0.0,0.6134751,0.77855796,0.0,0.0,0.70939386,0.6936984,0.0,0.8693107,0.0,0.0,0.0,0.0,0.749237,0.46266693,0.0
0.6776108,0.72604907,0.0,0.86935556,0.0,0.747721,0.96150774,0.76761156,0.0,0.0,0.0,0.8843654,0.0,0.0,0.0,0.9897604,0.0,0.7603455,0.8047936,0.0,0.0,0.7819986,0.78440106,0.0,1.1094632,0.0,0.0,0.0,0.0,0.8621585,0.5930145,0.0
0.46579915,0.7407554,0.0,0.6997088,0.0,0.0,0.9789679,0.0,0.0,0.0,0.09907573,0.61151093,0.0,0.23760042,0.0,0.6422894,0.0,0.0,0.79595375,0.0,0.0,0.9158573,0.091052756,0.0,0.4888612,0.0,0.0,0.0,0.22100428,0.7628283,0.5877354,0.0
0.0,0.0,0.476208,0.0,0.0,0.0,0.0,0.0,0.42130917,0.2902953,0.767549,0.0,0.45602292,0.14540285,0.87118083,0.0,0.30983636,0.0,0.25543952,0.8778525,0.93820125,0.0,0.0,0.962647,0.0,0.17844838,0.7145682,0.41655964,0.49591765,0.0,0.036982935,0.26820618
0.0,0.074809335,0.38115606,0.0,0.029012078,0.0,0.0,0.018017236,0.34716183,0.33597752,0.2631718,0.0,0.41477555,0.50310963,0.26755458,0.0,0.63017166,0.0,0.111108184,0.5303599,0.4010531,0.0,0.0,0.44619405,0.0,0.14374365,0.3345173,0.23295765,0.36948207,0.0,0.0,0.06083843
0.08882046,0.5253206,0.0,0.6287272,0.0,0.3626615,0.9114906,0.0,0.0,0.0,0.0,0.7926082,0.0,0.0,0.0,0.6678223,0.0,0.42717785,0.9135054,0.0,0.0,0.6932743,0.20543373,0.0,0.4802332,0.0,0.0,0.0,0.0,0.66957474,0.7800593,0.0
0.111785665,0.011213817,0.0,0.2863829,0.0,0.36640325,0.28890377,0.5211074,0.0,0.0,0.0,0.22218195,0.0,0.0,0.0,0.3644666,0.0,0.094230756,0.47096983,0.0,0.0,0.14705402,0.13321197,0.0,0.24724394,0.0,0.0,0.0,0.0,0.09466542,0.28737316,0.0
0.010805848,0.597765,0.055214122,0.5689154,0.0,0.2892481,0.93338877,0.0,0.22423367,0.0,0.32561705,0.71963054,0.0,0.040556636,0.056408405,0.3094893,0.050659336,0.0,0.63093925,0.16335784,0.009229675,0.9152281,0.15838833,0.15881367,0.013966382,0.11611582,0.12887537,0.0,0.43111205,0.5500972,0.3982862,0.0
0.0,0.0,1.3005098,0.0,1.5445392,0.0,0.0,0.0,1.2844607,1.1862502,1.3834347,0.0,1.510751,1.562735,1.31507,0.0,1.5501921,0.0,0.0,1.455327,1.6074327,0.0,0.0,1.168349,0.0,1.3755109,1.177488,1.1906438,1.4126008,0.0,0.0,1.2212354
0.0,0.0,0.0,0.14543773,0.0,0.24758472,0.14346254,0.39318785,0.0,0.0,0.010653168,0.056098122,0.021863163,0.0,0.0,0.26776433,0.0,0.007337779,0.24268118,0.0,0.0,0.0052428506,0.0,0.0,0.108764425,0.0,0.102571145,0.0,0.0,0.0,0.073858045,0.04567764
1.1540687,1.6175013,0.0,1.410955,0.0,0.7078554,1.5202,0.40602395,0.0,0.0,0.0,1.3881571,0.0,0.0,0.0,1.6099758,0.0,1.1089453,1.487316,0.0,0.0,1.3227962,1.0428383,0.0,1.4202124,0.0,0.0,0.0,0.0,1.4712576,1.332025,0.0
0.7886353,0.8481031,0.0,0.9277526,0.0,0.8106499,1.0017284,0.96814835,0.0,0.0,0.0,1.0295657,0.0,0.0,0.0,0.9702801,0.0,0.686682,0.96326756,0.0,0.0,0.8143078,0.76268566,0.0,1.1284232,0.0,0.0,0.0,0.0,0.9061975,0.75461435,0.0
0.7244255,0.903199,0.0,1.0615228,0.0,0.9020996,0.9266796,0.5930248,0.0,0.0,0.0,0.9201923,0.0,0.0,0.0,0.9791416,0.0,0.9385859,0.974879,0.0,0.0,1.0449684,0.95742905,0.0,1.2334622,0.0,0.0,0.0,0.0,0.9716931,0.76408696,0.0
0.0,0.5486742,0.17719293,0.23216957,0.0,0.449869,0.1917658,0.2997459,0.14989115,0.0,0.08712169,0.34888637,0.1279229,0.03909984,0.23693584,0.1514942,0.14380042,0.0005032271,0.4611035,0.19466983,0.12072672,0.28094763,0.32652548,0.043946836,0.101049915,0.0,0.20213184,0.064689964,0.11169186,0.5753951,0.13003343,0.0
0.0,0.0,0.7857286,0.0,0.5176414,0.0,0.0,0.0,0.4868424,0.4017931,0.6098506,0.0,0.51792425,0.6872389,0.7763007,0.0,0.8159468,0.0,0.0,0.7189666,0.7765911,0.0,0.0,0.50545466,0.0,0.41763932,0.6307995,0.65827775,0.43250465,0.0,0.0,0.42359084
0.0,0.0,1.8051833,0.0,2.219007,0.0,0.0,0.0,1.918923,1.9685906,2.0445554,0.0,1.8274515,2.1438246,1.5952891,0.0,2.5400937,0.0,0.0,2.3635724,1.9876866,0.0,0.0,1.6716601,0.0,2.0874789,1.8368987,1.4841444,1.6404505,0.0,0.0,1.2118962
0.0,0.0,0.79670155,0.0,0.25048092,0.0,0.0,0.0,0.8343519,0.5576625,0.6820924,0.0,0.87307256,0.7150682,0.546039,0.0,0.5270298,0.0,0.0,0.8678119,0.44829798,0.0,0.0,0.5826251,0.0,0.48565042,0.67057693,0.6581016,0.7982965,0.0,0.0,0.7451581
0.0,0.0,0.56124604,0.0,0.23754723,0.0,0.0,0.0,0.3351822,0.5147347,0.35682073,0.0,0.68033403,0.7834118,0.07302712,0.0,0.74667954,0.0,0.0,0.7691418,0.49075195,0.0,0.0,0.54491633,0.0,0.427458,0.24072611,0.05069994,0.2473005,0.0,0.0,0.44799322
0.0,0.0,1.0614555,0.0,0.0,0.0,0.0,0.0,0.83728236,0.93704087,0.9752736,0.0,1.0603137,0.9017436,0.8820346,0.0,0.32847327,0.0,0.0,1.0889064,0.6922272,0.0,0.0,0.70496565,0.0,1.3909248,0.78684735,0.18893959,0.78990054,0.0,0.0,0.7062771
0.309457,0.5064715,0.0,0.614979,0.0,0.48976195,0.7121924,0.645025,0.0,0.0,0.0,0.66384166,0.0,0.0,0.0,0.6300643,0.0,0.5698114,0.7931703,0.0,0.0,0.64224666,0.47078654,0.0,0.62085557,0.0,0.0,0.0,0.0,0.5625286,0.30897522,0.0
1.2384944,1.6153957,0.0,1.3985457,0.0,0.7354969,1.5782436,0.49717382,0.0,0.0,0.0,1.443966,0.0,0.0,0.0,1.5920569,0.0,1.1689066,1.4960481,0.0,0.0,1.3800021,0.9190819,0.0,1.4446565,0.0,0.0,0.0,0.0,1.4264286,1.342097,0.0
0.003488808,0.06409921,0.046022817,0.2547644,0.0,0.12204152,0.19248551,0.16170736,0.0,0.063757405,0.0,0.11659996,0.13230106,0.17055058,0.0,0.115164265,0.15254611,0.0006762408,0.21951403,0.17769167,0.03869334,0.15185292,0.035940837,0.04502084,0.19022804,0.0,0.041380685,0.0,0.0,0.15440573,0.1942443,0.056181718
0.24421358,0.1935808,0.2463219,0.035228696,0.064421296,0.0,0.062792405,0.12270583,0.10555779,0.12452055,0.079218775,0.094877735,0.2087093,0.52802134,0.09835705,0.05332443,0.5008276,0.13690305,0.17609598,0.35801533,0.27026826,0.09581682,0.0,0.20804852,0.28159788,0.0,0.028465457,0.004449308,0.106086746,0.0991441,0.13710861,0.08860859
0.0,0.0,1.3614554,0.0,0.7822695,0.0,0.0,0.0,1.1906662,1.3539567,0.6941722,0.0,1.0227975,1.7649744,0.05543199,0.0,1.4220356,0.0,0.0,1.0495969,1.1284742,0.0,0.0,1.3411573,0.0,1.2567834,0.5298025,0.0,1.1515222,0.0,0.0,1.1542814
0.0,0.0,1.0273751,0.0,0.91259235,0.0,0.0,0.0,1.2803314,0.9547686,1.5353674,0.0,0.82746446,1.1059766,1.2809263,0.0,1.2614058,0.0,0.0,1.5872636,1.2186989,0.0,0.0,1.2080413,0.0,1.1917542,0.9269888,1.0986024,1.5903019,0.0,0.0,0.5684054
0.0,0.0,0.98864484,0.0,0.9449391,0.0,0.0,0.0,0.81912196,0.850223,1.0610291,0.0,0.9404196,0.7127683,0.81421614,0.0,0.76642346,0.0,0.0,1.0796236,0.93760574,0.0,0.0,0.6199471,0.0,1.0317979,0.73493826,0.5340529,0.95933527,0.0,0.0,0.38018453
1.0443722,1.1298672,0.0,1.1037978,0.0,1.1087302,1.2506906,1.2289872,0.0,0.0,0.0,1.2689424,0.0,0.0,0.0,1.1765172,0.0,1.3856088,1.2465652,0.0,0.0,1.2355764,1.0347383,0.0,1.2710971,0.0,0.0,0.0,0.0,1.1071082,1.0993629,0.0
0.9457084,1.0227627,0.0,0.8991515,0.0,1.1337392,1.1715251,1.1700084,0.0,0.0,0.0,1.2130655,0.0,0.0,0.0,1.2329639,0.0,1.4312897,1.2299548,0.0,0.0,1.131352,1.0266818,0.0,1.2611127,0.0,0.0,0.0,0.0,1.0828885,1.0281476,0.0
0.2961765,0.84932286,0.0,0.39301834,0.0,0.50279605,0.4843524,0.4943447,0.0,0.0,0.0,0.43786114,0.0,0.0,0.0,0.7928516,0.0,0.6751928,0.46828368,0.0,0.0,0.42433903,0.8123667,0.0,0.6087821,0.0,0.0,0.0,0.0,0.5904726,0.68498296,0.0
0.71854407,0.8638439,0.0,0.99488246,0.0,0.61223465,0.8788572,0.8419085,0.0,0.0,0.0,0.8702953,0.0,0.0,0.0,0.74225897,0.0,0.5667958,1.0046808,0.0,0.0,0.83671933,0.787161,0.0,0.9847761,0.0,0.0,0.0,0.0,0.9464516,0.5873259,0.0
1.3485135,1.2317003,0.0,1.1868722,0.0,1.2026461,1.2787933,1.2781745,0.0,0.0,0.0,1.3751512,0.0,0.0,0.0,1.3665451,0.0,1.5696518,1.4534687,0.0,0.0,1.2563055,1.3855633,0.0,1.551652,0.0,0.0,0.0,0.0,1.2637752,1.2872721,0.0
0.98519045,1.2556313,0.0,0.97106826,0.0,0.89817524,1.003276,0.92871785,0.0,0.0,0.0,1.1049074,0.0,0.0,0.0,1.0479407,0.0,1.2947146,1.0182141,0.0,0.0,1.0011665,1.3842719,0.0,1.1405687,0.0,0.0,0.0,0.0,1.1722555,1.1488327,0.0
0.940219,1.3052855,0.0,1.1304463,0.0,0.5972325,0.9466767,0.94959104,0.0,0.0,0.0,0.96081877,0.0,0.0,0.0,1.3551034,0.0,1.0705985,0.8951164,0.0,0.0,0.79421806,0.95006835,0.0,1.2078786,0.0,0.0,0.0,0.0,1.1378448,0.7688357,0.0
0.08050207,0.36054942,0.034418948,0.4318213,0.0,0.23939179,0.22031224,0.36671248,0.05661638,0.0,0.20671633,0.40875107,0.07429687,0.0,0.2610672,0.20206434,0.11698615,0.0,0.39521536,0.2047148,0.13776593,0.0,0.39607322,0.0,0.07649889,0.0,0.0,0.16291249,0.114462286,0.28229296,0.16946529,0.0
0.116288535,0.97055614,0.0,0.52063614,0.0,0.69444156,0.7984219,0.0,0.043326702,0.0,0.41706964,0.6524599,0.0,0.0,0.37673372,0.0,0.0,0.38576072,0.86869,0.563149,0.0,0.90397143,0.3501585,0.0,0.48834723,0.0,0.0,0.1622346,0.2445113,0.63660794,0.1592183,0.0
0.12480651,0.6978024,0.0,0.38274375,0.0,0.5859658,0.9594338,0.0,0.0,0.0,0.46174276,0.5995743,0.0,0.0,0.45284873,0.0,0.0,0.29939714,0.81621426,0.3931563,0.0,0.7627628,0.5966139,0.0,0.45928746,0.0,0.0,0.19851133,0.26299584,0.79725057,0.29629245,0.0
0.9818428,1.176285,0.0,0.8298874,0.0,0.7405273,0.7461802,1.1236378,0.0,0.0,0.0,0.83693683,0.0,0.0,0.0,0.9825412,0.0,1.1334372,0.9103869,0.0,0.0,0.78641915,0.91072357,0.0,1.1160222,0.0,0.0,0.0,0.0,0.87758076,0.8913982,0.0
1.2670114,1.3538979,0.0,1.1268811,0.0,0.9405081,1.0168217,1.3871983,0.0,0.0,0.0,1.182214,0.0,0.0,0.0,1.1861397,0.0,1.3621544,1.216503,0.0,0.0,1.021686,1.0151085,0.0,1.3235537,0.0,0.0,0.0,0.0,1.0897105,1.1176534,0.0
1.1681669,1.3379883,0.0,1.0154512,0.0,0.99493223,1.0180844,1.3668606,0.0,0.0,0.0,1.1259369,0.0,0.0,0.0,1.1571499,0.0,1.34875,1.2171782,0.0,0.0,1.0895458,1.0514241,0.0,1.3153905,0.0,0.0,0.0,0.0,1.0771523,1.0962468,0.0
0.6342814,0.756406,0.0,0.6728072,0.0,0.65338343,0.74128276,0.7833145,0.0,0.0,0.0,0.7713834,0.0,0.0,0.0,0.68975705,0.0,0.52418005,0.84111977,0.0,0.0,0.64233667,0.48822013,0.0,0.83319634,0.0,0.0,0.0,0.0,0.6984831,0.59607726,0.0
1.2445403,1.7255858,0.0,1.4310174,0.0,0.8654177,1.8411158,0.09086722,0.0,0.0,0.0,1.6405215,0.0,0.0,0.0,1.4669443,0.0,1.2592189,1.581226,0.0,0.0,1.783954,0.97362924,0.0,1.2474762,0.0,0.0,0.0,0.0,1.5781934,1.498049,0.0
1.1526852,1.6625501,0.0,1.3220927,0.0,0.84419286,1.7705046,0.00944829,0.0,0.0,0.0,1.6034069,0.0,0.0,0.0,1.4119645,0.0,1.2856662,1.5041628,0.0,0.0,1.734083,0.96489024,0.0,1.202031,0.0,0.0,0.0,0.0,1.538481,1.4479562,0.0
1.4100783,1.7248391,0.0,1.6190495,0.0,1.1917692,1.4355013,1.3732684,0.0,0.0,0.0,1.5532072,0.0,0.0,0.0,1.5910585,0.0,1.5751051,1.5660427,0.0,0.0,1.4204705,1.2535025,0.0,1.7399337,0.0,0.0,0.0,0.0,1.4309168,1.4761904,0.0
0.39014322,0.4094245,0.0,0.5978758,0.0,0.47720283,0.5623381,0.59696406,0.0,0.0,0.0,0.50052613,0.0,0.0,0.0,0.6101626,0.0,0.2890356,0.81140643,0.0,0.0,0.5184121,0.34105137,0.0,0.6125307,0.0,0.0,0.0,0.0,0.4279368,0.6805312,0.0
1.1139206,1.4224414,0.0,1.034996,0.0,1.1303661,1.0575591,1.3447663,0.0,0.0,0.0,1.2185845,0.0,0.0,0.0,1.1772021,0.0,1.496911,1.247946,0.0,0.0,1.2032238,1.0961723,0.0,1.419831,0.0,0.0,0.0,0.0,1.1566464,1.0230439,0.0
1.5847259,1.808553,0.0,1.7008059,0.0,1.1936265,1.4927891,1.3356069,0.0,0.0,0.0,1.6490895,0.0,0.0,0.0,1.762785,0.0,1.4783998,1.5939274,0.0,0.0,1.4937904,1.4236296,0.0,1.9236122,0.0,0.0,0.0,0.0,1.5855491,1.417261,0.0
1.51501,1.7337558,0.0,1.642446,0.0,1.1399679,1.5343162,1.3206618,0.0,0.0,0.0,1.7025838,0.0,0.0,0.0,1.7692281,0.0,1.464913,1.644661,0.0,0.0,1.4544643,1.4246224,0.0,1.8464537,0.0,0.0,0.0,0.0,1.5853424,1.4626724,0.0
1.2256166,1.6961056,0.0,1.3545628,0.0,1.6585239,1.3016706,1.3559731,0.0,0.0,0.0,1.3216475,0.0,0.0,0.0,1.1636021,0.0,1.5639045,1.5911312,0.0,0.0,1.3681021,1.4235699,0.0,1.3861151,0.0,0.0,0.0,0.0,1.3390775,1.5672003,0.0
0.7739217,0.7894128,0.0,0.940376,0.0,0.817616,0.8825777,0.7806596,0.0,0.0,0.0,0.90079653,0.0,0.0,0.0,0.83977944,0.0,0.73760617,0.91101,0.0,0.0,0.8639468,0.78495336,0.0,1.1018769,0.0,0.0,0.0,0.0,0.95304495,0.73949397,0.0
1.2943094,1.7009137,0.0,1.4352297,0.0,0.84063953,1.8283799,0.11070424,0.0,0.0,0.0,1.6413066,0.0,0.0,0.0,1.4660338,0.0,1.2709334,1.5743545,0.0,0.0,1.7455052,0.9504719,0.0,1.2406868,0.0,0.0,0.0,0.0,1.5548406,1.5199783,0.0
0.9063874,1.5076579,0.0,0.9656533,0.0,0.75797635,1.5668416,0.0,0.0,0.0,0.0,1.3741285,0.0,0.0,0.0,1.2153732,0.0,1.1817096,1.2999684,0.0,0.0,1.606298,0.95069826,0.0,1.040902,0.0,0.0,0.0,0.0,1.3882908,1.321365,0.0
1.178812,1.6047446,0.0,1.2870234,0.0,0.74289274,1.6830713,0.0,0.0,0.0,0.0,1.541905,0.0,0.0,0.0,1.3588047,0.0,1.2481779,1.4329033,0.0,0.0,1.6158154,0.91721237,0.0,1.1437397,0.0,0.0,0.0,0.0,1.4793329,1.4337666,0.0
1.6056193,1.7887031,0.0,1.7994153,0.0,1.3059573,1.6038278,1.5182136,0.0,0.0,0.0,1.6493832,0.0,0.0,0.0,1.6872123,0.0,1.6024076,1.696206,0.0,0.0,1.5090176,1.342445,0.0,1.8206744,0.0,0.0,0.0,0.0,1.5407424,1.6420445,0.0
1.234826,1.5496974,0.0,1.311934,0.0,1.2047746,1.2621202,1.1385174,0.0,0.0,0.0,1.3094332,0.0,0.0,0.0,1.405324,0.0,1.5136757,1.4095775,0.0,0.0,1.297546,1.3677019,0.0,1.5724696,0.0,0.0,0.0,0.0,1.388153,1.457707,0.0
1.5989794,1.8065275,0.0,1.7067752,0.0,1.3387702,1.4842767,1.4448986,0.0,0.0,0.0,1.5241144,0.0,0.0,0.0,1.6491694,0.0,1.6045371,1.6569579,0.0,0.0,1.4776027,1.3403132,0.0,1.8342322,0.0,0.0,0.0,0.0,1.5283649,1.5849363,0.0
0.6642269,0.69670916,0.0,0.8621738,0.0,0.6187743,0.8907144,0.88527805,0.0,0.0,0.0,0.8846396,0.0,0.0,0.0,0.8475298,0.0,0.575309,0.85525745,0.0,0.0,0.6894942,0.749218,0.0,1.0159172,0.0,0.0,0.0,0.0,0.82776266,0.65259016,0.0
0.8285739,0.8427262,0.0,1.0679815,0.0,0.8877761,0.93151444,0.78281415,0.0,0.0,0.0,0.97162944,0.0,0.0,0.0,0.9962554,0.0,0.8850405,0.9306398,0.0,0.0,0.86161995,0.8926017,0.0,1.1475685,0.0,0.0,0.0,0.0,0.91736877,0.7900865,0.0
0.0,0.0,0.5880226,0.0,0.2647916,0.0,0.0,0.0,0.5741659,0.47761402,0.49828738,0.0,0.53125465,0.7305719,0.56930923,0.0,0.3978794,0.0,0.049882583,0.69416344,0.5805287,0.0,0.0,0.5283079,0.0,0.4246335,0.40917432,0.6963597,0.6703549,0.0,0.0,0.573574
0.0,0.0,0.73326683,0.0,1.1738323,0.0,0.0,0.0,0.6890675,1.0790586,1.0845449,0.0,1.2238909,1.5714531,0.8559937,0.0,1.5745542,0.0,0.0,0.9593853,1.5051739,0.0,0.0,0.43372628,0.0,0.8845342,1.5006669,1.4719596,1.1459262,0.0,0.0,1.6673176
0.0,0.0,2.1680088,0.0,1.4765633,0.0,0.0,0.0,2.4410932,4.068372,2.8380775,0.0,3.041688,3.2652261,1.1993403,0.0,3.0810928,0.0,0.0,1.7595874,1.3030709,0.0,0.0,1.298428,0.0,2.92567,3.8803718,3.2873557,1.7105902,0.0,0.0,4.101719
0.0,0.0,0.989871,0.0,1.180301,0.0,0.0,0.0,1.0597126,1.0132908,1.1766982,0.0,0.56999373,0.17721915,1.1563156,0.0,0.8098265,0.0,0.0,0.8754135,1.1090988,0.0,0.0,1.1759315,0.0,0.92315817,0.78026,1.1365105,1.2175701,0.0,0.0,0.44732696
0.9950466,1.0170429,0.0,1.191083,0.0,1.0237975,1.1684362,1.0384165,0.0,0.0,0.0,1.2257693,0.0,0.0,0.0,1.0671962,0.0,0.85870254,1.1734499,0.0,0.0,1.0179162,0.8568536,0.0,1.2987655,0.0,0.0,0.0,0.0,1.1524984,0.8987391,0.0
1.4495754,1.6897262,0.0,1.6837536,0.0,1.4388382,1.8427535,1.3235372,0.0,0.0,0.0,1.8727136,0.0,0.0,0.0,1.8927418,0.0,1.6605055,1.6864555,0.0,0.0,1.6268982,1.3684183,0.0,1.9373996,0.0,0.0,0.0,0.0,1.5867736,1.6314338,0.0
0.84473413,0.9590598,0.0,1.0492098,0.0,0.82473797,1.0503422,0.8766626,0.0,0.0,0.0,1.0053039,0.0,0.0,0.0,0.9407648,0.0,0.8239072,1.0931734,0.0,0.0,0.9807154,0.86805487,0.0,1.2998111,0.0,0.0,0.0,0.0,1.0547119,0.84347445,0.0
1.0450859,1.0573876,0.0,1.2389072,0.0,0.9605805,1.145977,0.9912843,0.0,0.0,0.0,1.2067175,0.0,0.0,0.0,1.0921739,0.0,0.9191571,1.1561286,0.0,0.0,1.0668606,0.8865974,0.0,1.3362193,0.0,0.0,0.0,0.0,1.085324,0.982625,0.0
0.62614995,0.87504727,0.0,0.91878253,0.0,0.79727024,0.8528436,0.6848489,0.0,0.0,0.0,0.8848948,0.0,0.0,0.0,0.8061841,0.0,0.60887635,0.9238935,0.0,0.0,0.76172286,0.7044668,0.0,0.9304767,0.0,0.0,0.0,0.0,0.8852677,0.6280302,0.0
0.0,0.29743102,0.30468175,0.0064868554,0.0,0.15464355,0.013493732,0.2529425,0.106277,0.010199606,0.42043743,0.051066436,0.22870728,0.0,0.40222472,0.15015998,0.0,0.0,0.24162894,0.15171614,0.21101156,0.0,0.2178333,0.24451852,0.0,0.0,0.29272678,0.19302157,0.3164582,0.023984533,0.0,0.0
0.90239924,0.94489455,0.0,0.93280035,0.0,0.80274284,0.65575486,0.9705371,0.0,0.0,0.0,0.9430223,0.0,0.0,0.0,0.93302375,0.0,1.1017116,1.176365,0.0,0.0,0.79854566,0.74517787,0.0,1.0899475,0.0,0.0,0.0,0.0,0.9046305,0.81456184,0.0
0.82988214,0.9602908,0.0,0.9507709,0.0,0.75632805,0.7683705,1.0251174,0.0,0.0,0.0,0.9853828,0.0,0.0,0.0,1.0368716,0.0,1.028399,1.2619582,0.0,0.0,0.8040749,1.0127442,0.0,1.0630248,0.0,0.0,0.0,0.0,0.9407182,1.0744686,0.0
1.4723893,1.437986,0.0,1.338374,0.0,0.9962684,1.1795796,1.3941147,0.0,0.0,0.0,1.3348681,0.0,0.0,0.0,1.4233799,0.0,1.4909025,1.371493,0.0,0.0,1.0248238,1.1727678,0.0,1.419884,0.0,0.0,0.0,0.0,1.1871153,1.3954792,0.0
1.3450814,1.6190155,0.0,1.439929,0.0,1.3401148,1.3692374,1.3455272,0.0,0.0,0.0,1.3879201,0.0,0.0,0.0,1.5215853,0.0,1.6591009,1.5654386,0.0,0.0,1.4561054,1.4005872,0.0,1.7528924,0.0,0.0,0.0,0.0,1.4247682,1.3712927,0.0
0.0,0.13407198,1.1453404,0.0,1.0235045,0.0,0.0,0.0,1.1359168,1.0876169,1.5333987,0.0,0.665158,1.0933084,1.672735,0.0,1.2871128,0.0,0.0,1.9470006,1.6824213,0.0,0.0,1.4354923,0.0,1.0792227,0.8639272,0.8588436,1.3855678,0.0,0.0,0.14907607
1.3206487,1.3761021,0.0,1.1122922,0.0,1.4413029,1.285878,1.4953823,0.0,0.0,0.0,1.2599533,0.0,0.0,0.0,1.1350054,0.0,1.5962622,1.4833366,0.0,0.0,1.230394,1.221601,0.0,1.3771161,0.0,0.0,0.0,0.0,1.1554551,1.5209471,0.0
0.0,0.0,1.0935162,0.0,1.1441398,0.0,0.0,0.0,0.88064396,0.8121595,1.0609767,0.0,0.88460076,1.0827157,1.157598,0.0,1.6661255,0.0,0.0,1.4143775,1.4561425,0.0,0.0,1.0868374,0.0,0.9488192,0.9538347,0.8375002,0.9449637,0.0,0.0,0.36121863
0.3829571,0.4940491,0.0,0.55425143,0.0,0.5088949,0.5719042,0.60186404,0.0,0.0,0.0,0.64514166,0.0,0.0,0.0,0.53753954,0.0,0.29026112,0.52828395,0.0,0.0,0.35230768,0.3492943,0.0,0.5375598,0.0,0.0,0.0,0.0,0.52521867,0.3583981,0.0
0.4611948,0.52906805,0.0,0.5237744,0.0,0.4128575,0.602494,0.6727325,0.0,0.0,0.0,0.5935058,0.0,0.0,0.0,0.705303,0.0,0.30971324,0.5840361,0.0,0.0,0.37328306,0.41720098,0.0,0.7665882,0.0,0.0,0.0,0.0,0.56828153,0.4415212,0.0
0.0,0.0,0.8183261,0.0,0.5463647,0.0,0.0,0.0,0.80362314,0.6911304,0.8607826,0.0,0.64304096,0.30091316,0.7139554,0.0,0.6565656,0.0,0.0,0.5928809,0.586286,0.0,0.0,0.96691954,0.0,0.6527568,0.654182,0.78929085,0.8929509,0.0,0.0,0.4396835
0.0,0.0,0.57105666,0.0,0.6695415,0.0,0.0,0.0,0.719501,0.6520478,0.8182619,0.0,0.79495084,0.61857206,0.8637031,0.0,0.5783581,0.0,0.0,0.88063717,0.9058164,0.0,0.0,0.50424695,0.0,0.492378,0.67331296,0.7524274,0.86333394,0.0,0.0,0.52238095
1.1992284,1.5204813,0.0,1.3647845,0.0,1.2422248,1.3632913,1.2871207,0.0,0.0,0.0,1.3981752,0.0,0.0,0.0,1.4698235,0.0,1.5881108,1.5094013,0.0,0.0,1.3708901,1.4189949,0.0,1.579089,0.0,0.0,0.0,0.0,1.3971087,1.3406932,0.0
0.7906807,0.9336451,0.0,1.0764685,0.0,0.92932993,1.0204368,0.85138136,0.0,0.0,0.0,1.0531632,0.0,0.0,0.0,0.9756993,0.0,0.81783134,1.043175,0.0,0.0,0.9171192,0.85768545,0.0,1.1814516,0.0,0.0,0.0,0.0,0.9878974,0.8249623,0.0
0.0,0.29692128,0.23523329,0.09053805,0.0,0.26661658,0.19352926,0.26193103,0.18555428,0.042859584,0.4183022,0.30581248,0.2529328,0.12467554,0.44156635,0.12859687,0.1285463,0.0,0.30320638,0.38305026,0.40669066,0.0,0.41148937,0.11946814,0.0,0.044831704,0.22294608,0.3085521,0.30712527,0.37992388,0.0,0.0020736903
0.54873985,0.5527778,0.0,0.656757,0.0,0.5227879,0.66385645,0.7933656,0.0,0.0,0.0,0.65853447,0.0,0.0,0.0,0.71608126,0.0,0.37828857,0.63742495,0.0,0.0,0.42647618,0.47939086,0.0,0.7794513,0.0,0.0,0.0,0.0,0.5871906,0.50203764,0.0
0.605157,0.8481519,0.0,0.81624234,0.0,0.6005915,0.7567703,0.7026989,0.0,0.0,0.0,0.8120304,0.0,0.0,0.0,0.74703306,0.0,0.48130715,0.6902836,0.0,0.0,0.6786741,0.64537704,0.0,0.97322816,0.0,0.0,0.0,0.0,0.90642047,0.5748026,0.0
1.0998782,1.18888,0.0,1.0403144,0.0,0.90773034,1.0180563,1.1348897,0.0,0.0,0.0,1.0173428,0.0,0.0,0.0,1.2464561,0.0,1.278362,1.2020842,0.0,0.0,1.0644405,1.0203112,0.0,1.3484124,0.0,0.0,0.0,0.0,1.0874323,0.88280207,0.0
1.2009157,1.0981368,0.0,1.0284989,0.0,0.8518127,1.0844294,1.2322247,0.0,0.0,0.0,1.1062832,0.0,0.0,0.0,1.2442327,0.0,1.2654735,1.2365854,0.0,0.0,0.980618,1.0406194,0.0,1.257554,0.0,0.0,0.0,0.0,1.0921851,1.0298444,0.0
0.79074013,1.1278447,0.0,0.9259369,0.0,0.68398136,0.9328781,0.9639342,0.0,0.0,0.0,0.8587856,0.0,0.0,0.0,1.0256498,0.0,0.9789633,0.8149902,0.0,0.0,0.7646873,0.9852356,0.0,0.93993175,0.0,0.0,0.0,0.0,0.9769573,0.69810003,0.0
0.0,0.0,1.2777599,0.0,1.0945307,0.0,0.0,0.0,1.2309082,0.98794156,1.2590475,0.0,1.2145343,1.1173533,1.1769615,0.0,1.4370476,0.0,0.0,1.0940139,1.0554128,0.0,0.0,1.1133476,0.0,1.1423539,1.0852568,1.2934806,1.1609333,0.0,0.0,1.1217833
0.0,0.0,1.0212553,0.0,1.0859747,0.0,0.0,0.0,1.1789556,1.0084792,1.1839978,0.0,0.8959995,0.56804293,1.1181467,0.0,0.78595173,0.0,0.0,0.91278374,0.9927929,0.0,0.0,1.0521718,0.0,0.872769,1.0339795,1.3399024,1.2171637,0.0,0.0,0.8250909
0.59706277,0.64404225,0.0,0.59686434,0.0,0.60719746,0.69559693,0.7891241,0.0,0.0,0.0,0.790073,0.0,0.0,0.0,0.63645524,0.0,0.51380706,0.7418817,0.0,0.0,0.58133566,0.5031358,0.0,0.76556796,0.0,0.0,0.0,0.0,0.6640813,0.5748201,0.0
1.4190621,1.5740193,0.0,1.3537953,0.0,1.0714626,1.359989,1.1874616,0.0,0.0,0.0,1.3617761,0.0,0.0,0.0,1.5536401,0.0,1.2932138,1.457253,0.0,0.0,1.19644,1.1863961,0.0,1.5334342,0.0,0.0,0.0,0.0,1.430757,1.2898664,0.0
0.0,0.0,1.4953456,0.0,0.91497564,0.0,0.0,0.0,1.1572046,0.89169437,1.2173836,0.0,1.0000417,1.2185184,1.7998729,0.0,1.177254,0.0,0.0,1.1847113,0.62112665,0.0,0.0,1.2775482,0.0,1.1610228,1.2216477,1.7676485,1.5051816,0.0,0.0,0.9939816
0.0,0.09155201,0.16549158,0.14820246,0.0,0.31794062,0.09808684,0.12606755,0.005234137,0.0,0.27931833,0.13819808,0.13745868,0.087126344,0.0,0.20616105,0.26806337,0.0,0.1351734,0.10116795,0.23911893,0.13047037,0.06654244,0.08524456,0.06282669,0.0,0.18815404,0.0,0.13877502,0.23813903,0.023495661,0.04322368
0.0,0.0,0.8390044,0.0,0.77923024,0.0,0.0,0.0,0.8994453,0.6398915,0.9808783,0.0,0.9672988,0.66707903,0.9398422,0.0,0.8295357,0.0,0.0,0.92622197,0.92264366,0.0,0.0,0.6190864,0.0,0.6756506,0.83725137,1.0516953,0.99077225,0.0,0.0,0.6862646
0.13600852,0.04486497,0.0,0.32225525,0.0,0.22406417,0.2638827,0.45021796,0.0,0.0,0.0,0.13108209,0.0,0.0,0.0,0.32869208,0.0,0.0,0.4195951,0.0,0.0,0.08789879,0.0906391,0.0,0.2720078,0.0,0.0,0.0,0.0,0.13330711,0.19815992,0.0
0.0,0.09293733,0.5958699,0.10071018,0.009531824,0.0,0.1822342,0.0,0.77621347,0.4439417,1.188158,0.0,0.46246976,0.5480244,0.8685488,0.056991942,0.9435881,0.0,0.14366642,1.174216,0.8021715,0.029307546,0.0,0.92736536,0.0,0.6736898,0.5404475,0.54253185,1.0365697,0.0816775,0.0,0.0
0.0,0.0,0.91729474,0.0,0.68543494,0.0,0.0,0.0,0.8364874,0.44612283,0.8008275,0.0,0.8671224,0.76263374,1.014776,0.0,1.1803919,0.0,0.0,0.92473763,0.82017785,0.0,0.0,0.8416832,0.0,0.58812517,0.99516606,1.080585,0.79058355,0.0,0.0,0.7337806
0.33126932,0.45006445,0.0,0.5362792,0.0,0.41798213,0.50508374,0.50827485,0.0,0.0,0.0,0.50197583,0.0,0.0,0.0,0.49419463,0.0,0.33181766,0.5281249,0.0,0.0,0.37239325,0.37090403,0.0,0.57659787,0.0,0.0,0.0,0.0,0.512396,0.37161922,0.0
0.0,0.0,1.7603008,0.0,0.63436425,0.0,0.0,0.0,1.0015602,2.046075,1.229643,0.0,1.9129909,2.2834015,0.53511983,0.0,1.368877,0.0,0.0,1.346181,1.0340602,0.0,0.0,0.74247617,0.0,2.21844,1.407028,1.0050284,1.4644333,0.0,0.0,2.146428
0.20010722,0.63791335,0.0,0.52423096,0.0,0.76754534,0.4121632,0.4339536,0.0,0.0,0.0,0.50491214,0.0,0.0,0.0046567917,0.36682183,0.0,0.34675178,0.5129788,0.0,0.0,0.42490533,0.6620569,0.0,0.37821335,0.0,0.0,0.0,0.0,0.59612495,0.38272333,0.0
0.0,0.050909407,0.48382562,0.0,0.0261106,0.013919952,0.0,0.14989665,0.6265966,0.55771995,0.5055989,0.0,0.6690351,0.3547284,0.4743078,0.0,0.14833067,0.0,0.0,0.7569818,0.0,0.0,0.0399818,0.16079687,0.0,0.45160347,0.4200546,0.6035707,0.5591396,0.08418839,0.0,0.5531542
0.98147154,1.0886215,0.0,1.2445495,0.0,0.89098215,1.1828507,1.025664,0.0,0.0,0.0,1.1642874,0.0,0.0,0.0,1.0594231,0.0,0.7731857,1.1866561,0.0,0.0,1.0293642,0.85451114,0.0,1.2982447,0.0,0.0,0.0,0.0,1.1280774,0.88360506,0.0
0.0,0.0,1.3583611,0.0,0.90365916,0.0,0.0,0.0,1.5698775,1.0214102,1.264208,0.0,1.2179525,1.5606898,1.6684119,0.0,0.82414424,0.0,0.0,1.0969702,0.95460325,0.0,0.0,0.8547982,0.0,1.1468493,1.6420573,2.0212018,1.5960568,0.0,0.0,1.4824021
0.6169809,0.75240374,0.0,0.8665943,0.0,0.5843134,0.841759,0.75325805,0.0,0.0,0.0,0.7977363,0.0,0.0,0.0,0.84248793,0.0,0.64250404,0.8078047,0.0,0.0,0.77937657,0.87734425,0.0,1.0347425,0.0,0.0,0.0,0.0,0.96178496,0.568841,0.0
0.0,0.0,1.4386493,0.0,1.2554026,0.0,0.0,0.0,1.3247032,1.4038996,1.2148908,0.0,1.2650039,1.3339767,1.3126576,0.0,1.4783477,0.0,0.0,1.4829918,1.4403459,0.0,0.0,1.5525316,0.0,1.253775,1.2235619,1.1657249,1.1615125,0.0,0.0,1.111131
0.0,0.0,1.0090288,0.0,1.2080683,0.0,0.0,0.0,0.9492627,1.0904081,0.9919797,0.0,1.1212888,1.1921228,1.0600877,0.0,1.1734725,0.0,0.0,1.3416125,1.3847921,0.0,0.0,0.99040633,0.0,0.9992819,0.7501073,0.9435618,1.1005204,0.0,0.0,0.93799657
0.74944586,0.8012896,0.0,0.9266469,0.0,0.75748706,1.0528471,0.9216762,0.0,0.0,0.0,1.0385966,0.0,0.0,0.0,0.8587581,0.0,0.76105016,1.0277399,0.0,0.0,0.91682947,0.82087517,0.0,1.003519,0.0,0.0,0.0,0.0,0.86656785,0.663209,0.0
0.32530743,0.0,0.93564594,0.0,0.0,0.0,0.0,0.0,0.6703679,0.0,1.3838675,0.0,0.0190517,0.0,1.5543764,0.0,2.215351,0.5317194,0.0,0.5246219,2.3155951,0.0,0.2657602,0.79925895,0.0,0.0,0.8065111,0.75639796,0.38978657,0.0,0.1401208,0.0
0.0,0.0,1.0034539,0.0,0.6173827,0.0,0.0,0.0,0.90456015,0.6696128,0.94729596,0.0,1.0581316,0.8969116,0.80936927,0.0,1.2414967,0.0,0.0,0.9533285,0.74746436,0.0,0.0,0.98796326,0.0,0.73811066,0.942317,0.8820376,0.8657465,0.0,0.0,0.91432244
0.7568663,0.91787505,0.0,1.0253348,0.0,0.7984269,0.9785229,0.797383,0.0,0.0,0.0,0.92699987,0.0,0.0,0.0,0.924782,0.0,0.6767846,0.9872196,0.0,0.0,0.80685806,0.7705771,0.0,1.0414735,0.0,0.0,0.0,0.0,0.9453507,0.72425663,0.0
0.0,0.0,0.95253897,0.0,0.8834612,0.0,0.0,0.0,1.0954998,0.7432651,1.1201893,0.0,0.85911894,0.67332095,1.0799704,0.0,1.0766668,0.0,0.0,0.9452576,0.8847605,0.0,0.0,0.87366587,0.0,0.7805083,0.9043052,1.303373,1.1041496,0.0,0.0,0.7218667
0.0,0.0,1.2081324,0.0,1.1031284,0.0,0.0,0.0,1.1931388,0.9186048,1.1362796,0.0,1.1116172,1.3843522,1.3119688,0.0,1.6853868,0.0,0.0,1.3808569,1.2453912,0.0,0.0,1.0526711,0.0,0.92529696,1.2235737,1.254456,1.0234624,0.0,0.0,0.92689574
0.88103473,0.9058463,0.0,1.157084,0.0,1.022572,1.0461705,0.8864946,0.0,0.0,0.0,1.0796689,0.0,0.0,0.0,0.8394485,0.0,0.8286874,1.0784291,0.0,0.0,1.0237802,0.80652344,0.0,1.1440963,0.0,0.0,0.0,0.0,1.1050339,0.74335515,0.0
0.0,0.0,1.7329443,0.0,0.7617429,0.0,0.0,0.0,1.5659388,1.3904881,1.3884987,0.0,1.9212693,2.0944076,1.5725582,0.0,1.2910132,0.0,0.0,1.2709047,0.9009858,0.0,0.0,1.1499244,0.0,1.3500819,1.9219403,2.1849048,1.7237152,0.0,0.0,2.403815
0.507224,0.6855614,0.0,0.7376239,0.0,0.6571857,0.801978,0.78047144,0.0,0.0,0.0,0.885587,0.0,0.0,0.0,0.77881944,0.0,0.5432313,0.80551964,0.0,0.0,0.7123189,0.6311829,0.0,0.8005341,0.0,0.0,0.0,0.0,0.80660295,0.57546186,0.0
0.0,0.0,1.0210127,0.0,0.7637571,0.0,0.0,0.0,0.71915144,0.77905065,0.9656386,0.0,0.8695254,0.8153331,0.98013574,0.0,1.0208251,0.0,0.0,1.0312998,1.0158839,0.0,0.0,0.9013272,0.0,0.7598095,0.8588967,0.83872056,0.6171022,0.0,0.0,0.6620907
0.0,0.28422102,0.06438294,0.3609248,0.0,0.3442228,0.37789398,0.28575885,0.0,0.0,0.0,0.36552835,0.09362665,0.0,0.0106636435,0.36486107,0.0,0.26941034,0.4779396,0.107610844,0.05932165,0.3033785,0.427678,0.0,0.29071677,0.0,0.011185907,0.0,0.0,0.3924768,0.21178707,0.036504686
0.0,0.0,0.6048492,0.0,0.0,0.0,0.0,0.0,0.5221155,0.43826547,0.5402994,0.0,0.8272429,0.64909583,0.22490439,0.0,0.86747694,0.0,0.0,0.7530191,0.3942132,0.0,0.0,0.55671906,0.0,0.41274595,0.5337916,0.13345022,0.44059995,0.0,0.0,0.5652739
0.0,0.0,1.0206023,0.0,1.0541866,0.0,0.0,0.0,1.1119615,0.99705124,1.1824837,0.0,0.9182658,0.72994953,1.1751648,0.0,1.0175738,0.0,0.0,1.0482241,1.1216353,0.0,0.0,1.0478727,0.0,0.88941985,1.0086296,1.2392317,1.1580157,0.0,0.0,0.8171301
0.6241875,0.8094331,0.0,0.7518749,0.0,0.7263207,0.84607637,0.71954155,0.0,0.0,0.0,1.0257546,0.0,0.0,0.0,0.78927207,0.0,0.536824,0.78502625,0.0,0.0,0.80683947,0.7551124,0.0,0.9435528,0.0,0.0,0.0,0.0,0.8441232,0.6681491,0.0
0.30873698,0.6199327,0.0,0.56158507,0.0,0.72220755,0.5956485,0.47983593,0.0,0.0,0.0,0.7307437,0.0,0.0,0.0,0.634239,0.0,0.4063735,0.60278696,0.0,0.0,0.6345217,0.73799837,0.0,0.716349,0.0,0.0,0.0,0.0,0.83760583,0.48657563,0.0
0.76315224,0.9505907,0.0,0.9774634,0.0,0.6794791,1.0515969,0.92702967,0.0,0.0,0.0,0.9198712,0.0,0.0,0.0,0.90837926,0.0,0.60162807,1.0711665,0.0,0.0,0.8328731,0.6813921,0.0,1.0731571,0.0,0.0,0.0,0.0,0.92077625,0.8260807,0.0
0.0,0.0,1.5862504,0.0,0.49884194,0.0,0.0,0.0,1.5303811,1.247917,1.7288846,0.0,1.2700349,1.8233135,1.5410187,0.0,0.5528319,0.0,0.0,1.6948225,0.58001953,0.0,0.0,1.1288457,0.0,1.7238142,0.92004365,0.81746423,1.9075768,0.0,0.0,1.3452525
0.10875599,0.6526322,0.0,0.4925042,0.0,0.4292647,0.6536711,0.61794734,0.0,0.0,0.0,0.7917866,0.0,0.0,0.0,0.65066457,0.0,0.29696023,0.8576234,0.0,0.0,0.55214965,0.5290227,0.0,0.46118665,0.0,0.0,0.0,0.0,0.5627375,0.45619085,0.0
1.2703434,1.456907,0.0,1.2742677,0.0,0.9414139,1.1285082,1.303274,0.0,0.0,0.0,1.1334211,0.0,0.0,0.0,1.198235,0.0,1.1668547,1.3828638,0.0,0.0,1.0183268,0.9547858,0.0,1.2297038,0.0,0.0,0.0,0.0,1.181316,1.1648561,0.0
1.0292845,1.4020817,0.0,0.93596095,0.0,0.8905419,0.863691,1.1206977,0.0,0.0,0.0,0.90850693,0.0,0.0,0.0,1.0450166,0.0,1.1536926,1.2090592,0.0,0.0,0.9449976,0.84292674,0.0,1.1753265,0.0,0.0,0.0,0.0,1.0176275,0.9260375,0.0
1.2337332,1.4956653,0.0,1.2202477,0.0,0.94686013,1.0364319,1.2476146,0.0,0.0,0.0,1.0825993,0.0,0.0,0.0,1.1654329,0.0,1.1989722,1.3457052,0.0,0.0,0.9999242,0.90617085,0.0,1.2481176,0.0,0.0,0.0,0.0,1.1652695,1.0460422,0.0
1.1878104,1.3957672,0.0,1.1947436,0.0,0.8388359,1.0601422,1.2545978,0.0,0.0,0.0,1.1033491,0.0,0.0,0.0,1.1396366,0.0,1.1100938,1.2869414,0.0,0.0,0.91521376,0.90480554,0.0,1.1258478,0.0,0.0,0.0,0.0,1.0997319,1.1122088,0.0
0.4498449,0.7007107,0.0,0.7541135,0.0,0.57231843,0.70774585,0.4724392,0.0,0.0,0.0,0.662126,0.0,0.0,0.0,0.7601916,0.0,0.5209894,0.7443736,0.0,0.0,0.63728845,0.680781,0.0,0.8676995,0.0,0.0,0.0,0.0,0.87538755,0.4582184,0.0
0.3831753,0.6647722,0.0,0.6669038,0.0,0.6374669,0.74263626,0.50687075,0.0,0.0,0.0,0.7243303,0.0,0.0,0.0,0.6961532,0.0,0.61039823,0.74108136,0.0,0.0,0.7321452,0.6426493,0.0,0.7767329,0.0,0.0,0.0,0.0,0.7779428,0.49247667,0.0
0.040542487,0.46835425,0.11671476,0.30421427,0.0,0.0,0.7235254,0.0,0.1534476,0.0,0.45618066,0.44366628,0.0,0.012851536,0.10360374,0.46053898,0.0,0.0,0.4551749,0.25324914,0.0,0.3901704,0.0,0.27210957,0.20423058,0.024788037,0.08371985,0.042686872,0.420673,0.5541861,0.2705552,0.0
0.36425543,0.44208524,0.0,0.41157988,0.0,0.51344675,0.4622723,0.5273111,0.0,0.0,0.0,0.5448289,0.0,0.0,0.0,0.4492125,0.0,0.42667824,0.6308814,0.0,0.0,0.5085951,0.26100737,0.0,0.55789256,0.0,0.0,0.0,0.0,0.4113865,0.4254213,0.0
0.0,0.0,1.608168,0.0,1.5056487,0.0,0.0,0.0,1.399078,1.6620755,1.2352839,0.0,1.5631775,1.8172641,1.1332542,0.0,1.73897,0.0,0.0,1.800349,2.0740712,0.0,0.0,1.7795769,0.0,1.5014741,1.2827222,0.4905373,1.4422405,0.0,0.0,1.3074636
1.2117085,1.7206405,0.0,1.4740715,0.0,1.1600045,1.1106279,1.2612973,0.0,0.0,0.0,1.2450697,0.0,0.0,0.0,1.1884224,0.0,1.3149518,1.4968867,0.0,0.0,1.1812011,1.0669191,0.0,1.4079139,0.0,0.0,0.0,0.0,1.3460017,1.2196056,0.0
1.2245977,1.2713774,0.0,1.1112156,0.0,1.1333046,1.1510079,1.3478758,0.0,0.0,0.0,1.159568,0.0,0.0,0.0,1.2451526,0.0,1.380217,1.3194525,0.0,0.0,1.1090052,1.1731232,0.0,1.3462062,0.0,0.0,0.0,0.0,1.2295508,1.2916517,0.0
1.4193846,1.4082408,0.0,1.242136,0.0,1.419907,1.340696,1.5549583,0.0,0.0,0.0,1.3295603,0.0,0.0,0.0,1.2006414,0.0,1.6049974,1.5360492,0.0,0.0,1.222425,1.193749,0.0,1.3989719,0.0,0.0,0.0,0.0,1.1921268,1.5470378,0.0
1.3166702,1.4232635,0.0,1.3758224,0.0,1.173417,1.2907956,1.4391587,0.0,0.0,0.0,1.312173,0.0,0.0,0.0,1.3643324,0.0,1.417492,1.4221735,0.0,0.0,1.207854,1.1820055,0.0,1.4471116,0.0,0.0,0.0,0.0,1.3386475,1.3160775,0.0
1.3392178,1.2599996,0.0,1.2270421,0.0,1.009857,1.1730889,1.4280409,0.0,0.0,0.0,1.2198478,0.0,0.0,0.0,1.300139,0.0,1.3553413,1.3395419,0.0,0.0,1.0435766,1.0688518,0.0,1.3405099,0.0,0.0,0.0,0.0,1.18966,1.3075409,0.0
1.0768287,1.2031273,0.0,0.9314761,0.0,1.1028622,1.0714568,1.2731197,0.0,0.0,0.0,1.0650798,0.0,0.0,0.0,1.1568116,0.0,1.3452753,1.225501,0.0,0.0,1.0864245,1.167282,0.0,1.2921222,0.0,0.0,0.0,0.0,1.1491061,1.2301064,0.0
0.3586133,0.5447602,0.0,0.5227704,0.0,0.5610919,0.5218585,0.56618494,0.0,0.0,0.0,0.5937064,0.0,0.0,0.0,0.59860766,0.0,0.49891594,0.68445456,0.0,0.0,0.4441434,0.44186997,0.0,0.597765,0.0,0.0,0.0,0.0,0.44905955,0.40463585,0.0
1.0830679,1.2189181,0.0,1.0429626,0.0,0.96947926,0.99254274,1.1763084,0.0,0.0,0.0,1.0983294,0.0,0.0,0.0,1.1832626,0.0,1.3444792,1.2133275,0.0,0.0,0.9914994,1.1766847,0.0,1.2440631,0.0,0.0,0.0,0.0,1.1512966,1.0004331,0.0
1.2836089,1.335733,0.0,1.0894431,0.0,1.1337879,1.094301,1.3850895,0.0,0.0,0.0,1.2114995,0.0,0.0,0.0,1.3087367,0.0,1.4649109,1.3379458,0.0,0.0,1.1113051,1.2023258,0.0,1.386472,0.0,0.0,0.0,0.0,1.1717108,1.0672976,0.0
1.1481813,1.1539079,0.0,0.9077767,0.0,0.9793379,1.0676858,1.3691906,0.0,0.0,0.0,1.2058032,0.0,0.0,0.0,1.2479045,0.0,1.4020752,1.2674268,0.0,0.0,0.97953546,1.1566404,0.0,1.1755546,0.0,0.0,0.0,0.0,1.0606574,1.0377924,0.0
0.27123338,0.55503654,0.0,0.49940267,0.0,0.588508,0.61491334,0.5535034,0.0,0.0,0.0,0.72859997,0.0,0.0,0.0,0.5231317,0.0,0.44385552,0.6902746,0.0,0.0,0.5634084,0.4348269,0.0,0.57226574,0.0,0.0,0.0,0.0,0.59997255,0.43611988,0.0
0.0,0.0,0.6777431,0.0,0.2625323,0.0,0.0,0.0,0.59813225,0.6432412,0.58296204,0.0,0.76434565,0.79752105,0.41775995,0.0,0.92520744,0.0,0.0,0.8341899,0.63264453,0.0,0.0,0.8121396,0.0,0.4680481,0.48514777,0.38993043,0.5974474,0.0,0.0,0.40719932
0.0,0.0,0.4471323,0.0,0.05281419,0.0,0.036771256,0.0,0.7531313,0.45024058,1.158897,0.0,0.5233421,0.512056,0.6915668,0.0,0.6693745,0.0,0.36263207,0.9275676,0.5578686,0.0,0.0,1.2460381,0.0,0.5586238,0.43262547,0.520776,1.0653834,0.0,0.18077886,0.24070798
0.5659602,0.7124169,0.0,0.6628152,0.0,0.7379903,0.88297045,0.86946464,0.0,0.0,0.0,0.90171057,0.0,0.0,0.0,0.7967885,0.0,0.65549815,0.8740083,0.0,0.0,0.71535337,0.66739225,0.0,0.8376098,0.0,0.0,0.0,0.0,0.7779705,0.63112414,0.0
0.0,0.0,0.0024541467,0.06326249,0.0,0.033693854,0.0,0.09708068,0.0,0.0,0.08096672,0.0,0.16695665,0.0,0.0,0.095402226,0.0,0.0,0.14676128,0.0,0.0,0.0,0.0,0.09144358,0.054229543,0.0,0.19595623,0.0,0.0,0.0,0.11086665,0.022731788
1.1006101,1.3889103,0.0,0.9687109,0.0,1.0704938,1.0768178,1.0696111,0.0,0.0,0.0,1.3903105,0.0,0.0,0.0,1.099107,0.0,1.2851622,1.348479,0.0,0.0,1.1948143,1.0467341,0.0,1.3450575,0.0,0.0,0.0,0.0,1.0893276,1.1056262,0.0
1.4292418,1.7091727,0.0,1.3999456,0.0,1.159192,1.2738035,1.3488605,0.0,0.0,0.0,1.3575468,0.0,0.0,0.0,1.5343177,0.0,1.4914068,1.5113921,0.0,0.0,1.2765299,1.1890683,0.0,1.6652683,0.0,0.0,0.0,0.0,1.3623428,1.3219115,0.0
1.3628253,1.639252,0.0,1.3472304,0.0,1.129268,1.2850852,1.3086374,0.0,0.0,0.0,1.3708704,0.0,0.0,0.0,1.5642236,0.0,1.4845872,1.515606,0.0,0.0,1.2436126,1.2115414,0.0,1.6129115,0.0,0.0,0.0,0.0,1.3477442,1.3216146,0.0
0.27879828,0.39840364,0.0018062443,0.4352916,0.0,0.21832444,0.45769578,0.30841509,0.0,0.0,0.08673205,0.44706523,0.074290514,0.14281273,0.0,0.2546661,0.0,0.0033556297,0.3929118,0.0052998215,0.0,0.29097265,0.34240693,0.0,0.42438078,0.0,0.0,0.0,0.0,0.53564507,0.29998222,0.0
0.3585779,0.60370576,0.0,0.5095059,0.0,0.5589982,0.65788954,0.5663593,0.0,0.0,0.0,0.5139669,0.0,0.0,0.0,0.57196015,0.0,0.38602313,0.737062,0.0,0.0,0.5390104,0.5026103,0.0,0.6323798,0.0,0.0,0.0,0.0,0.6857269,0.3677723,0.0
0.49380028,0.5855196,0.0,0.67174816,0.0,0.6951232,0.730875,0.76763487,0.0,0.0,0.0,0.7533943,0.0,0.0,0.0,0.7342904,0.0,0.55817217,0.77389145,0.0,0.0,0.6156884,0.47046003,0.0,0.78200513,0.0,0.0,0.0,0.0,0.62792087,0.5291562,0.0
1.1297536,1.3683392,0.0,1.124882,0.0,0.61155,1.1151584,1.1494371,0.0,0.0,0.0,1.1243578,0.0,0.0,0.0,1.4545162,0.0,1.2014707,1.0832726,0.0,0.0,1.079703,1.18151,0.0,1.3843077,0.0,0.0,0.0,0.0,1.3220611,0.9573504,0.0
0.3660736,0.61394215,0.0,0.4835842,0.0,0.60552627,0.55270505,0.6077448,0.0,0.0,0.0,0.6590984,0.0,0.0,0.0,0.59837055,0.0,0.5206766,0.5885491,0.0,0.0,0.59501046,0.46284634,0.0,0.67238474,0.0,0.0,0.0,0.0,0.5817136,0.39864442,0.0
0.400073,0.5232672,0.0,0.57625586,0.0,0.55854106,0.6672045,0.66070384,0.0,0.0,0.0,0.64767814,0.0,0.0,0.0,0.65202874,0.0,0.40451205,0.7327416,0.0,0.0,0.4904152,0.44300196,0.0,0.7090491,0.0,0.0,0.0,0.0,0.6236741,0.55257374,0.0
0.6915626,0.8909349,0.0,1.0193585,0.0,0.73127043,0.7834937,0.7955989,0.0,0.0,0.0,0.8424567,0.0,0.0,0.0,0.77409196,0.0,0.74107057,1.0166143,0.0,0.0,0.9056264,0.7211851,0.0,1.0559442,0.0,0.0,0.0,0.0,0.8876504,0.57289577,0.0
1.296849,1.4157429,0.0,1.1890553,0.0,1.2527667,1.2563714,1.1977925,0.0,0.0,0.0,1.5067047,0.0,0.0,0.0,1.1963412,0.0,1.4110615,1.5215259,0.0,0.0,1.3816619,1.2748377,0.0,1.549928,0.0,0.0,0.0,0.0,1.2596909,1.2358407,0.0
0.61197555,0.74535143,0.0,0.8272874,0.0,0.7475086,0.8858455,0.82400393,0.0,0.0,0.0,0.9363976,0.0,0.0,0.0,0.7178589,0.0,0.5151206,0.98594034,0.0,0.0,0.8525108,0.6298239,0.0,0.8553535,0.0,0.0,0.0,0.0,0.74287474,0.56525123,0.0
1.6584169,1.5486883,0.0,1.6050354,0.0,1.4688352,1.526578,1.7052612,0.0,0.0,0.0,1.555846,0.0,0.0,0.0,1.3912042,0.0,1.6983485,1.7051182,0.0,0.0,1.2806572,1.1824958,0.0,1.5109625,0.0,0.0,0.0,0.0,1.343986,1.6378338,0.0
0.0,0.0,1.0295439,0.0,1.1399674,0.0,0.0,0.0,0.82785386,0.89636314,0.9720264,0.0,0.9046617,1.0129517,1.1205182,0.0,1.1282781,0.0,0.0,1.1098111,1.3319695,0.0,0.0,0.83409524,0.0,0.9924567,0.7507939,0.93629706,0.8548471,0.0,0.0,0.56506544
0.0,0.07905204,0.4895255,0.0,0.019814951,0.0059200786,0.0,0.032028645,0.3448316,0.04437371,0.47761232,0.059991874,0.37369853,0.43883398,0.39950374,0.0,0.9542389,0.0,0.0,0.6952693,0.6207092,0.051690258,0.0,0.32059002,0.0,0.33396292,0.39632505,0.29701996,0.43408424,0.1944876,0.0,0.0
0.10708342,0.18668184,0.0,0.20169097,0.0,0.33833396,0.25891715,0.23711331,0.0,0.0,0.119088024,0.22451864,0.07540598,0.0,0.0,0.25859404,0.0,0.13581395,0.5027842,0.03631729,0.0,0.27201393,0.16020478,0.0,0.2768793,0.0,0.0,0.0,0.0052771494,0.2689118,0.2344291,0.0
0.0,0.0,1.219771,0.0,1.2555674,0.0,0.0,0.0,1.1907446,1.0815586,1.1045235,0.0,0.8859748,0.96411735,1.497581,0.0,1.3638874,0.0,0.0,1.2270046,1.4857848,0.0,0.0,1.4814552,0.0,0.8793281,1.0569158,1.296195,1.1760364,0.0,0.0,0.8841416
0.0,0.0,0.12917897,0.0,0.0,0.0,0.17690173,0.22727017,0.0,0.1383419,0.12089421,0.0,0.2042172,0.0,0.0,0.18482783,0.0,0.0,0.029191002,0.08495353,0.0,0.0,0.0,0.24056059,0.24358864,0.0,0.17683035,0.0,0.041031808,0.03454844,0.04397535,0.0
0.61960435,0.7064147,0.0,0.77730703,0.0,0.73057574,0.8623309,0.8149952,0.0,0.0,0.0,0.9217091,0.0,0.0,0.0,0.791455,0.0,0.5905187,0.7942212,0.0,0.0,0.696605,0.67297435,0.0,0.9207707,0.0,0.0,0.0,0.0,0.86211675,0.62244195,0.0
0.6248383,0.7194686,0.0,0.75776017,0.0,0.6328347,0.7705471,0.71236044,0.0,0.0,0.0,0.8488608,0.0,0.0,0.0,0.63966995,0.0,0.5353946,0.85030985,0.0,0.0,0.7378091,0.62008774,0.0,0.8317814,0.0,0.0,0.0,0.0,0.78308177,0.6079969,0.0
1.0449818,1.2627301,0.0,0.96080136,0.0,0.81481004,0.7959749,1.0405433,0.0,0.0,0.0,1.0334986,0.0,0.0,0.0,1.1053712,0.0,1.236145,1.2232254,0.0,0.0,0.9435519,0.9698652,0.0,1.2532346,0.0,0.0,0.0,0.0,0.9925788,0.9464693,0.0
1.1776081,1.2579819,0.0,1.0520281,0.0,0.8498049,0.9058994,1.1178182,0.0,0.0,0.0,1.0946014,0.0,0.0,0.0,1.1571335,0.0,1.248959,1.308858,0.0,0.0,0.9721737,1.0456643,0.0,1.3164194,0.0,0.0,0.0,0.0,1.0894867,1.0533751,0.0
1.1549717,1.41581,0.0,1.3184153,0.0,0.94175935,1.0684075,1.2198796,0.0,0.0,0.0,1.2263209,0.0,0.0,0.0,1.2087402,0.0,1.2571257,1.44732,0.0,0.0,1.1871028,1.1611348,0.0,1.3868951,0.0,0.0,0.0,0.0,1.2264545,1.0964104,0.0
0.23525381,0.535586,0.0,0.535074,0.0,0.5938948,0.56125003,0.44600412,0.0,0.0,0.0,0.6688796,0.0,0.0,0.0,0.35830402,0.0,0.40739214,0.65705293,0.0,0.0,0.58263636,0.43842366,0.0,0.46844518,0.0,0.0,0.0,0.0,0.58547264,0.33180073,0.0
0.6228942,0.9301718,0.0,0.72793126,0.0,1.0854263,0.9135595,0.75769246,0.0,0.0,0.0,0.965704,0.0,0.0,0.0,0.48761284,0.0,0.78134876,0.9608142,0.0,0.0,0.8348971,0.7232603,0.0,0.7823239,0.0,0.0,0.0,0.0,0.9495204,0.6086334,0.0
0.70426214,0.95238507,0.0,0.7610487,0.0,1.1448694,0.96252275,0.762181,0.0,0.0,0.0,0.9354044,0.0,0.0,0.0,0.49571514,0.0,0.7829928,0.96814144,0.0,0.0,0.87504613,0.7793386,0.0,0.81995755,0.0,0.0,0.0,0.0,0.97907233,0.6440216,0.0
0.0,0.0,1.1188576,0.0,1.6374686,0.0,0.0,0.0,1.1238384,1.4421779,1.1871516,0.0,1.0641367,1.3122537,1.4643978,0.0,1.4912455,0.0,0.0,1.3760748,1.7610204,0.0,0.0,1.5499886,0.0,1.1081694,0.85843384,1.332674,1.0917774,0.0,0.0,0.82341963
0.22824723,0.34251142,0.07550823,0.31561285,0.02940023,0.0,0.40680474,0.22252545,0.049269795,0.052622803,0.071244255,0.3533218,0.101895034,0.5111618,0.0,0.2922455,0.30856502,0.04446219,0.18364525,0.16497496,0.03996531,0.1179628,0.19651869,0.0,0.35080075,0.07854386,0.0,0.0,0.026936598,0.4004701,0.12947993,0.05507354
0.0,0.0,0.9060613,0.0,0.54210067,0.0,0.0,0.0,0.7114754,0.8002008,0.77335954,0.0,0.77390796,0.7968143,0.80702466,0.0,0.97179663,0.0,0.0,0.96312666,0.84249836,0.0,0.0,0.9112415,0.0,0.66913056,0.78383785,0.7456316,0.61550474,0.0,0.0,0.6746469
0.0,0.0,1.3592036,0.0,1.1240213,0.0,0.0,0.0,1.3819822,1.1822081,1.4422488,0.0,0.93512243,1.1764766,1.5034366,0.0,1.0461609,0.0,0.0,1.2476081,0.7534396,0.0,0.0,0.95967054,0.0,1.4223547,0.7519433,1.991845,1.7201195,0.0,0.0,0.88913894
0.0,0.0,0.8877919,0.0,0.82424015,0.0,0.0,0.0,0.83027345,0.77946615,0.87373877,0.0,0.6366526,0.62244457,1.035655,0.0,0.8672175,0.0,0.0,0.9001681,0.99742806,0.0,0.0,0.85920835,0.0,0.67508477,0.7751517,0.93060774,0.83719784,0.0,0.0,0.5067448
0.0,0.0,0.67965424,0.0,0.36541843,0.0,0.0,0.0,0.53873795,0.579889,0.58686644,0.0,0.5024177,0.5292015,0.720516,0.0,0.76599294,0.0,0.0,0.7706123,0.62390286,0.0,0.0,0.64168614,0.0,0.43087137,0.5867533,0.67394125,0.5064975,0.0,0.0,0.43321645
0.0,0.0,0.4215978,0.0,0.0,0.0,0.0,0.0,0.34019762,0.46358994,0.28404394,0.0,0.46943074,0.28427023,0.010139242,0.0,0.2857355,0.0,0.0053336546,0.42257473,0.23846444,0.0,0.0,0.61724985,0.0,0.1102404,0.4056028,0.054808542,0.3476953,0.0,0.0,0.28922087
0.0,0.0,0.92886245,0.0,1.1721702,0.0,0.0,0.0,1.3054876,1.8435432,1.3686575,0.0,1.2010658,1.2004966,0.8303284,0.0,1.3517501,0.0,0.0,1.7001303,0.7892866,0.0,0.0,1.0515362,0.0,1.4120854,0.98311394,1.2682664,1.0574439,0.0,0.0,1.1463913
1.396849,0.66248965,0.0,0.77309215,0.0,1.1149551,0.7158824,1.018794,0.0,0.0,0.0,1.0577857,0.0,0.0,0.0,1.0014662,0.0,1.1670004,0.9851006,0.0,0.0,0.7702321,1.0339451,0.0,0.65745103,0.0,0.0,0.0,0.0,1.0005156,0.9385914,0.0
1.5387241,0.49385974,0.0,0.86815906,0.0,1.2758702,0.99089396,1.2287712,0.0,0.0,0.0,1.3221829,0.0,0.0,0.0,1.2431139,0.0,1.4149667,1.2282598,0.0,0.0,1.0318261,0.94311285,0.0,0.92096806,0.0,0.0,0.0,0.0,1.1050965,0.97299254,0.0
0.0,0.0,0.5263108,0.0,0.13176015,0.0,0.0,0.0,0.21094653,0.16274415,0.4202318,0.0,0.553041,0.23759836,0.29276088,0.0,0.48385498,0.0,0.0,0.3596181,0.4440977,0.0,0.0,0.623467,0.0,0.168636,0.42803955,0.34181035,0.30125865,0.0,0.01355705,0.5062609
0.0,0.0,1.5213472,0.0,1.9113674,0.0,0.0,0.0,1.990485,2.0730882,1.9679099,0.0,1.6287345,1.9666038,1.185477,0.0,2.219703,0.0,0.0,2.1548018,1.3994142,0.0,0.0,1.4665682,0.0,2.0056043,1.6738963,1.5933086,1.4999465,0.0,0.0,1.2662745
0.0,0.0,0.9447508,0.0,0.7452933,0.0,0.0,0.0,0.885957,0.56228787,0.78137624,0.0,0.9382672,0.7621629,1.1500565,0.0,0.8931957,0.0,0.0,1.1434971,0.88532174,0.0,0.0,0.5903746,0.0,0.53554404,1.0389714,0.93295354,0.82521266,0.0,0.0,0.58637536
0.0,0.0,0.9794698,0.0,0.7724777,0.0,0.0,0.0,0.95358616,0.8121151,0.9327983,0.0,0.87788385,0.67098844,0.9088839,0.0,1.0859748,0.0,0.0,0.8772123,1.0128063,0.0,0.0,1.217524,0.0,0.5956971,0.9422064,0.8662646,1.0228465,0.0,0.0,0.6758893
0.0,0.0,0.87958276,0.0,0.57377493,0.0,0.0,0.0,1.2184765,1.4111236,1.1765932,0.0,1.224391,0.5850934,1.0402632,0.0,0.015494257,0.0,0.0,1.326673,0.1911749,0.0,0.0,0.8949796,0.0,1.0164733,0.97236663,1.3446794,0.8969861,0.0,0.0,1.3751535
1.2315447,1.4941957,0.0,1.2257736,0.0,1.5952876,1.3934516,1.4412547,0.0,0.0,0.0,1.4066683,0.0,0.0,0.0,1.1769016,0.0,1.7400095,1.5478511,0.0,0.0,1.3831067,1.3172134,0.0,1.4559255,0.0,0.0,0.0,0.0,1.303119,1.4756744,0.0
0.0,0.0,1.2497025,0.0,1.2157233,0.0,0.0,0.0,1.3677683,1.1759807,1.3492674,0.0,1.1730986,1.3046505,1.1344122,0.0,1.1609412,0.0,0.0,1.3287227,1.248545,0.0,0.0,1.2670523,0.0,1.4483072,0.9189281,1.2436674,1.3866401,0.0,0.0,0.93367213
0.63005716,0.6966546,0.0,0.8464247,0.0,0.64300764,0.96718156,0.9473751,0.0,0.0,0.0,0.9874579,0.0,0.0,0.0,0.78321344,0.0,0.5616337,0.80420005,0.0,0.0,0.72658557,0.66164637,0.0,0.86481315,0.0,0.0,0.0,0.0,0.85808796,0.49789065,0.0
1.137627,1.108378,0.0,1.0274793,0.0,1.6233333,1.2480423,1.4466295,0.0,0.0,0.0,1.7692332,0.0,0.0,0.0,1.3539224,0.0,1.5163609,1.266992,0.0,0.0,1.4408313,1.7617931,0.0,1.4479166,0.0,0.0,0.0,0.0,1.3349314,1.5589814,0.0
0.0,0.0,0.89099395,0.0,0.99022883,0.0,0.0,0.0,0.8671358,0.70362204,1.023391,0.0,0.8426849,0.8686591,1.0065491,0.0,1.1740569,0.0,0.0,1.1318046,1.0246886,0.0,0.0,0.7250804,0.0,0.82980746,0.7844003,0.9798627,0.8964759,0.0,0.0,0.46260428
0.10862404,0.0,0.54445297,0.0,0.0,0.39486542,0.0,0.0,0.0,0.22993049,0.4871776,0.0,0.43511003,0.37670487,0.11126989,0.0,1.160672,0.0,0.0,0.0,1.2122805,0.049623016,0.03036382,0.0,0.0,0.4844768,0.8721529,0.13662827,0.30096346,0.0,0.0,0.2999261
0.14818555,0.0,0.0,0.0,0.65346116,0.0,0.4265352,0.0,0.1285413,0.34117872,0.0,0.48973304,0.47219658,1.1921694,0.17554504,0.0,0.85434663,0.3369278,0.0,0.35872424,0.82703906,0.1409694,0.14008223,0.0,0.0,0.80554324,0.25118735,0.0,0.40836385,0.0,0.39528954,0.64007545
0.0,0.0,1.0795977,0.0,0.7016014,0.0,0.0,0.0,0.86005896,0.76325995,0.8710994,0.0,1.0445684,1.2163002,0.778628,0.0,1.2871149,0.0,0.0,1.0757945,1.0163453,0.0,0.0,0.8140122,0.0,1.0784268,0.8087651,0.4199139,0.9644262,0.0,0.0,0.8107172
0.0,0.0,0.9671359,0.0,1.134719,0.0,0.0,0.0,1.0159879,1.0174974,1.0699193,0.0,0.8631498,0.64146847,1.0060749,0.0,0.5731451,0.0,0.0,0.8469659,1.0586709,0.0,0.0,0.8371388,0.0,0.90236205,0.7692856,1.0647833,1.0440608,0.0,0.0,0.8065049
0.0,0.0,0.79348016,0.0,0.6385997,0.0,0.0,0.0,0.9775252,1.0999571,1.1132764,0.0,1.3396503,1.4274664,1.1701282,0.0,1.2747746,0.0,0.0,0.8855382,1.3941785,0.0,0.0,0.7642226,0.0,0.7078458,1.6241225,1.9902228,1.1133026,0.0,0.0,1.7692623
1.078907,1.25582,0.0,1.1235324,0.0,0.70928454,1.1272782,1.2034487,0.0,0.0,0.0,1.2382765,0.0,0.0,0.0,1.499947,0.0,1.2277995,1.2680665,0.0,0.0,1.0954379,1.1466268,0.0,1.3866141,0.0,0.0,0.0,0.0,1.2496512,0.9552779,0.0
1.2061012,1.3256145,0.0,1.1898937,0.0,0.78155994,1.2763257,1.1886975,0.0,0.0,0.0,1.1750919,0.0,0.0,0.0,1.488318,0.0,1.2459049,1.1471711,0.0,0.0,1.1676824,1.4552708,0.0,1.561571,0.0,0.0,0.0,0.0,1.4742129,1.1234376,0.0
0.0,0.027383558,0.5874531,0.0,0.23397234,0.0,0.0,0.0,0.6230626,0.5640759,0.5386598,0.0,0.5918634,0.083405696,0.54800117,0.0,0.0,0.0,0.0,0.54213536,0.34779394,0.0,0.0,0.6876398,0.0,0.34573293,0.64253384,0.55347824,0.64488333,0.0,0.0,0.30932945
1.2529979,1.1837144,0.0,1.1687328,0.0,1.6750394,1.3350372,1.5799702,0.0,0.0,0.0,1.8529562,0.0,0.0,0.0,1.4136965,0.0,1.5427766,1.3783976,0.0,0.0,1.5277368,1.7613769,0.0,1.48987,0.0,0.0,0.0,0.0,1.3639748,1.6185856,0.0
1.1405969,1.0840544,0.0,0.99367785,0.0,1.6458383,1.2448134,1.4112997,0.0,0.0,0.0,1.7491562,0.0,0.0,0.0,1.353089,0.0,1.5576439,1.2368411,0.0,0.0,1.4566147,1.788729,0.0,1.4996705,0.0,0.0,0.0,0.0,1.3618714,1.5671306,0.0
1.1217039,1.1241719,0.0,1.0640547,0.0,1.5590239,1.2377977,1.4379529,0.0,0.0,0.0,1.7363491,0.0,0.0,0.0,1.3192914,0.0,1.464991,1.268911,0.0,0.0,1.4503952,1.7220446,0.0,1.4343632,0.0,0.0,0.0,0.0,1.3265978,1.5376122,0.0
1.1669071,0.46136305,0.0,0.66514826,0.0,0.7408244,0.39897883,1.0019691,0.0,0.0,0.0,1.2301917,0.0,0.0,0.0,0.89940304,0.0,0.81888723,0.9736164,0.0,0.0,0.8746388,1.0055227,0.0,0.6937403,0.0,0.0,0.0,0.0,0.8687047,0.92333144,0.0
0.72262955,0.44084656,0.0,0.3143487,0.0,0.33743015,0.30206472,0.7330595,0.061950188,0.0,0.0,0.8841343,0.0,0.0,0.0,0.52649134,0.0,0.6416198,0.62545633,0.0,0.2399773,0.57632744,0.91764796,0.0,0.3618161,0.0,0.0,0.0,0.0,0.8010303,0.7716127,0.0
0.14324716,0.8297824,0.0,0.8147802,0.0,0.0,1.107119,0.0,0.24347447,0.0,0.27095205,0.8021296,0.0,0.32162955,0.029092979,0.5778867,0.0,0.0,0.70947653,0.27597165,0.0,0.91019946,0.4311276,0.0,0.62975043,0.0,0.0,0.0,0.39719966,0.9866867,0.3725208,0.0
0.1981419,0.24833634,0.19920549,0.2480416,0.045350242,0.0,0.0,0.32160133,0.0,0.0,0.24514553,0.089314684,0.0,0.0,0.24372621,0.2818867,0.0,0.0,0.14213607,0.0209345,0.2707164,0.0,0.1427602,0.06853361,0.18198602,0.0,0.0,0.09680521,0.077708304,0.0,0.0,0.0
0.33189452,0.45705062,0.0,0.56494117,0.0,0.4380191,0.48118913,0.47133455,0.0,0.0,0.0,0.49822432,0.0,0.0,0.0,0.5940647,0.0,0.33814496,0.5235584,0.0,0.0,0.3900487,0.33433473,0.0,0.6370982,0.0,0.0,0.0,0.0,0.43525484,0.3355568,0.0
1.5102364,1.404677,0.0,1.4314705,0.0,1.4668477,1.4763968,1.3976331,0.0,0.0,0.0,1.5163522,0.0,0.0,0.0,1.5816519,0.0,1.6776152,1.6646005,0.0,0.0,1.4710144,1.5232186,0.0,1.7980944,0.0,0.0,0.0,0.0,1.4408966,1.4668858,0.0
1.2534055,1.3012371,0.0,1.3958367,0.0,1.0611637,1.3281021,1.261208,0.0,0.0,0.0,1.4510173,0.0,0.0,0.0,1.2604191,0.0,1.1612927,1.5548288,0.0,0.0,1.2019635,1.2223104,0.0,1.4105146,0.0,0.0,0.0,0.0,1.2783545,1.3080245,0.0
1.2579343,1.2061228,0.0,1.2833064,0.0,0.94438565,1.2319655,1.2126045,0.0,0.0,0.0,1.4282981,0.0,0.0,0.0,1.1982176,0.0,1.1465695,1.4790757,0.0,0.0,1.0583981,1.1308681,0.0,1.2986554,0.0,0.0,0.0,0.0,1.1789341,1.3055179,0.0
0.0,0.06868387,0.57858586,0.0,0.20467828,0.0,0.0,0.0,0.5088537,0.4333799,0.4963557,0.0,0.40846056,0.42252392,0.6418401,0.0,0.79621214,0.0,0.0,0.8714561,0.7985597,0.0,0.0,0.61471856,0.0,0.37512684,0.5148877,0.47867012,0.5464282,0.0,0.0,0.0
0.5873069,0.6105112,0.0,0.66899157,0.0,0.68185216,0.73947364,0.84950787,0.0,0.0,0.0,0.78823733,0.0,0.0,0.0,0.69134736,0.0,0.5536577,0.91106904,0.0,0.0,0.6306453,0.5951965,0.0,0.77694887,0.0,0.0,0.0,0.0,0.62343156,0.6969024,0.0
0.6145206,0.76040614,0.0,0.8579126,0.0,0.6831367,0.8706625,0.8514462,0.0,0.0,0.0,0.96087617,0.0,0.0,0.0,0.87123567,0.0,0.5956483,0.8595598,0.0,0.0,0.7834665,0.7041688,0.0,0.96008414,0.0,0.0,0.0,0.0,0.88584644,0.5984686,0.0
1.4112096,1.7169508,0.0,1.457366,0.0,1.8895553,1.4952135,1.4966483,0.0,0.0,0.0,1.4961064,0.0,0.0,0.0,1.3235921,0.0,1.8610705,1.7079831,0.0,0.0,1.5591199,1.475645,0.0,1.6493849,0.0,0.0,0.0,0.0,1.4599736,1.6584327,0.0
0.22305967,0.302951,0.0,0.43134308,0.0,0.33134106,0.4074694,0.56807226,0.0,0.0,0.0,0.38838035,0.0,0.0,0.0,0.48332363,0.0,0.25968477,0.47222415,0.0,0.0,0.3001591,0.27824438,0.0,0.51480067,0.0,0.0,0.0,0.0,0.29870147,0.30258727,0.0
1.2364572,1.1960168,0.0,1.0154778,0.0,1.2885517,0.9838029,1.217947,0.0,0.0,0.0,1.2238919,0.0,0.0,0.0,1.0711229,0.0,1.5099481,1.2243665,0.0,0.0,1.2262378,0.8990544,0.0,1.465372,0.0,0.0,0.0,0.0,0.98437,1.0988201,0.0
0.0,0.0,0.73534167,0.0,0.0,0.0,0.0,0.0,0.82255375,0.9572205,0.68180275,0.0,1.0698718,0.6637994,0.31612456,0.0,0.3646606,0.0,0.0,1.1331604,0.21575943,0.0,0.0,0.70991737,0.0,0.66652036,0.6354992,0.42264456,0.5571517,0.0,0.0,0.9381982
0.0,0.0,0.41690007,0.0,0.0,0.0,0.0,0.0,0.34696704,0.184627,0.38267967,0.0,0.5627956,0.5410297,0.14554122,0.0,0.80778116,0.0,0.0,0.5191548,0.24925762,0.0,0.0,0.34679767,0.0,0.23674378,0.38675195,0.15837383,0.3298405,0.0,0.0,0.30133066
0.9152528,1.2374334,0.0,0.9999015,0.0,0.5513876,0.83972174,0.9764597,0.0,0.0,0.0,0.8666071,0.0,0.0,0.0,1.2753185,0.0,1.0089397,0.92109257,0.0,0.0,0.71981424,0.8728256,0.0,1.1104935,0.0,0.0,0.0,0.0,1.0686711,0.7203923,0.0
0.03485012,0.32688272,0.0,0.23738095,0.0,0.26965308,0.40171254,0.34462938,0.0,0.021219414,0.03724785,0.320112,0.07587336,0.10157369,0.0,0.30513334,0.06872606,0.114669755,0.4962087,0.05528317,0.0,0.25175554,0.3337262,0.01545934,0.15359391,0.0,0.0,0.0,0.0,0.3105452,0.1944019,0.0
0.35701823,0.82511693,0.0,0.7941494,0.0,0.5332084,1.0636281,0.0,0.0,0.0,0.0,0.910782,0.0,0.0,0.0,0.89857775,0.0,0.57464796,0.9752481,0.0,0.0,0.9099652,0.48370668,0.0,0.7524874,0.0,0.0,0.0,0.0,0.8390841,0.78083277,0.0
0.5793657,0.8399205,0.0,0.9341442,0.0,0.74729586,0.93801737,0.66949576,0.0,0.0,0.0,0.909722,0.0,0.0,0.0,0.85998416,0.0,0.6505717,0.8944392,0.0,0.0,0.8213543,0.7240739,0.0,0.9702994,0.0,0.0,0.0,0.0,0.8408437,0.67877144,0.0
0.54898894,0.57942504,0.0,0.6900532,0.0,0.57397056,0.7495254,0.64505243,0.0,0.0,0.0,0.65135574,0.0,0.0,0.0,0.8152797,0.0,0.54146445,0.6486065,0.0,0.0,0.50838757,0.59455395,0.0,0.80248535,0.0,0.0,0.0,0.0,0.6690506,0.4224576,0.0
0.19949473,0.56802285,0.0,0.49722758,0.0,0.5533379,0.5011831,0.465534,0.0,0.0,0.0,0.6520048,0.0,0.0,0.0,0.51588964,0.0,0.26330504,0.5255343,0.0,0.0,0.5087777,0.46223676,0.0,0.5546839,0.0,0.0,0.0,0.0,0.6510902,0.31866238,0.0
0.7520753,0.76425385,0.0,0.8647402,0.0,0.89614034,0.92197955,0.78233767,0.0,0.0,0.0,0.9273624,0.0,0.0,0.0,0.8675265,0.0,0.7252183,0.8973018,0.0,0.0,0.74040216,0.8090105,0.0,0.96612376,0.0,0.0,0.0,0.0,0.9376493,0.7312292,0.0
0.8299122,0.97099143,0.0,1.1496922,0.0,0.86090606,1.0064694,0.78773284,0.0,0.0,0.0,1.0267615,0.0,0.0,0.0,0.9687731,0.0,0.7827661,1.067082,0.0,0.0,0.94400483,0.8622632,0.0,1.1902497,0.0,0.0,0.0,0.0,0.95950794,0.7842547,0.0
1.3650738,1.3020666,0.0,1.1989152,0.0,1.3093443,1.3961457,1.2332337,0.0,0.0,0.0,1.4880214,0.0,0.0,0.0,1.3918439,0.0,1.625084,1.4737655,0.0,0.0,1.3310533,1.3666539,0.0,1.561035,0.0,0.0,0.0,0.0,1.2886827,1.4129834,0.0
1.2645282,1.3188044,0.0,1.1602978,0.0,1.3337508,1.4294411,1.2522849,0.0,0.0,0.0,1.5355481,0.0,0.0,0.0,1.3891134,0.0,1.6436216,1.4764252,0.0,0.0,1.3857429,1.3805741,0.0,1.5484992,0.0,0.0,0.0,0.0,1.2820129,1.3669826,0.0
0.8195298,0.9017176,0.0,0.97173566,0.0,0.8737079,1.1034263,1.0445341,0.0,0.0,0.0,1.1722767,0.0,0.0,0.0,1.0024812,0.0,0.7062439,1.1313448,0.0,0.0,0.873211,0.82038975,0.0,1.0837836,0.0,0.0,0.0,0.0,1.0299295,0.8154749,0.0
0.74022484,0.6870485,0.0,0.89926654,0.0,0.5186818,0.81240046,0.6292074,0.0,0.0,0.0,0.7917497,0.0,0.0,0.0,0.8823829,0.0,0.5434791,0.7267487,0.0,0.0,0.57495886,0.67417705,0.0,1.063363,0.0,0.0,0.0,0.0,0.87344456,0.5706882,0.0
0.20327117,0.13594264,0.0,0.28381,0.0,0.22737622,0.22843716,0.45969287,0.0,0.0,0.0,0.2615779,0.0,0.0,0.0,0.30317777,0.0,0.15641846,0.25417328,0.0,0.0,0.07299188,0.186639,0.0,0.33534795,0.0,0.0,0.0,0.0,0.2039904,0.072960146,0.0
0.17352486,0.22655623,0.0,0.36921874,0.0,0.2711209,0.39398444,0.5477639,0.0,0.0,0.0,0.44830775,0.0,0.0,0.0,0.37734032,0.0,0.25848293,0.38018683,0.0,0.0,0.23065841,0.33394048,0.0,0.3851452,0.0,0.0,0.0,0.0,0.3916817,0.14605825,0.0
0.0,0.0,0.72819674,0.0,1.1404464,0.0,0.0,0.0,0.47811818,1.2913394,0.9228033,0.0,1.2085388,1.5508891,0.7935211,0.0,1.6710237,0.0,0.0,0.891371,1.6380237,0.0,0.0,0.49691033,0.0,0.9368613,1.3672404,1.1866524,0.9193236,0.0,0.0,1.2366706
0.5084181,0.6097237,0.0,0.7134792,0.0,0.5409215,0.788216,0.6801493,0.0,0.0,0.0,0.6642559,0.0,0.0,0.0,0.8483435,0.0,0.5825554,0.7316898,0.0,0.0,0.59217626,0.71359205,0.0,0.87463117,0.0,0.0,0.0,0.0,0.7689133,0.4962889,0.0
0.32802355,0.2898769,0.0,0.3424254,0.0,0.2916291,0.3842098,0.6198648,0.0,0.0,0.0,0.33890176,0.0,0.0,0.0,0.4321708,0.0,0.22827172,0.41307625,0.0,0.0,0.13776234,0.2655959,0.0,0.40316033,0.0,0.0,0.0,0.0,0.3051262,0.24713296,0.0
0.0,0.2046429,0.56687295,0.0566385,0.07382631,0.0,0.25704953,0.0,0.73579276,0.4784045,0.925434,0.05564198,0.28049532,0.84690696,0.5003754,0.0,0.8456209,0.0,0.19727054,1.0226624,0.687362,0.30286756,0.0,0.6047287,0.0,0.77331406,0.15912467,0.17387637,0.87295973,0.2976971,0.0,0.14769316
0.0,0.0,1.0530502,0.0,0.09567918,0.0,0.0,0.0,0.7660172,0.5627743,1.1318926,0.0,0.295583,0.3845849,0.9716909,0.0018783137,0.33136317,0.0,0.0,0.6731629,0.33921242,0.0,0.0,0.7694654,0.0,0.80383927,0.3039297,0.8636212,1.1869154,0.0,0.0,0.3424912
0.0,0.0,0.99358296,0.0,0.51446456,0.0,0.0,0.0,1.2004161,0.8560276,1.3313497,0.0,1.0015818,0.7579791,0.9348357,0.0,1.0986927,0.0,0.0,1.0189826,0.93811494,0.0,0.0,1.5371928,0.0,1.1787322,0.8889803,0.88459784,1.3746375,0.0,0.0,0.7017557
0.0,0.18294907,0.028991155,0.055907276,0.065163076,0.93549967,0.37273282,0.29926643,0.0,0.0,0.0,0.5126135,0.10614813,0.0,0.240956,0.1531192,0.0,0.5032511,0.28976545,0.20026623,0.05063626,0.3918267,0.6117995,0.0,0.0,0.0031814128,0.0,0.08305527,0.09635247,0.47445217,0.0,0.0
0.0,0.0,1.26755,0.0,0.54597664,0.0,0.0,0.0,1.3096393,1.0836279,1.0650204,0.0,1.3970641,1.5763713,0.68361014,0.0,1.6625332,0.0,0.0,1.4349422,0.88329065,0.0,0.0,1.202832,0.0,1.2764866,0.93313944,0.9063657,1.0840918,0.0,0.0,1.3386605
0.5115296,0.6508366,0.0,0.68760085,0.0,0.48391238,0.6363225,0.5008856,0.0,0.0,0.0,0.64273834,0.0,0.0,0.0,0.6557267,0.0,0.5797389,0.61401516,0.0,0.0,0.5256117,0.5495056,0.0,0.79112923,0.0,0.0,0.0,0.0,0.67716706,0.48344103,0.0
0.0,0.28427303,0.0,0.022877555,0.0,0.39816165,0.17192714,0.36718985,0.0,0.0,0.0,0.2662014,0.0,0.0,0.0,0.09199844,0.0,0.020004723,0.4007979,0.0,0.0,0.34943655,0.12586856,0.06782438,0.045765474,0.0,0.019961216,0.0,0.2165882,0.04287133,0.0,0.0
0.13948308,0.03137303,0.0,0.4235591,0.0,0.14560673,0.37049937,0.43800813,0.0,0.0,0.0,0.3758601,0.0,0.0,0.0,0.35806948,0.0,0.0,0.25246432,0.0,0.0,0.15676376,0.08679633,0.0,0.31529742,0.0,0.0,0.0,0.0,0.21626097,0.016337072,0.0
0.0,0.0,0.78033936,0.0,0.52688557,0.0,0.0,0.0,0.6452083,0.6523644,0.64138246,0.0,0.64247423,0.2832611,0.5955558,0.0,0.07829359,0.0,0.0,0.51451683,0.5325594,0.0,0.0,0.64472806,0.0,0.7187165,0.67415255,0.33718073,0.78034204,0.0,0.0,0.56018436
1.158568,1.4005016,0.0,1.1886905,0.0,0.80791444,1.3076029,0.550464,0.0,0.0,0.0,1.2092822,0.0,0.0,0.0,1.2781188,0.0,0.9571049,1.3876829,0.0,0.0,1.2136697,0.8049953,0.0,1.1417372,0.0,0.0,0.0,0.0,1.3788975,1.0701238,0.0
0.29217076,1.0404875,0.0,0.42889428,0.0,0.23092513,0.6202863,0.0,0.041352864,0.0,0.14190741,0.38704693,0.0,0.0,0.09008704,0.72163427,0.0,0.29838333,0.55134714,0.0,0.0,0.59081197,0.582327,0.0,0.39717227,0.0,0.0,0.0,0.11199491,0.7701503,0.6019545,0.0
1.0952103,1.3696386,0.0,1.1510221,0.0,0.7720717,1.256596,0.501261,0.0,0.0,0.0,1.1843407,0.0,0.0,0.0,1.2680937,0.0,0.9530368,1.362107,0.0,0.0,1.1769532,0.76801705,0.0,1.1369125,0.0,0.0,0.0,0.0,1.3478495,1.0242901,0.0
0.65367377,0.8057923,0.0,0.96207976,0.0,1.0133785,1.0697283,0.81747246,0.0,0.0,0.0,1.028306,0.0,0.0,0.0,0.8026247,0.0,0.7382709,0.9753831,0.0,0.0,1.034788,0.7519865,0.0,0.98159784,0.0,0.0,0.0,0.0,0.9952476,0.5332786,0.0
0.22793087,0.3859821,0.0,0.1553015,0.0,0.47300524,0.36291343,0.49513668,0.0,0.0,0.0,0.44100267,0.0,0.0,0.0,0.23148687,0.0,0.15539964,0.4719244,0.0,0.0,0.44093415,0.20814243,0.0,0.2773192,0.0,0.0,0.0,0.0441027,0.28959006,0.07316688,0.0
0.37263495,0.5358195,0.0,0.36710292,0.0,0.5757982,0.69738734,0.669418,0.0,0.0,0.0,0.588673,0.0,0.0,0.0,0.49234045,0.0,0.32435888,0.7437331,0.0,0.0,0.58937544,0.44340557,0.0,0.5785089,0.0,0.0,0.0,0.0,0.6005866,0.32318643,0.0
0.0,0.0,0.5968915,0.0,0.36029744,0.0,0.0,0.0,0.48896044,0.558196,0.5883712,0.0,0.24888419,0.1517502,0.68459487,0.0,0.33149746,0.0,0.0,0.3887699,0.715618,0.0,0.0,0.7293002,0.0,0.28998923,0.61132187,0.65973467,0.57485443,0.0,0.0,0.26775497
0.6043961,0.53440845,0.0,0.43712538,0.0,0.92861646,0.48425364,0.76506627,0.0,0.0,0.0,0.76517314,0.0,0.0,0.0,0.42793232,0.0,1.0823578,0.76947737,0.0,0.037863947,0.90661055,0.64694154,0.0,0.8340913,0.0,0.0,0.0,0.0,0.46561992,0.63232696,0.0
0.459153,0.44306,0.0,0.6752664,0.0,0.35351074,0.72904235,0.83124167,0.0,0.0,0.0,0.6097237,0.0,0.0,0.0,0.6708025,0.0,0.3066571,0.58913314,0.0,0.0,0.3293641,0.4777385,0.0,0.68511474,0.0,0.0,0.0,0.0,0.57122964,0.29036224,0.0
0.18992232,0.19293176,0.29670477,0.17338383,0.26006198,0.0,0.11525146,0.1838641,0.08976438,0.115420744,0.15433638,0.1404145,0.24347442,0.5169786,0.29870802,0.13350885,0.39306402,0.0910413,0.027563937,0.49188325,0.31452453,0.01600676,0.0,0.0,0.3928861,0.019865632,0.13778304,0.24336898,0.0,0.21575367,0.0,0.14653786
0.59755164,0.65172416,0.0,0.8168301,0.0,0.74190074,0.9241379,0.9020544,0.0,0.0,0.0,0.95308733,0.0,0.0,0.0,0.7738272,0.0,0.7259409,0.95024735,0.0,0.0,0.8266652,0.759125,0.0,0.9174988,0.0,0.0,0.0,0.0,0.7753577,0.6379484,0.0
0.0,0.0,0.6571835,0.0,0.0,0.0,0.0,0.0,0.2298292,0.8903409,0.6693342,0.0,1.2041972,0.6647939,0.2955859,0.0,0.46673623,0.0,0.0,0.6774583,0.73292166,0.0,0.0,0.0,0.0,1.0311841,1.0422081,0.37547952,0.6731788,0.0,0.0,1.1437255
0.29668844,0.3620988,0.0,0.33727428,0.0,0.23966646,0.43377513,0.54110795,0.0,0.0,0.0,0.28154653,0.0,0.0,0.0,0.59966797,0.0,0.2547842,0.35139877,0.0,0.0,0.15663044,0.24919242,0.0,0.5165353,0.0,0.0,0.0,0.0,0.33065352,0.1243498,0.0
0.18363316,0.3663235,0.1831843,0.25347984,0.0,0.0,0.35099012,0.0,0.020909,0.0,0.42077595,0.2368992,0.0,0.0,0.1448203,0.46377861,0.07771608,0.0,0.2802073,0.027529955,0.1621587,0.0421189,0.010193773,0.11250934,0.2062032,0.16423777,0.0,0.23885477,0.2537117,0.25488278,0.09123239,0.0
0.30987006,0.51796585,0.0,0.6422119,0.0,0.41408324,0.63159305,0.54047173,0.0,0.0,0.0,0.6745928,0.0,0.0,0.0,0.71043557,0.0,0.3163844,0.5639549,0.0,0.0,0.32249856,0.58353055,0.0,0.59628904,0.0,0.0,0.0,0.0,0.7253933,0.2641751,0.0
0.6612924,0.7323704,0.0,0.865705,0.0,0.6621361,0.92914134,0.88109285,0.0,0.0,0.0,0.98896134,0.0,0.0,0.0,0.7955433,0.0,0.6135179,0.8820946,0.0,0.0,0.7656032,0.7241154,0.0,0.92660457,0.0,0.0,0.0,0.0,0.8972763,0.6144164,0.0
0.9657837,1.1143277,0.0,1.0308803,0.0,1.4790146,1.123806,1.2724043,0.0,0.0,0.0,1.6215354,0.0,0.0,0.0,1.2734445,0.0,1.528276,1.191801,0.0,0.0,1.387434,1.6666949,0.0,1.5354373,0.0,0.0,0.0,0.0,1.35624,1.3868506,0.0
0.9022134,1.1435444,0.0,1.1089706,0.0,1.3365055,1.1042397,1.3146596,0.0,0.0,0.0,1.6328405,0.0,0.0,0.0,1.2455884,0.0,1.3858274,1.2475845,0.0,0.0,1.3318279,1.5489984,0.0,1.3587719,0.0,0.0,0.0,0.0,1.2524723,1.3121086,0.0
1.3123858,1.1963965,0.0,1.1366534,0.0,1.3842359,1.1849697,1.4493164,0.0,0.0,0.0,1.3899653,0.0,0.0,0.0,1.1313332,0.0,1.5957592,1.2972655,0.0,0.0,1.3895948,1.0842496,0.0,1.4255886,0.0,0.0,0.0,0.0,1.1962217,1.2813231,0.0
1.1586678,1.5059671,0.0,1.1729308,0.0,1.6472663,1.1854671,1.2890997,0.0,0.0,0.0,1.4244738,0.0,0.0,0.0,1.3368919,0.0,1.5866085,1.219272,0.0,0.0,1.5098412,1.4937903,0.0,1.5725774,0.0,0.0,0.0,0.0,1.2433935,1.4337776,0.0
1.4858702,1.7683141,0.0,1.6012645,0.0,1.4841353,1.5285157,1.3542255,0.0,0.0,0.0,1.5076536,0.0,0.0,0.0,1.4924493,0.0,1.3469288,1.5893347,0.0,0.0,1.3999163,1.040255,0.0,1.6196337,0.0,0.0,0.0,0.0,1.5135995,1.2342774,0.0
0.5974707,0.8946185,0.0,0.95920575,0.0,0.74006015,0.9274631,0.66232336,0.0,0.0,0.0,0.9016821,0.0,0.0,0.0,0.82876635,0.0,0.5742657,0.8730957,0.0,0.0,0.78627896,0.67054117,0.0,0.9469987,0.0,0.0,0.0,0.0,0.86960924,0.60621685,0.0
0.54499286,0.7949832,0.0,0.7566505,0.0,0.7165163,0.7944024,0.7233628,0.0,0.0,0.0,0.76344025,0.0,0.0,0.0,0.6860259,0.0,0.5003536,0.7896346,0.0,0.0,0.71000236,0.5493058,0.0,0.79466146,0.0,0.0,0.0,0.0,0.6738453,0.47648096,0.0
0.6928993,0.7812949,0.0,0.8694649,0.0,0.7765913,0.9663641,0.91745394,0.0,0.0,0.0,0.96479654,0.0,0.0,0.0,0.83998835,0.0,0.6811019,0.95024055,0.0,0.0,0.8060343,0.7490783,0.0,0.98655605,0.0,0.0,0.0,0.0,0.8762351,0.690503,0.0
0.5647283,0.73593605,0.0,0.82014954,0.0,0.5206536,0.7791781,0.646316,0.0,0.0,0.0,0.8153219,0.0,0.0,0.0,0.68780386,0.0,0.5299703,0.7923099,0.0,0.0,0.6706569,0.4487152,0.0,0.8161241,0.0,0.0,0.0,0.0,0.7176864,0.46204415,0.0
0.59415656,0.6429822,0.0,0.811941,0.0,0.6282757,0.9262909,0.8332116,0.0,0.0,0.0,0.85590136,0.0,0.0,0.0,0.8334223,0.0,0.611612,0.82561475,0.0,0.0,0.67277205,0.72406125,0.0,0.88372165,0.0,0.0,0.0,0.0,0.8238529,0.50489813,0.0
0.0,0.0,1.301517,0.0,0.62938887,0.0,0.0,0.0,1.3497264,1.0271372,1.3390152,0.0,1.0216799,1.4024351,1.3624455,0.0,0.9475641,0.0,0.0,1.2225412,0.7285411,0.0,0.0,0.9378871,0.0,1.1686649,0.97813797,1.5318557,1.5561548,0.0,0.0,1.0300834
0.1213105,0.14229788,0.03807979,0.18655932,0.0,0.14069012,0.34701443,0.3650595,0.066786155,0.0,0.13823316,0.33547992,0.08019189,0.076232985,0.0756399,0.2722599,0.24721363,0.0,0.10597965,0.1016151,0.0,0.07517958,0.1400175,0.0,0.28733778,0.0,0.049779706,0.16456342,0.13714607,0.24444696,0.11320926,0.0
0.1384203,0.19107217,0.0,0.28959146,0.0,0.26865306,0.3568536,0.49675652,0.0,0.0,0.0,0.4429431,0.0,0.0,0.04575727,0.39567637,0.011178806,0.28501388,0.36831933,0.062162183,0.0221425,0.21793622,0.3586261,0.0,0.3768038,0.0,0.0,0.11503874,0.0,0.3562516,0.16956343,0.0
0.45460027,0.5698299,0.0,0.65616536,0.0,0.5880707,0.62041295,0.7993829,0.0,0.0,0.0,0.6254382,0.0,0.0,0.0,0.7320192,0.0,0.50235176,0.77651465,0.0,0.0,0.4632273,0.5840565,0.0,0.76980394,0.0,0.0,0.0,0.0,0.6488728,0.53610057,0.0
0.12183118,0.15257545,0.0,0.46165934,0.0,0.42553848,0.47358125,0.44389609,0.0,0.0,0.0,0.3894034,0.0,0.0,0.0,0.37363428,0.0,0.26392233,0.5265431,0.0,0.0,0.36458892,0.34042868,0.0,0.34107542,0.0,0.0,0.0,0.0,0.29195297,0.30946922,0.0
0.9835059,1.1709031,0.0,1.1722414,0.0,1.389891,1.1638423,1.3892791,0.0,0.0,0.0,1.6874243,0.0,0.0,0.0,1.2991433,0.0,1.421912,1.3114753,0.0,0.0,1.3780961,1.5707358,0.0,1.3982185,0.0,0.0,0.0,0.0,1.2809054,1.3522393,0.0
0.9862237,1.1614586,0.0,1.1682398,0.0,1.3302393,1.1641924,1.401159,0.0,0.0,0.0,1.6712179,0.0,0.0,0.0,1.2720703,0.0,1.369779,1.3020155,0.0,0.0,1.3455923,1.5779637,0.0,1.3476682,0.0,0.0,0.0,0.0,1.269779,1.3408875,0.0
0.0,0.0,0.59404516,0.0,0.001049567,0.0,0.0,0.0,0.41369402,0.4415948,0.40513447,0.0,0.41277695,0.29405257,0.2426344,0.0,0.32138807,0.0,0.0,0.37312356,0.37304264,0.0,0.0,0.40483627,0.0,0.41158867,0.43981177,0.0,0.553252,0.0,0.0,0.19797008
0.4100966,0.67310774,0.0,0.67076653,0.0,0.55966663,0.74488765,0.6112224,0.0,0.0,0.0,0.7509691,0.0,0.0,0.0,0.7096208,0.0,0.54306144,0.77732205,0.0,0.0,0.67663604,0.69822395,0.0,0.8065421,0.0,0.0,0.0,0.0,0.7965421,0.51482743,0.0
0.3085823,0.6591529,0.0,0.49731678,0.0,0.51276344,0.49176133,0.44829512,0.0,0.0,0.0,0.6090534,0.0,0.0,0.0,0.5449332,0.1333723,0.26958615,0.57075745,0.0030189306,0.0,0.65057105,0.36548123,0.0,0.6991685,0.0,0.0,0.0,0.0,0.58895373,0.34828115,0.0
0.41912884,0.69250745,0.0,0.5975278,0.0,0.5906413,0.6443635,0.5418574,0.0,0.0,0.0,0.604083,0.0,0.0,0.0,0.59253484,0.0,0.45178163,0.65894425,0.0,0.0,0.48898214,0.43380037,0.0,0.62696654,0.0,0.0,0.0,0.0,0.68040055,0.4080982,0.0
0.0,0.0,0.75812626,0.0,0.11250233,0.0,0.0,0.0,0.73735327,0.38529262,0.9391841,0.0,0.87844914,0.29705453,1.033298,0.0,0.79504746,0.0,0.0,0.7057697,0.9944982,0.0,0.0,1.01473,0.0,0.5771826,1.1093125,1.1837263,0.59208864,0.0,0.0,0.69121575
0.0,0.0,0.19257805,0.10221243,0.0,0.0,0.0,0.0882752,0.046154853,0.09189353,0.28289673,0.0,0.26810342,0.051060963,0.081928946,0.0813061,0.323901,0.0,0.020136751,0.20089799,0.15503255,0.0,0.0,0.20739055,0.0,0.005516149,0.1553492,0.07175122,0.1368664,0.0,0.0,0.12553592
0.6125211,0.7103904,0.0,0.9013336,0.0,0.7243673,0.80482703,0.55119824,0.0,0.0,0.0,0.8177595,0.0,0.0,0.0,0.7512996,0.0,0.6411384,0.7776579,0.0,0.0,0.78529465,0.7753167,0.0,0.96051395,0.0,0.0,0.0,0.0,0.7903312,0.65563875,0.0
0.6995893,0.88164973,0.0,0.8994482,0.0,0.78569674,1.0015067,0.8763899,0.0,0.0,0.0,0.99681664,0.0,0.0,0.0,0.9138856,0.0,0.6331769,1.0479711,0.0,0.0,0.84086066,0.69387007,0.0,1.0098004,0.0,0.0,0.0,0.0,0.93247473,0.6818335,0.0
0.0,0.0,0.7815604,0.0,0.2859764,0.0,0.0,0.0,0.75477046,0.5052107,0.6899335,0.0,0.8647624,0.69390434,0.45651555,0.0,1.0450395,0.0,0.0,0.6589754,0.6023178,0.0,0.0,0.85057694,0.0,0.5317904,0.74630857,0.5135433,0.72936225,0.0,0.0,0.620103
0.0,0.0,0.84447443,0.0,0.8463407,0.0,0.0,0.0,0.6843007,0.76834136,0.93676275,0.0,0.7127138,0.7120239,1.0181983,0.0,1.0349054,0.0,0.0,1.2022091,1.3484291,0.0,0.0,0.7286881,0.0,0.61378306,0.6936167,0.5943174,0.75923336,0.0,0.0,0.17250186
0.371794,0.58305717,0.0,0.5027173,0.0,0.5621151,0.5997365,0.53442085,0.0,0.0,0.0,0.7598811,0.0,0.0,0.0,0.57028633,0.03707532,0.2956421,0.56082594,0.0,0.0,0.6318739,0.48434114,0.0,0.6710914,0.0,0.0,0.0,0.0,0.6570523,0.42443448,0.0
1.1834744,1.5022157,0.0,1.2869203,0.0,1.1242858,0.88227606,1.2061151,0.0,0.0,0.0,1.0786238,0.0,0.0,0.0,1.1042994,0.0,1.1657243,1.3953767,0.0,0.0,1.0951798,1.0668902,0.0,1.3364295,0.0,0.0,0.0,0.0,1.2430147,0.9492668,0.0
1.0768676,1.1613663,0.0,0.69459695,0.0,0.6042311,0.72110486,1.1539882,0.0,0.0,0.0,0.8115228,0.0,0.0,0.0,0.94471973,0.0,0.84016216,1.1200106,0.0,0.0,0.6081486,0.70891917,0.0,0.8646916,0.0,0.0,0.0,0.0,0.7740674,1.0051455,0.0
0.2648781,0.39848998,0.0,0.23393375,0.0,0.28390643,0.1679289,0.48504397,0.0,0.04222375,0.0,0.26527822,0.0,0.0068007335,0.11455559,0.30078083,0.10574706,0.29916832,0.36368626,0.17228028,0.20134191,0.19166619,0.17452964,0.02190021,0.4078592,0.0,0.014217734,0.031792663,0.0,0.2725702,0.1573313,0.0
0.23633015,0.4709273,0.0,0.3889573,0.0,0.42134947,0.34154427,0.49511087,0.0,0.0,0.0,0.59299415,0.036393605,0.0,0.1314152,0.22206862,0.0,0.4842193,0.517424,0.19772176,0.0,0.46171576,0.30207506,0.0,0.56995887,0.0,0.0,0.0,0.0,0.4367878,0.24810085,0.0
0.13695781,0.0007318258,0.22563319,0.14262812,0.13837251,0.0,0.07960305,0.25512043,0.19250953,0.05276729,0.2971876,0.18145949,0.24469602,0.17994443,0.23206864,0.10786022,0.5277317,0.0,0.0,0.28601912,0.08430514,0.0,0.0,0.11170824,0.21463306,0.09422849,0.24304111,0.3357119,0.25626862,0.0,0.0,0.031993546
0.113701545,0.27379653,0.25061703,0.1502423,0.0,0.09819365,0.061626542,0.3680725,0.0,0.0,0.07967003,0.15271635,0.03231762,0.0,0.20655566,0.24284896,0.005158134,0.106469154,0.21432215,0.1297127,0.28311995,0.0,0.24333495,0.073830605,0.21093816,0.0,0.0147237405,0.04867386,0.057073362,0.061728373,0.057972603,0.0
0.7582954,0.9725976,0.0,0.78499436,0.0,0.6965668,0.6977761,0.94519895,0.0,0.0,0.0,0.9197756,0.0,0.0,0.0,0.991696,0.0,0.93332106,0.9114866,0.0,0.0,0.6675345,0.95763683,0.0,1.0016505,0.0,0.0,0.0,0.0,1.0507503,0.7932321,0.0
0.59596604,1.0600449,0.0,0.882796,0.0,0.791818,0.76806027,0.9368258,0.0,0.0,0.0,0.9536998,0.0,0.0,0.0,1.0404313,0.0,0.9675375,1.0587574,0.0,0.0,0.93318254,1.0184789,0.0,1.081548,0.0,0.0,0.0,0.0,1.1101384,0.68346775,0.0
0.33539367,0.44744575,0.0,0.52864105,0.0,0.37539423,0.47669125,0.517625,0.0,0.0,0.0,0.52498275,0.0,0.0,0.0,0.48245966,0.0,0.37478644,0.6315938,0.0,0.0,0.43011317,0.33021918,0.0,0.5888705,0.0,0.0,0.0,0.0,0.47921497,0.48826188,0.0
0.47546768,0.4440357,0.0,0.43479285,0.0,0.54502773,0.77055186,0.6910321,0.0,0.0,0.0,0.70011014,0.0,0.0,0.0,0.644426,0.0,0.094328865,0.5034962,0.0,0.0,0.41188586,0.4937,0.0,0.5800475,0.0,0.0,0.0,0.0,0.68032247,0.5401478,0.0
1.4647745,1.7183496,0.0,1.413184,0.0,1.1448959,1.2698311,1.2565476,0.0,0.0,0.0,1.4345181,0.0,0.0,0.0,1.3371147,0.0,1.4546988,1.4699448,0.0,0.0,1.2168481,0.9035845,0.0,1.5435072,0.0,0.0,0.0,0.0,1.2213476,1.2251159,0.0
1.5611776,1.749859,0.0,1.5827645,0.0,1.141012,1.4003056,1.3865533,0.0,0.0,0.0,1.5050398,0.0,0.0,0.0,1.5345893,0.0,1.5086039,1.5894969,0.0,0.0,1.255144,1.2424967,0.0,1.661384,0.0,0.0,0.0,0.0,1.4774667,1.5018984,0.0
1.3851595,1.8388247,0.0,1.4420496,0.0,1.1923602,1.2176287,1.160539,0.0,0.0,0.0,1.240545,0.0,0.0,0.0,1.483271,0.0,1.4784727,1.4876342,0.0,0.0,1.3309772,1.108687,0.0,1.8103805,0.0,0.0,0.0,0.0,1.3962579,1.2356737,0.0
1.0068122,1.1672168,0.0,0.84481406,0.0,0.7556131,1.0363818,1.0891608,0.0,0.0,0.0,1.1523644,0.0,0.0,0.0,1.0633683,0.0,1.2193035,1.0185521,0.0,0.0,0.9488807,0.88042116,0.0,1.0616139,0.0,0.0,0.0,0.0,0.9420562,0.9808802,0.0
1.1216822,1.2644068,0.0,1.0312111,0.0,0.99548894,1.1845206,1.1428485,0.0,0.0,0.0,1.208952,0.0,0.0,0.0,1.2439429,0.0,1.3231056,1.2332203,0.0,0.0,1.2128518,1.1480446,0.0,1.3675176,0.0,0.0,0.0,0.0,1.123975,1.0673559,0.0
0.0,0.0,0.36595878,0.14773089,0.0,0.0,0.039350342,0.0,0.15414774,0.045150656,0.20049511,0.0,0.38344908,0.38959995,0.0,0.0,0.477606,0.0,0.0,0.34688428,0.22168347,0.02884569,0.0,0.2424075,0.0,0.13984384,0.29554242,0.0,0.112400554,0.0,0.0,0.36057234
0.19400819,0.25427628,0.0,0.31876612,0.0,0.27761105,0.33326596,0.4952554,0.0,0.0,0.0,0.3349961,0.0,0.0,0.0,0.32102138,0.0,0.19909984,0.37596345,0.0,0.0,0.1676417,0.2517497,0.0,0.30547982,0.0,0.01029975,0.013981365,0.0,0.35645548,0.11864488,0.0
0.735276,0.88881093,0.0,1.0530804,0.0,0.8332491,0.97305286,0.7539764,0.0,0.0,0.0,0.9919873,0.0,0.0,0.0,0.9026121,0.0,0.68362886,0.9686334,0.0,0.0,0.8764044,0.8366456,0.0,1.0732104,0.0,0.0,0.0,0.0,0.93909633,0.7396265,0.0
0.81990194,0.96802306,0.0,1.1266326,0.0,0.84746367,1.0274388,0.7876075,0.0,0.0,0.0,1.0422395,0.0,0.0,0.0,1.0258462,0.0,0.8204238,1.0759778,0.0,0.0,1.0030519,0.93888235,0.0,1.2346615,0.0,0.0,0.0,0.0,1.0173215,0.8218102,0.0
1.2878408,1.6775686,0.0,1.2205282,0.0,1.1604782,1.2997142,1.1881561,0.0,0.0,0.0,1.2965875,0.0,0.0,0.0,1.3302913,0.0,1.4220755,1.4779388,0.0,0.0,1.2869774,1.0199426,0.0,1.509603,0.0,0.0,0.0,0.0,1.2291977,1.1852612,0.0
0.45715672,0.7435709,0.0,0.59766245,0.0,0.60243154,0.5901066,0.56845844,0.0,0.0,0.0,0.69013566,0.0,0.0,0.0,0.7060505,0.0,0.5075654,0.520958,0.0,0.0,0.45425725,0.7636279,0.0,0.8643803,0.0,0.0,0.0,0.0,0.9012394,0.5183794,0.0
0.47649145,0.5544081,0.0,0.7216751,0.0,0.4692196,0.6730864,0.61266524,0.0,0.0,0.0,0.5469168,0.0,0.0,0.0,0.81079936,0.0,0.48721927,0.6048795,0.0,0.0,0.4928267,0.6528543,0.0,0.8831365,0.0,0.0,0.0,0.0,0.72327614,0.3928568,0.0
0.0,0.0,0.49698502,0.0,0.29392982,0.0,0.0,0.0,0.5338357,0.4487417,0.5849841,0.0,0.48565257,0.32397187,0.49964982,0.0,0.58901894,0.0,0.0,0.4136606,0.48320997,0.0,0.0,0.63597417,0.0,0.34390032,0.46381986,0.5601202,0.6461671,0.0,0.0,0.21299276
0.0,0.0,1.0795934,0.0,0.3803035,0.0,0.0,0.0,0.9921188,0.84566104,0.6504408,0.0,1.0581634,1.4907632,0.21759501,0.0,1.6179167,0.0,0.0,1.1534925,1.00111,0.0,0.0,1.0155387,0.0,1.085618,0.5348083,0.11232089,0.8955793,0.0,0.0,0.82891226
0.968473,0.95689213,0.0,1.1870167,0.0,0.84370095,1.1695055,1.011355,0.0,0.0,0.0,1.1946367,0.0,0.0,0.0,1.0685354,0.0,0.81850356,1.1094699,0.0,0.0,1.0035398,0.99472654,0.0,1.3670589,0.0,0.0,0.0,0.0,1.1282104,0.9286015,0.0
0.5319947,0.7068051,0.0,0.68207586,0.0,0.8132153,0.6195293,0.57930654,0.0,0.0,0.0,0.7106881,0.0,0.0,0.0,0.66387105,0.0,0.6081847,0.71033186,0.0,0.0,0.5338684,0.77179253,0.0,0.7624453,0.0,0.0,0.0,0.0,0.68686146,0.57958215,0.0
0.99977297,1.4559888,0.0,1.2973593,0.0,1.5097479,1.4021707,0.96881574,0.0,0.0,0.0,1.1762661,0.0,0.0,0.0,1.2753788,0.0,1.227089,1.1527642,0.0,0.0,1.1921619,1.0414512,0.0,1.3916906,0.0,0.0,0.0,0.0,1.3896334,1.1455727,0.0
1.0202051,1.4618458,0.0,1.312517,0.0,1.4088808,1.3292989,0.950464,0.0,0.0,0.0,1.1417943,0.0,0.0,0.0,1.2572453,0.0,1.150254,1.0880393,0.0,0.0,1.0854399,0.9946337,0.0,1.3415325,0.0,0.0,0.0,0.0,1.3342077,1.1792532,0.0
1.1861393,1.5950663,0.0,1.4256599,0.0,0.9692929,1.2062194,1.2337815,0.0,0.0,0.0,1.2951901,0.0,0.0,0.0,1.4271215,0.0,1.2833382,1.4527346,0.0,0.0,1.1961088,1.1582835,0.0,1.4986495,0.0,0.0,0.0,0.0,1.3485757,1.1993134,0.0
0.5396374,0.6884154,0.0,0.6516948,0.0,0.57254547,0.74813616,0.6747761,0.0,0.0,0.0,0.7335621,0.0,0.0,0.0,0.71439976,0.0,0.5635573,0.7442158,0.0,0.0,0.66526073,0.62029016,0.0,0.8615607,0.0,0.0,0.0,0.0,0.7370852,0.57594407,0.0
0.0,0.0,0.43869054,0.0,0.0,0.0,0.0,0.1914414,0.0892019,0.0,0.38346723,0.0,0.24627805,0.0,0.2824259,0.13051534,0.07177524,0.0,0.0,0.12337737,0.14282139,0.0,0.0,0.30623388,0.0,0.07747114,0.29617172,0.27815962,0.34948492,0.0,0.0,0.110004775
0.69545186,0.9304839,0.0,0.7131366,0.0,0.90621316,0.9229621,0.774908,0.0,0.0,0.0,1.1463484,0.0,0.0,0.0,0.73390496,0.0,0.7608543,1.0787885,0.0,0.0,0.850943,0.85308385,0.0,0.69376343,0.0,0.0,0.0,0.0,0.965872,0.68903977,0.0
0.259584,0.3070042,0.0,0.31969348,0.0,0.3254876,0.41605616,0.39770517,0.0,0.0,0.0,0.46370095,0.019528061,0.16085884,0.0,0.2925251,0.21761514,0.15704988,0.3075403,0.067451015,0.0,0.25036854,0.2077026,0.0,0.36681348,0.0,0.0,0.0,0.011748277,0.35839936,0.2820594,0.0
0.0,0.0,0.6691526,0.0,0.55124027,0.0,0.0,0.0,0.4756927,0.5452733,0.622305,0.0,0.57403773,0.57442445,0.96276766,0.0,0.94431114,0.0,0.0,0.7595909,1.0866563,0.0,0.0,0.85988796,0.0,0.41642135,0.86405194,0.8001183,0.44764695,0.0,0.0,0.21727481
0.14156704,0.2692495,0.0,0.28381783,0.0,0.25832677,0.32961607,0.42843696,0.0,0.0,0.0,0.3762759,0.0,0.0,0.0036112145,0.4009747,0.087372094,0.26129153,0.32707065,0.09890924,0.0157963,0.19718897,0.25935817,0.0,0.4090448,0.0,0.0,0.025372155,0.0,0.32125837,0.13967174,0.0
0.35289443,0.5557658,0.0,0.6173885,0.0,0.5097385,0.6931517,0.55901176,0.0,0.0,0.0,0.6591408,0.0,0.0,0.0,0.6870768,0.0,0.5239699,0.70060897,0.0,0.0,0.6651947,0.75538087,0.0,0.77726245,0.0,0.0,0.0,0.0,0.7100071,0.44419137,0.0
0.9247745,1.1488612,0.0,0.8147872,0.0,1.0926224,1.0280522,1.2401546,0.0,0.0,0.0,1.1728803,0.0,0.0,0.0,0.9901463,0.0,1.4987562,1.1324917,0.0,0.0,1.0686705,0.94945335,0.0,1.1493764,0.0,0.0,0.0,0.0,0.9202509,0.96802753,0.0
0.5436271,0.69197303,0.0,0.86389947,0.0,0.66885024,0.883447,0.8212126,0.0,0.0,0.0,0.8685795,0.0,0.0,0.0,0.7669821,0.0,0.5969967,0.9731044,0.0,0.0,0.7754301,0.64046717,0.0,0.90038794,0.0,0.0,0.0,0.0,0.7701154,0.7114096,0.0
0.0,0.0,0.33767986,0.09158215,0.0,0.091157064,0.0,0.0,0.0,0.0,0.25101912,0.0,0.29044154,0.0,0.040472057,0.16627187,0.16002737,0.0,0.0,0.18089463,0.17260465,0.0,0.0,0.18326399,0.0,0.12686771,0.16873664,0.0,0.2441529,0.0,0.0,0.1971479
1.4426856,1.7493575,0.0,1.4963114,0.0,1.2260853,1.3903317,1.3799736,0.0,0.0,0.0,1.5466514,0.0,0.0,0.0,1.5937812,0.0,1.3599095,1.5140752,0.0,0.0,1.3223445,1.153188,0.0,1.5755205,0.0,0.0,0.0,0.0,1.4259695,1.2757845,0.0
0.0,0.0,0.64408314,0.0,0.7758728,0.0,0.0,0.0,0.3220804,1.1552017,0.8057268,0.0,1.1819124,1.2725124,0.36009458,0.0,1.2395271,0.0,0.0,0.6181391,1.0766025,0.0,0.0,0.20398176,0.0,1.1613276,1.1599439,0.8232831,0.8352565,0.0,0.0,1.3878641
0.0,0.0,0.61742306,0.0,0.016599413,0.0,0.0,0.091896,0.3554353,0.16595834,0.3907986,0.0,0.40933806,0.27511704,0.63746136,0.0,0.4864109,0.0,0.0,0.522081,0.49979055,0.0,0.0,0.42862973,0.003408894,0.11518759,0.5930378,0.5991752,0.38180873,0.0,0.0,0.31467378
1.2032892,1.4845176,0.0,1.277402,0.0,1.0328752,1.2496476,1.2352282,0.0,0.0,0.0,1.3093413,0.0,0.0,0.0,1.4479715,0.0,1.2870151,1.4221336,0.0,0.0,1.1131887,1.1515205,0.0,1.321551,0.0,0.0,0.0,0.0,1.2565515,1.1874582,0.0
1.2137604,1.4418098,0.0,1.1917487,0.0,1.0088019,1.241708,1.1906013,0.0,0.0,0.0,1.2984421,0.0,0.0,0.0,1.4431707,0.0,1.2859108,1.3958656,0.0,0.0,1.0441705,1.1231842,0.0,1.3027054,0.0,0.0,0.0,0.0,1.2446034,1.2092843,0.0
0.6774533,0.6705382,0.0,0.7660899,0.0,0.9327856,0.9103038,0.78268445,0.0,0.0,0.0,0.88863313,0.0,0.0,0.0,0.7893023,0.0,0.71335167,0.8752514,0.0,0.0,0.714461,0.839002,0.0,0.9048761,0.0,0.0,0.0,0.0,0.93267035,0.69511104,0.0
0.4259885,0.4029788,0.0,0.5655342,0.0,0.52158195,0.6589806,0.7487643,0.0,0.0,0.0,0.58991414,0.0,0.0,0.0,0.6438804,0.0,0.39384314,0.6500452,0.0,0.0,0.37632632,0.5094116,0.0,0.5900006,0.0,0.0,0.0,0.0,0.5245995,0.42995292,0.0
0.5313034,0.759549,0.0,0.86338186,0.0,0.63746524,0.8691535,0.6387976,0.0,0.0,0.0,0.8083009,0.0,0.0,0.0,0.82636285,0.0,0.64670813,0.8416034,0.0,0.0,0.74340355,0.69798553,0.0,0.89487785,0.0,0.0,0.0,0.0,0.8163867,0.5586304,0.0
0.061335318,0.4004646,0.0,0.3339107,0.0,0.38249478,0.25302464,0.45078385,0.0,0.0,0.0,0.30524442,0.0,0.0,0.0,0.27294618,0.0,0.1382539,0.59891874,0.0428081,0.0,0.2958889,0.2861294,0.0,0.31808573,0.0,0.0,0.0,0.0,0.40644643,0.2536691,0.0
0.37771583,0.6125363,0.0,0.72155255,0.0,0.48439574,0.9343302,0.0,0.0,0.0,0.0,0.9095287,0.0,0.0,0.0,0.8195271,0.0,0.391415,0.88087296,0.0,0.0,0.7453557,0.18499029,0.0,0.6906765,0.0,0.0,0.0,0.0,0.7262808,0.7004018,0.0
1.0831655,1.1082488,0.0,1.2826321,0.0,1.0388392,1.3031918,1.1655909,0.0,0.0,0.0,1.3821505,0.0,0.0,0.0,1.1394473,0.0,0.9359686,1.2997172,0.0,0.0,1.1680288,0.924983,0.0,1.3935276,0.0,0.0,0.0,0.0,1.1524837,0.9958724,0.0
0.20117067,0.42479885,0.0,0.5299507,0.0,0.350507,0.628674,0.538172,0.0,0.0,0.0,0.5391091,0.0,0.0,0.0,0.54124296,0.0,0.42481652,0.6536631,0.0,0.0,0.5313291,0.51368475,0.0,0.56696796,0.0,0.0,0.0,0.0,0.5698037,0.27302492,0.0
0.18014078,0.21727602,0.0,0.14827207,0.0,0.20960912,0.24391325,0.13026956,0.0,0.0,0.0,0.19653444,0.14715903,0.18370655,0.0,0.21734379,0.02894906,0.17897724,0.36108872,0.07645589,0.0,0.17734094,0.08781822,0.0,0.3345675,0.0,0.0,0.0,0.0,0.2888597,0.39740095,0.0011223406
0.49325502,0.9345705,0.0,1.0249609,0.0,0.53513885,1.3495085,0.0,0.0,0.0,0.0,0.9954453,0.0,0.0,0.0,0.8590945,0.0,0.3276774,1.1533638,0.0,0.0,1.1826122,0.6796113,0.0,0.88245994,0.0,0.0,0.0,0.0,1.1422917,0.706362,0.0
0.8026514,1.0536251,0.0,1.0895697,0.0,0.70035076,1.3476402,0.0,0.0,0.0,0.0,1.2880567,0.0,0.0,0.0,1.0548998,0.0,0.6076607,1.1082262,0.0,0.0,1.2434047,0.7343445,0.0,1.0991948,0.0,0.0,0.0,0.0,1.227483,0.88729274,0.0
1.4571519,1.5847048,0.0,1.2675782,0.0,1.1599579,1.2170477,1.2737174,0.0,0.0,0.0,1.4410722,0.0,0.0,0.0,1.3126825,0.0,1.2664,1.4174814,0.0,0.0,1.2559842,1.0148036,0.0,1.4444965,0.0,0.0,0.0,0.0,1.2600665,1.244929,0.0
0.9261957,1.1534741,0.0,1.2571734,0.0,0.92322,1.0854312,0.8559693,0.0,0.0,0.0,1.101947,0.0,0.0,0.0,0.9740799,0.0,0.8449513,1.205384,0.0,0.0,1.1296787,0.8456744,0.0,1.2852008,0.0,0.0,0.0,0.0,1.0859349,0.9030953,0.0
1.2161956,1.1699171,0.0,0.99828255,0.0,1.0575079,1.1025635,1.388079,0.0,0.0,0.0,1.2483944,0.0,0.0,0.0,1.0659846,0.0,1.4735802,1.2027006,0.0,0.0,1.0205944,0.9517652,0.0,1.1995791,0.0,0.0,0.0,0.0,0.9336782,1.2006658,0.0
0.33624345,0.24452704,0.0,0.28180718,0.0,0.32941908,0.29159153,0.47595367,0.0,0.0,0.0,0.2486092,0.0,0.0,0.0,0.4090439,0.0,0.09180904,0.4275441,0.0,0.0,0.09764473,0.06298882,0.0,0.34889832,0.0,0.0,0.0,0.0,0.21804118,0.28033748,0.0
0.92128277,1.2918015,0.0,1.1337054,0.0,0.64284396,0.90799,0.96826655,0.0,0.0,0.0,0.874299,0.0,0.0,0.0,0.95030004,0.0,0.96479356,1.0270405,0.0,0.0,0.8717965,0.63993156,0.0,1.0550487,0.0,0.0,0.0,0.0,1.0625529,0.6916865,0.0
0.0,0.0,1.9092562,0.0,0.79927623,0.0,0.0,0.0,1.3454517,1.9262458,1.1440414,0.0,1.8112302,1.6960819,1.3925058,0.0,0.2509958,0.0,0.0,1.2103707,0.3707486,0.0,0.0,0.48417956,0.0,2.0394711,1.6770818,1.4609464,1.5757282,0.0,0.0,1.9767745
0.28647882,0.60142,0.0,0.4617133,0.0,0.50602347,0.43746465,0.44663328,0.0,0.0,0.0,0.5359263,0.0,0.0,0.0,0.48331064,0.0,0.3300018,0.5519179,0.007464342,0.0,0.5123192,0.4631895,0.0,0.59043556,0.0,0.0,0.0,0.0,0.5532209,0.34723848,0.0
0.09213615,0.30425906,0.11320578,0.21281743,0.0,0.14457494,0.2272428,0.2998726,0.0,0.0,0.17634447,0.2753927,0.1561089,0.06621668,0.18407407,0.3138808,0.27890888,0.06747098,0.18170646,0.2896109,0.16015086,0.06629195,0.17986257,0.0033945963,0.3730499,0.0,0.034946658,0.13655922,0.054885875,0.20809919,0.0,0.0
1.2109333,1.5454874,0.0,1.2746668,0.0,1.0802996,1.2584136,1.1388812,0.0,0.0,0.0,1.3957304,0.0,0.0,0.0,1.3649944,0.0,1.2277251,1.4867772,0.0,0.0,1.3578323,1.1947942,0.0,1.4817224,0.0,0.0,0.0,0.0,1.3209877,1.1979314,0.0
0.7072726,0.87731004,0.0,0.8906566,0.0,0.7296743,1.0284215,0.8283781,0.0,0.0,0.0,0.8724378,0.0,0.0,0.0,0.9233963,0.0,0.5928542,0.9964535,0.0,0.0,0.75507677,0.8204794,0.0,1.0434103,0.0,0.0,0.0,0.0,0.9815261,0.81638783,0.0
0.702768,0.8745588,0.0,1.0188131,0.0,1.0303961,1.0304146,0.7664876,0.0,0.0,0.0,1.0124239,0.0,0.0,0.0,0.9042198,0.0,0.7627642,0.90700316,0.0,0.0,0.9667562,0.8900964,0.0,1.1049637,0.0,0.0,0.0,0.0,1.0174258,0.66026556,0.0
0.0,0.0,1.0932429,0.0,0.8284324,0.0,0.0,0.0,1.1481259,0.49786144,1.4456135,0.0,0.80000114,1.0861775,1.1731329,0.0,1.3512104,0.0,0.0,1.2343199,0.7680179,0.0,0.0,1.0142885,0.0,1.0714108,0.8565033,1.1956215,1.354038,0.0,0.0,0.7857295
0.42619687,0.61637884,0.0,0.49857587,0.0,0.23823836,0.50562334,0.4520504,0.0,0.0,0.0,0.6389734,0.0,0.26561245,0.0,0.25500396,0.26832733,0.2193666,0.53377914,0.003526859,0.0,0.5878901,0.17942925,0.0,0.5309005,0.014089249,0.0,0.0,0.0,0.4829634,0.19549234,0.0
0.45061058,0.64355993,0.0,0.7101562,0.0,0.5681693,0.80219173,0.7713666,0.0,0.0,0.0,0.8075599,0.0,0.0,0.0,0.7357529,0.0,0.41520926,0.83522445,0.0,0.0,0.6014054,0.57631207,0.0,0.6679152,0.0,0.0,0.0,0.0,0.736884,0.51463753,0.0
0.3632493,0.5577922,0.0,0.5140868,0.0,0.4631931,0.61441255,0.58975625,0.0,0.0,0.0,0.57008713,0.0,0.0,0.0,0.6371204,0.0,0.46654162,0.6409614,0.0,0.0,0.46577153,0.49355876,0.0,0.637062,0.0,0.0,0.0,0.0,0.5640702,0.38742086,0.0
0.0,0.0,0.53028756,0.0,0.26299834,0.0,0.0,0.0,0.42630535,0.32651904,0.5356191,0.0,0.5106325,0.07380763,0.41793588,0.0,0.45292407,0.0,0.0,0.23306721,0.4183964,0.0,0.0,0.79588604,0.0,0.4339441,0.5236663,0.32842642,0.5832623,0.0,0.0,0.36854643
0.6378387,0.75515294,0.0,0.90108734,0.0,0.61323386,0.91590816,0.8064767,0.0,0.0,0.0,0.89174116,0.0,0.0,0.0,0.87896353,0.0,0.5309466,0.85184425,0.0,0.0,0.70079386,0.73101044,0.0,0.9541252,0.0,0.0,0.0,0.0,0.9513984,0.5733873,0.0
0.6941413,0.85414493,0.0,0.76354474,0.0,0.27705124,0.82074046,0.49319902,0.0,0.0,0.0,0.62430644,0.0,0.25839868,0.0,0.59369373,0.0,0.36373144,0.70795393,0.0,0.0,0.5366234,0.5691521,0.0,0.87863636,0.0,0.0,0.0,0.0,0.8963291,0.6644556,0.0
0.7089546,0.9374664,0.0,0.8980204,0.0,0.79737055,0.8310826,0.62772804,0.0,0.0,0.0,0.6993062,0.0,0.0,0.0,0.9694116,0.0,0.71282077,0.64975667,0.0,0.0,0.71685,0.97178745,0.0,1.3139572,0.0,0.0,0.0,0.0,1.2298105,0.6482531,0.0
0.6885621,0.17173278,0.0,0.34713775,0.0,0.50598687,1.1503321,0.29587185,0.0,0.0,0.0,0.7560516,0.0,0.0,0.0,0.7613732,0.02025427,1.1047438,0.8624508,0.0,0.0,0.82757884,0.7494353,0.0,0.9680914,0.0,0.0,0.0,0.0,0.74921674,0.84893006,0.0
0.0,0.0,1.3956724,0.0,1.567669,0.0,0.0,0.0,1.3809294,1.3011779,1.3245667,0.0,1.2041353,1.0850534,1.4170004,0.0,1.2949561,0.0,0.0,1.2629936,1.3210586,0.0,0.0,1.3913581,0.0,1.1883725,1.3731929,1.4550223,1.3001621,0.0,0.0,1.1163237
0.0,0.0,0.40457594,0.0,0.04683725,0.06545657,0.0,0.0,0.0,0.0,0.45265925,0.0,0.4658779,0.0,0.24757989,0.0,0.25132325,0.0,0.0,0.21510044,0.21450862,0.0,0.0,0.2552598,0.0,0.05851425,0.45798457,0.033159688,0.25741774,0.0,0.0,0.5730289
0.0,0.0,0.6749332,0.0,0.046454545,0.0,0.0,0.0,0.96222997,0.83857834,1.0844631,0.0,0.97614396,0.5835599,1.0428348,0.0,0.9414977,0.0,0.0,1.1739405,0.9870625,0.0,0.0,1.5007865,0.0,0.59370196,1.1018676,1.0383244,0.80113727,0.0,0.0,0.4651326
0.0,0.0,0.663839,0.0,0.46668768,0.0,0.0,0.0,0.5410391,0.5147267,0.6990214,0.0,0.4409362,0.14110978,0.58214813,0.0,0.5227747,0.0,0.0,0.4306321,0.49243507,0.0,0.0,0.7384032,0.0,0.5462015,0.51291823,0.5925126,0.66376907,0.0,0.0,0.3151216
0.49756747,0.96964955,0.0,0.4135847,0.0,0.7895014,0.60046166,0.7877326,0.0,0.0,0.0,0.61193854,0.0,0.0,0.0,0.6678364,0.0,1.0528172,0.6507899,0.0,0.0,0.7226543,0.86497784,0.0,0.799731,0.0,0.0,0.0,0.0,0.5803623,0.78199655,0.0
0.0,0.0,0.42152584,0.0,0.0,0.0,0.0,0.0,0.35540688,0.23536119,0.48616433,0.0,0.48868877,0.391634,0.28758866,0.0,0.72308254,0.0,0.0,0.44682616,0.29847232,0.0,0.0,0.3606009,0.0,0.2663709,0.34220105,0.35577095,0.38861832,0.0,0.0,0.2725805
0.088955946,0.33623517,0.06734869,0.0,0.0,0.29145753,0.12884252,0.3067972,0.17540197,0.0,0.0,0.40278846,0.0,0.0,0.0,0.0,0.0,0.10876426,0.32872343,0.15681428,0.0,0.33561566,0.06361196,0.15780553,0.05507338,0.28746498,0.0,0.0,0.35912213,0.11257679,0.0,0.0
0.808203,0.9035428,0.0,1.0329504,0.0,0.9275878,1.0208181,0.7555897,0.0,0.0,0.0,0.8361298,0.0,0.0,0.0,0.89648896,0.0,0.60401154,0.90806836,0.0,0.0,0.9073929,0.9707831,0.0,1.1883006,0.0,0.0,0.0,0.0,1.1531024,0.74209225,0.0
0.0,0.0,0.8300086,0.0,0.97576946,0.0,0.0,0.0,0.62809634,1.2796967,1.0926424,0.0,1.1924396,1.6878753,0.6751477,0.0,1.6530213,0.0,0.0,0.79493594,1.4232903,0.0,0.0,0.54855376,0.0,1.2758226,1.1601309,1.0105505,0.9528369,0.0,0.0,1.2475482
0.0,0.0,1.366393,0.0,0.7122437,0.0,0.0,0.0,1.2897009,1.031786,0.97102356,0.0,1.3965008,1.3318424,0.7080692,0.0,1.5690677,0.0,0.0,1.302624,1.1571465,0.0,0.0,1.5578493,0.0,1.1086202,1.1073537,0.7633792,1.2094963,0.0,0.0,1.280185
0.5465819,0.71369433,0.0,0.7737408,0.0,0.56824064,0.6691946,0.55136347,0.0,0.0,0.0,0.7071233,0.0,0.0,0.0,0.765707,0.0,0.5340259,0.65716255,0.0,0.0,0.53024125,0.7394637,0.0,0.9321321,0.0,0.0,0.0,0.0,0.8646397,0.5216175,0.0
1.5153114,1.7200023,0.0,1.5702403,0.0,1.1897138,1.3941822,1.2842861,0.0,0.0,0.0,1.4140687,0.0,0.0,0.0,1.6130894,0.0,1.5585015,1.5787194,0.0,0.0,1.3851787,1.2925274,0.0,1.8650784,0.0,0.0,0.0,0.0,1.4662946,1.3900818,0.0
1.3584123,1.6000738,0.0,1.4099766,0.0,1.0076919,1.2539816,1.2435195,0.0,0.0,0.0,1.3317955,0.0,0.0,0.0,1.440187,0.0,1.3939362,1.4216825,0.0,0.0,1.1620873,1.161765,0.0,1.4706525,0.0,0.0,0.0,0.0,1.29693,1.277813,0.0
0.0,0.15580891,0.35454983,0.0025376156,0.0,0.0,0.0,0.29206324,0.15264893,0.24780473,0.10457311,0.0,0.1220486,0.0,0.3966311,0.0,0.0,0.0,0.24344549,0.20243835,0.36978635,0.0,0.09430791,0.17476833,0.0026558489,0.0,0.3026083,0.16228355,0.26036078,0.03166637,0.0,0.01151675
0.30310965,0.42550412,0.0,0.59025747,0.0,0.5389246,0.59869516,0.52399,0.0,0.0,0.0,0.5440858,0.0,0.0,0.0,0.49333853,0.0,0.34029177,0.6599769,0.0,0.0,0.4691328,0.413256,0.0,0.5110938,0.0,0.0,0.0,0.0,0.535555,0.4762981,0.0
0.0,0.10182348,0.26909232,0.0,0.0,0.042746644,0.0,0.21244107,0.30290782,0.22413301,0.3218106,0.0,0.26196665,0.09569421,0.29502827,0.0,0.39038187,0.0,0.15477571,0.35180625,0.3383611,0.0,0.0,0.36097375,0.0,0.0,0.33889574,0.24242783,0.41410807,0.0,0.029895533,0.0
1.1297897,1.4632239,0.0,1.1545252,0.0,1.015424,1.3337497,1.117818,0.0,0.0,0.0,1.3079765,0.0,0.0,0.0,1.4404004,0.0,1.4991232,1.2477571,0.0,0.0,1.3906622,1.2254288,0.0,1.5394871,0.0,0.0,0.0,0.0,1.2476726,1.1910396,0.0
1.0862741,1.3794204,0.0,1.0778438,0.0,0.92771715,1.3101494,1.081912,0.0,0.0,0.0,1.303218,0.0,0.0,0.0,1.4209231,0.0,1.4684643,1.2270633,0.0,0.0,1.2752382,1.2102543,0.0,1.4308302,0.0,0.0,0.0,0.0,1.2379092,1.2207061,0.0
0.5954137,0.880397,0.0,0.8667327,0.0,0.81412923,0.90847915,0.7516751,0.0,0.0,0.0,1.0184017,0.0,0.0,0.0,0.8889959,0.0,0.6226829,0.8912364,0.0,0.0,0.87529725,0.8074529,0.0,1.0190806,0.0,0.0,0.0,0.0,0.8902149,0.7127512,0.0
0.5844304,0.8445039,0.0,0.92880136,0.0,0.95029813,0.9375783,0.72063434,0.0,0.0,0.0,1.0493814,0.0,0.0,0.0,0.9700919,0.0,0.7325322,0.8237985,0.0,0.0,0.9188584,0.9483324,0.0,1.1095053,0.0,0.0,0.0,0.0,0.9763787,0.716932,0.0
0.38165307,0.51572055,0.0,0.35569713,0.0,0.48776165,0.4168312,0.5543146,0.11547974,0.0,0.0,0.54624814,0.0,0.0,0.20308447,0.72682834,0.0,0.5236023,0.6075587,0.0,0.22915754,0.24841256,0.8771517,0.0,0.12990248,0.0,0.032752194,0.05656588,0.24372548,0.62958765,0.5969678,0.0
0.0,0.0,0.80962276,0.0,0.7099504,0.0,0.0,0.0,0.8117044,0.73004484,0.86341697,0.0,0.71376806,0.71347815,0.8971178,0.0,0.9201809,0.0,0.0,0.8423756,0.821197,0.0,0.0,0.6719869,0.0,0.68739635,0.649364,0.9071706,0.8039125,0.0,0.0,0.59690666
1.5383477,1.662954,0.0,1.6780183,0.0,1.1094571,1.5200139,1.3823564,0.0,0.0,0.0,1.5730244,0.0,0.0,0.0,1.6707722,0.0,1.5440699,1.6568078,0.0,0.0,1.3739257,1.2711,0.0,1.7952379,0.0,0.0,0.0,0.0,1.4828714,1.4869643,0.0
0.8352249,0.59189445,0.0,0.6852314,0.0,0.32899892,0.45303416,0.0,0.0,0.0,0.0,0.6656113,0.0,0.0,0.0,0.5425855,0.21508715,0.61170685,1.0607691,0.0,0.54601645,0.820309,0.23882045,0.0,0.762759,0.0,0.0,0.0,0.0,0.55338407,0.66624963,0.0
0.0,0.0,0.8141029,0.0,0.28837353,0.0,0.0,0.0,0.7311347,0.67567676,0.78715414,0.0,0.8527473,0.7068717,0.625384,0.0,1.0376137,0.0,0.0,0.8236696,0.8461662,0.0,0.0,0.87900794,0.0,0.5214248,0.76535314,0.516845,0.6492452,0.0,0.0,0.460751
1.0522392,1.1226552,0.0,0.8484695,0.0,0.8448109,0.94994754,0.95571285,0.0,0.0,0.0,1.0995489,0.0,0.0,0.0,1.073712,0.0,1.1645393,1.220831,0.0,0.0,0.9042036,0.8941995,0.0,1.2291878,0.0,0.0,0.0,0.0,1.0215116,1.2132473,0.0
0.7838075,1.1329361,0.0,0.87262183,0.0,0.75099236,0.88018465,0.85612667,0.0,0.0,0.0,0.9461672,0.0,0.0,0.0,0.9300648,0.0,1.0584418,1.1011481,0.0,0.0,1.0258566,0.85919845,0.0,1.0369924,0.0,0.0,0.0,0.0,0.918806,0.93592876,0.0
1.1690646,1.4021183,0.0,1.0814922,0.0,1.4588138,1.2390921,1.3466141,0.0,0.0,0.0,1.30232,0.0,0.0,0.0,1.1380457,0.0,1.6796167,1.3851953,0.0,0.0,1.4256763,1.1839763,0.0,1.493639,0.0,0.0,0.0,0.0,1.1588993,1.2228115,0.0
0.5755672,0.75264347,0.0,0.8214746,0.0,0.57385164,0.82159454,0.78589225,0.0,0.0,0.0,0.88883805,0.0,0.0,0.0,0.765505,0.0,0.53382707,0.8727907,0.0,0.0,0.7298191,0.7280407,0.0,0.8803637,0.0,0.0,0.0,0.0,0.8953596,0.57537925,0.0
1.1120981,1.2774246,0.0,1.1869636,0.0,0.80002445,1.10606,1.1504631,0.0,0.0,0.0,1.0845731,0.0,0.0,0.0,1.3768331,0.0,1.2106462,1.1654569,0.0,0.0,1.0372871,1.0610381,0.0,1.3986409,0.0,0.0,0.0,0.0,1.2455866,0.8538289,0.0
0.9410092,1.3952588,0.0,1.0769582,0.0,0.7659989,1.0459117,1.0507329,0.0,0.0,0.0,1.0338535,0.0,0.0,0.0,1.2965932,0.0,0.9743785,0.9943906,0.0,0.0,0.8873516,1.0633668,0.0,1.158228,0.0,0.0,0.0,0.0,1.1584263,0.8912905,0.0
0.57388467,0.859186,0.0,0.9436044,0.0,0.44529405,1.1404418,0.0,0.0,0.0,0.0,0.8864015,0.0,0.0,0.0,0.8224306,0.0,0.38990515,0.98195046,0.0,0.0,1.006818,0.5496738,0.0,0.869057,0.0,0.0,0.0,0.0,1.0762343,0.6850877,0.0
1.364803,1.2781303,0.0,1.2057137,0.0,1.0821669,1.4384847,1.256658,0.0,0.0,0.0,1.3761207,0.0,0.0,0.0,1.5341331,0.0,1.3337029,1.4476311,0.0,0.0,1.2840371,1.2995833,0.0,1.529394,0.0,0.0,0.0,0.0,1.3787922,1.2413391,0.0
0.0,0.0,1.0316881,0.0,1.2083039,0.0,0.0,0.0,1.2474407,1.3299913,0.9831392,0.0,1.1637037,1.4262899,0.8983393,0.0,0.98952556,0.0,0.0,1.3479694,0.97101825,0.0,0.0,1.1041191,0.0,1.2830528,0.69178784,1.1580968,1.1780368,0.0,0.0,1.2295903
0.0,0.0,1.758305,0.0,1.5477799,0.0,0.0,0.0,1.330411,1.5864316,1.6629399,0.0,1.263345,1.5083003,1.7088244,0.0,1.63232,0.0,0.0,1.6487074,1.6927749,0.0,0.0,0.88405,0.0,1.5429922,1.341194,1.6669348,1.427178,0.0,0.0,0.7945819
1.4517674,1.8146571,0.0,1.510307,0.0,1.3090793,1.3756473,1.3091413,0.0,0.0,0.0,1.3904688,0.0,0.0,0.0,1.5656502,0.0,1.6771015,1.6110069,0.0,0.0,1.4801912,1.2568296,0.0,1.8062953,0.0,0.0,0.0,0.0,1.4473894,1.4852396,0.0
1.4060066,1.5668228,0.0,1.4581795,0.0,1.4141461,1.498495,1.2806438,0.0,0.0,0.0,1.4453095,0.0,0.0,0.0,1.4404248,0.0,1.4842311,1.5871582,0.0,0.0,1.3312105,1.1813325,0.0,1.5382272,0.0,0.0,0.0,0.0,1.4332612,1.3358762,0.0
1.5370991,1.5995934,0.0,1.550369,0.0,1.3517694,1.5499927,1.4061981,0.0,0.0,0.0,1.4646007,0.0,0.0,0.0,1.5327007,0.0,1.3707995,1.5851777,0.0,0.0,1.2341849,1.1193128,0.0,1.5057139,0.0,0.0,0.0,0.0,1.4331819,1.3554418,0.0
0.049509,0.39457086,0.043442897,0.59711623,0.0,0.0,0.79694486,0.0,0.15411085,0.14970985,0.46966,0.4387746,0.0,0.31931427,0.022576526,0.41687542,0.021208681,0.0,0.68760884,0.41432202,0.0,0.64478105,0.0,0.19592543,0.23387468,0.15631166,0.0,0.0,0.35590237,0.47732228,0.38071853,0.0
0.49096084,0.77890146,0.0,0.7650153,0.0,0.6851916,0.78323686,0.6869923,0.0,0.0,0.0,0.82722557,0.0,0.0,0.0,0.6494481,0.0,0.44643706,0.89141876,0.0,0.0,0.7093815,0.56413376,0.0,0.74404997,0.0,0.0,0.0,0.0,0.7423395,0.47526482,0.0
0.8142723,0.8367269,0.0,0.579942,0.0,0.5934563,0.61791986,1.0152888,0.0,0.0,0.0,0.7717357,0.0,0.0,0.0,0.7833908,0.0,0.9583283,0.6968631,0.0,0.0,0.53276765,0.5083649,0.0,0.73749065,0.0,0.0,0.0,0.0,0.56507003,0.5938055,0.0
0.110929266,0.46831843,0.0,0.36582172,0.0,0.315343,0.39925653,0.30924562,0.0,0.0,0.0,0.3169825,0.0,0.045664877,0.0,0.28882688,0.3000926,0.02968983,0.45355716,0.0,0.0,0.3733498,0.103741206,0.047373578,0.26422852,0.0,0.0,0.0,0.0,0.34240907,0.30454373,0.0
0.8083608,1.1728582,0.0,0.82169783,0.0,0.6683096,0.7848025,0.8080782,0.0,0.0,0.0,0.8785994,0.0,0.0,0.0,0.86006194,0.0,1.0727056,0.91847175,0.0,0.0,0.8667048,0.7064924,0.0,1.1156342,0.0,0.0,0.0,0.0,0.94773334,0.6413452,0.0
0.67300224,0.7946729,0.0,0.8768269,0.0,0.7600951,0.93117225,0.8317376,0.0,0.0,0.0,0.8786798,0.0,0.0,0.0,0.80028945,0.0,0.4920909,0.9811947,0.0,0.0,0.7984107,0.6585982,0.0,0.89864993,0.0,0.0,0.0,0.0,0.773512,0.6449414,0.0
0.87884825,1.0777167,0.0,1.1894579,0.0,0.46044442,1.2614338,0.0,0.0,0.0,0.0,1.1304896,0.0,0.0,0.0,0.9869646,0.0,0.57018393,1.0877877,0.0,0.0,1.1037947,0.5409548,0.0,1.070167,0.0,0.0,0.0,0.0,1.167914,0.8211042,0.0
0.0,0.0,0.29445332,0.1835796,0.0,0.06834246,0.058761448,0.13895254,0.0,0.0,0.20075682,0.02580592,0.19466347,0.0,0.10485759,0.090698406,0.0,0.0,0.070518196,0.20146012,0.16735068,0.0,0.0,0.13245334,0.029346704,0.0,0.2642338,0.0,0.053088643,0.0,0.0,0.18869737
0.12820165,0.46110195,0.0,0.17924641,0.0,0.50126225,0.39597934,0.43358585,0.0,0.0,0.0,0.41448247,0.0,0.0,0.0,0.27599832,0.0,0.22389294,0.6019203,0.0,0.0,0.3727145,0.3287574,0.0,0.23531137,0.0,0.0,0.0,0.0013377666,0.45301288,0.1539961,0.0
0.3206107,0.34455022,0.0,0.6323932,0.0,0.34481746,0.5849164,0.52930653,0.0,0.0,0.0,0.48366684,0.0,0.0,0.0,0.52618325,0.0,0.22909889,0.5080468,0.0,0.0,0.34623465,0.419056,0.0,0.5082552,0.0,0.0,0.0,0.0,0.5074092,0.246682,0.0
1.5817671,1.7973748,0.0,1.5233345,0.0,1.1899927,1.5305688,1.2979753,0.0,0.0,0.0,1.58836,0.0,0.0,0.0,1.7829864,0.0,1.4940553,1.5995979,0.0,0.0,1.3049531,1.2829835,0.0,1.7468585,0.0,0.0,0.0,0.0,1.5060034,1.4657172,0.0
0.36593252,0.71075094,0.0,0.7372994,0.0,0.7679424,0.66749895,0.4828779,0.0,0.0,0.0,0.7198349,0.0,0.0,0.0,0.6100987,0.0,0.581244,0.7778744,0.0,0.0,0.6835347,0.5610752,0.0,0.6622572,0.0,0.0,0.0,0.0,0.63826895,0.47789338,0.0
0.0,0.0,1.4168161,0.0,1.4785202,0.0,0.0,0.0,1.3391775,1.2297915,1.32936,0.0,1.3941505,1.6807548,1.5050377,0.0,1.913872,0.0,0.0,1.7167495,1.5478495,0.0,0.0,1.374173,0.0,1.1985303,1.4187235,1.3026175,1.1174192,0.0,0.0,1.0925262
0.45959795,0.54026276,0.0,0.6606716,0.0,0.5128391,0.62087023,0.58937615,0.0,0.0,0.0,0.6420751,0.0,0.0,0.0,0.70045197,0.0,0.39267078,0.64810574,0.0,0.0,0.44451475,0.46608797,0.0,0.77805233,0.0,0.0,0.0,0.0,0.58854985,0.5245057,0.0
0.7743653,1.177296,0.0,0.9148066,0.0,0.70912886,0.86562854,0.8515502,0.0,0.0,0.0,0.89508426,0.0,0.0,0.0,0.9047566,0.0,1.040024,0.99904686,0.0,0.0,0.99283946,0.8914118,0.0,1.1609302,0.0,0.0,0.0,0.0,0.96709156,0.6982534,0.0
1.3460037,1.3668303,0.0,1.5353317,0.0,1.4848689,1.4316392,1.4051899,0.0,0.0,0.0,1.7123864,0.0,0.0,0.0,1.3560641,0.0,1.7119628,1.4822602,0.0,0.0,1.7003102,1.5480363,0.0,1.8844144,0.0,0.0,0.0,0.0,1.50808,1.6689159,0.0
1.259402,1.5028956,0.0,1.5708364,0.0,1.77985,1.5021104,1.3601959,0.0,0.0,0.0,1.8379275,0.0,0.0,0.0,1.6638463,0.0,1.7044243,1.6194334,0.0,0.0,1.6839824,1.788792,0.0,1.8997239,0.0,0.0,0.0,0.0,1.5489953,1.8155439,0.0
1.240192,1.5057957,0.0,1.241782,0.0,1.1624429,1.2828467,1.2305464,0.0,0.0,0.0,1.3996105,0.0,0.0,0.0,1.3814785,0.0,1.5882088,1.4079318,0.0,0.0,1.2936834,1.2798567,0.0,1.5271509,0.0,0.0,0.0,0.0,1.3400382,1.3201421,0.0
0.9991884,1.029529,0.0,0.98195094,0.0,1.0168601,1.238064,1.0087548,0.0,0.0,0.0,1.22772,0.0,0.0,0.0,1.3212285,0.0,1.3271884,1.4116224,0.0,0.0,1.2492087,1.0109273,0.0,1.3317451,0.0,0.0,0.0,0.0,1.0669028,1.034769,0.0
0.0,0.0,0.09400695,0.0,0.0,0.034730077,0.02090504,0.18523426,0.0,0.08642561,0.21720086,0.0,0.13236715,0.0,0.0,0.24142422,0.0,0.0,0.22274125,0.0,0.0,0.0,0.0,0.24048266,0.043830164,0.0,0.04598851,0.0,0.15563425,0.0,0.136645,0.0
0.0,0.0,0.3241874,0.0,0.0,0.14924356,0.0,0.18574055,0.30155545,0.3007811,0.3883709,0.0,0.61275077,0.0,0.3441081,0.0,0.0,0.0,0.0,0.6025414,0.0,0.0,0.10418097,0.18349081,0.0,0.0999884,0.49032575,0.56676775,0.20807493,0.0,0.0,0.67456746
0.41115665,0.5456535,0.0,0.7361151,0.0,0.4501107,0.72764647,0.50467485,0.0,0.0,0.0,0.6472476,0.0,0.0,0.0,0.62951446,0.0,0.31445304,0.7720075,0.0,0.0,0.6201526,0.3784282,0.0,0.6535625,0.0,0.0,0.0,0.0,0.5909593,0.54360723,0.0
0.37037557,0.5109973,0.0,0.59465384,0.0,0.5188867,0.63504344,0.5639836,0.0,0.0,0.0,0.6105784,0.0,0.0,0.0,0.5397532,0.0,0.30202276,0.6001803,0.0,0.0,0.480295,0.35785568,0.0,0.63587,0.0,0.0,0.0,0.0,0.6050608,0.44201562,0.0
0.51268524,0.6461092,0.0,0.6757479,0.0,0.61746407,0.6803693,0.6959241,0.0,0.0,0.0,0.7176234,0.0,0.0,0.0,0.67882913,0.0,0.6207807,0.8083859,0.0,0.0,0.641317,0.6047952,0.0,0.8051127,0.0,0.0,0.0,0.0,0.7231593,0.513677,0.0
0.9796156,1.0432476,0.0,0.99491936,0.0,0.7287099,1.0781829,1.0427432,0.0,0.0,0.0,1.15367,0.0,0.0,0.0,1.321394,0.0,1.0302217,1.1633015,0.0,0.0,1.0276548,1.0680103,0.0,1.2305814,0.0,0.0,0.0,0.0,1.1197407,0.986243,0.0
0.94824636,1.2671791,0.0,1.0801375,0.0,0.92941004,1.0352906,1.0886312,0.0,0.0,0.0,1.1162056,0.0,0.0,0.0,1.2741077,0.0,0.9449883,1.0802225,0.0,0.0,0.9525574,1.1505893,0.0,1.0950042,0.0,0.0,0.0,0.0,1.2870579,0.9625727,0.0
1.281113,1.5376593,0.0,1.2646886,0.0,1.1542801,1.2689373,1.2616354,0.0,0.0,0.0,1.3984956,0.0,0.0,0.0,1.3943057,0.0,1.5967387,1.4182742,0.0,0.0,1.3001292,1.2428766,0.0,1.5639802,0.0,0.0,0.0,0.0,1.3237019,1.3087646,0.0
1.4920429,1.5904417,0.0,1.5169476,0.0,1.0429397,1.4115295,1.4752301,0.0,0.0,0.0,1.5348655,0.0,0.0,0.0,1.4910545,0.0,1.5109904,1.5215063,0.0,0.0,1.2903123,1.1575272,0.0,1.5767905,0.0,0.0,0.0,0.0,1.322382,1.4069709,0.0
1.4228512,1.6386358,0.0,1.4193587,0.0,1.1322038,1.2898258,1.3530577,0.0,0.0,0.0,1.413319,0.0,0.0,0.0,1.458743,0.0,1.5481254,1.4883347,0.0,0.0,1.3209037,1.1871687,0.0,1.6262566,0.0,0.0,0.0,0.0,1.3303078,1.3443304,0.0
0.9179606,1.532303,0.0,1.1794616,0.0,0.6799058,1.3177853,0.019582616,0.0,0.0,0.0,1.3095055,0.0,0.0,0.0,1.3186151,0.0,0.9616276,1.2471083,0.0,0.0,1.3519835,0.9539074,0.0,1.0960612,0.0,0.0,0.0,0.0,1.4527735,1.0760995,0.0
0.23681192,0.084948555,0.0,0.23170972,0.0,0.26030475,0.11370123,0.13452584,0.0,0.0,0.0,0.09042084,0.041274708,0.0,0.0,0.2871037,0.0,0.18227752,0.3094258,0.0,0.0,0.09425801,0.0,0.0,0.3072258,0.0,0.0,0.0,0.0,0.040632606,0.25534138,0.0
0.6949441,0.8430666,0.0,0.89692366,0.0,0.81957996,0.9289053,0.8771179,0.0,0.0,0.0,1.0959585,0.0,0.0,0.0,0.7697316,0.0,0.69554204,1.0491197,0.0,0.0,0.8352408,0.7317333,0.0,0.9046206,0.0,0.0,0.0,0.0,0.9038823,0.66169626,0.0
0.6836389,0.7020666,0.0,0.84121597,0.0,0.7040309,0.95244265,0.7876728,0.0,0.0,0.0,0.8934351,0.0,0.0,0.0,0.8812558,0.0,0.74739647,0.91914636,0.0,0.0,0.80103236,0.86415684,0.0,0.97588354,0.0,0.0,0.0,0.0,0.8779427,0.64414394,0.0
1.1163229,0.734784,0.0,0.90172845,0.0,1.3072072,0.71562403,1.1384045,0.0,0.0,0.0,1.0976579,0.0,0.0,0.0,0.89915514,0.0,1.2087915,1.1244407,0.0,0.0,1.0455619,0.81717,0.0,1.2312537,0.0,0.0,0.0,0.0,1.0572238,0.802433,0.0
0.12863988,0.18797922,0.1586167,0.10290063,0.0,0.0,0.175044,0.3982562,0.0,0.0,0.0,0.0,0.0,0.0,0.0,0.4167015,0.0,0.0,0.15226856,0.0,0.0,0.0,0.0,0.09796035,0.3110445,0.0,0.11356509,0.0,0.010522939,0.15030558,0.0,0.0
0.0,0.0,1.2927881,0.0,0.65548885,0.0,0.0,0.0,0.8532278,1.7265241,1.0542336,0.0,1.7955229,1.6524415,0.42078564,0.0,2.8220558,0.0,0.0,1.5308564,1.57934,0.0,0.0,1.0837908,0.0,1.5796633,1.4877323,1.9427406,1.7373052,0.0,0.0,2.2455819
0.8370192,1.0167298,0.0,0.80899143,0.0,0.5819087,0.564227,0.9347574,0.0,0.0,0.0,0.7317546,0.0,0.0,0.0,0.83260983,0.0,0.9796965,0.83906054,0.0,0.0,0.49543953,0.4986401,0.0,0.89746284,0.0,0.0,0.0,0.0,0.60812503,0.73393726,0.0
1.082209,1.441635,0.0,1.1291388,0.0,0.8119919,1.178084,1.0550957,0.0,0.0,0.0,1.203793,0.0,0.0,0.0,1.3344928,0.0,1.3496898,1.2251607,0.0,0.0,1.1455836,1.0311062,0.0,1.3280722,0.0,0.0,0.0,0.0,1.2102491,1.1497262,0.0
0.4086529,0.7511589,0.0,0.74040556,0.0,0.5939477,0.64194953,0.60034937,0.0,0.0,0.0,0.67743814,0.0,0.0,0.0,0.63004875,0.0,0.489644,0.85155296,0.0,0.0,0.63996017,0.6014117,0.0,0.7376199,0.0,0.0,0.0,0.0,0.7686946,0.43344158,0.0
0.0,0.0,0.83820605,0.0,0.15782209,0.0,0.0,0.0,0.54676163,0.4162506,0.7235384,0.0,0.8666798,0.767632,0.8062033,0.0,0.994882,0.0,0.0,0.89246446,1.0202187,0.0,0.0,0.3945519,0.0,0.335719,0.8048004,0.41318858,0.50199234,0.0,0.0,0.33436087
0.36548454,0.66960794,0.0,0.7195848,0.0,0.67448187,0.70134616,0.64387286,0.0,0.0,0.0,0.66673076,0.0,0.0,0.0,0.5969378,0.0,0.33591446,0.78347427,0.0,0.0,0.6218771,0.5745262,0.0,0.6439478,0.0,0.0,0.0,0.0,0.65583235,0.52100915,0.0
0.4162687,0.77772415,0.0,0.88784015,0.0,0.7657543,0.66662616,0.51842284,0.0,0.0,0.0,0.7686716,0.0,0.0,0.0,0.598179,0.0,0.7958985,0.89423656,0.0,0.0,0.995682,0.84448135,0.0,0.84829867,0.0,0.0,0.0,0.0,0.75506306,0.49632952,0.0
0.23702876,0.42524162,0.055541363,0.39512023,0.0,0.29251525,0.49063003,0.40052384,0.0013079643,0.0,0.02215404,0.47546,0.0042540506,0.09749323,0.0,0.36290044,0.0,0.038602456,0.27212662,0.0,0.0,0.19535969,0.34327954,0.0,0.38559592,0.0,0.0836374,0.0,0.02125474,0.59372514,0.17087843,0.0
0.27318567,0.3610422,0.0,0.4768917,0.0,0.46900547,0.54349667,0.6564798,0.0,0.0,0.0,0.5543925,0.0,0.0,0.0,0.5605612,0.0,0.37386593,0.5787758,0.0,0.0,0.4865963,0.41981938,0.0,0.6534337,0.0,0.0,0.0,0.0,0.4294287,0.40527135,0.0
0.53134125,0.72822815,0.0,0.7054893,0.0,0.71215326,0.8163164,0.7124481,0.0,0.0,0.0,0.84156626,0.0,0.0,0.0,0.75959414,0.0,0.737234,0.9285929,0.0,0.0,0.79375947,0.71065164,0.0,0.86238146,0.0,0.0,0.0,0.0,0.7699482,0.6135477,0.0
1.1590737,1.5337107,0.0,1.2118657,0.0,0.93884665,1.2344853,1.0938952,0.0,0.0,0.0,1.2044908,0.0,0.0,0.0,1.3706311,0.0,1.3988588,1.311148,0.0,0.0,1.2851799,1.091039,0.0,1.4491508,0.0,0.0,0.0,0.0,1.285633,1.1656259,0.0
0.32078528,0.38388166,0.0,0.33077213,0.0,0.54431885,0.31220523,0.5172798,0.0,0.0,0.0,0.39157403,0.0,0.0,0.06804887,0.25778884,0.0,0.3379252,0.50924456,0.0,0.025982872,0.30023202,0.5533912,0.0,0.40687847,0.0,0.0,0.094854765,0.0,0.5496784,0.22752607,0.0
0.2538893,0.4169192,0.0,0.43985617,0.0,0.35311428,0.46648246,0.3541161,0.0,0.0,0.0,0.42030543,0.0,0.0,0.0,0.4322244,0.0,0.23624825,0.5227492,0.0,0.0,0.34025696,0.20995943,0.0,0.49717045,0.0,0.0,0.0,0.0,0.46407014,0.4763535,0.0
0.6301193,0.64943486,0.0,0.8104696,0.0,0.4891542,0.80782425,0.74042076,0.0,0.0,0.0,0.7064149,0.0,0.0,0.0,0.8039125,0.0,0.572875,0.74035716,0.0,0.0,0.5899805,0.51835644,0.0,0.82497823,0.0,0.0,0.0,0.0,0.67363435,0.42327324,0.0
0.5742597,0.5535448,0.0,0.51427,0.0,0.59198487,0.5307611,0.5868414,0.0,0.0,0.0,0.64441836,0.0,0.0,0.0,0.57447404,0.0,0.42817512,0.521129,0.0,0.0,0.40056735,0.46383587,0.0,0.6658897,0.0,0.0,0.0,0.0,0.47754258,0.49052092,0.0
1.0380491,1.0220872,0.0,1.271164,0.0,0.9859786,0.9524143,0.9165412,0.0,0.0,0.0,1.059137,0.0,0.0,0.0,1.0801162,0.0,1.019128,1.3108579,0.0,0.0,1.0167303,0.97575974,0.0,1.247312,0.0,0.0,0.0,0.0,1.0411563,0.9672994,0.0
0.4898212,0.67765516,0.0,0.5791801,0.0,0.5176797,0.6598115,0.7543613,0.0,0.0,0.0,0.72097176,0.0,0.0,0.0,0.55774117,0.0,0.37868336,0.7435717,0.0,0.0,0.58642435,0.4205498,0.0,0.6834602,0.0,0.0,0.0,0.0,0.5841921,0.48971283,0.0
0.5106033,0.7134851,0.0,0.75717044,0.0,0.55987066,0.86129284,0.58067167,0.0,0.0,0.0,0.79806393,0.0,0.0,0.0,0.7027203,0.0,0.58146876,0.8358316,0.0,0.0,0.75816786,0.5405096,0.0,0.917787,0.0,0.0,0.0,0.0,0.72342205,0.60468775,0.0
1.4446621,1.6552944,0.0,1.5011237,0.0,1.4553831,1.5902007,1.2819517,0.0,0.0,0.0,1.4690846,0.0,0.0,0.0,1.588497,0.0,1.4765455,1.5363091,0.0,0.0,1.3995873,1.3514805,0.0,1.6821277,0.0,0.0,0.0,0.0,1.5686555,1.4954827,0.0
1.4387039,1.6078438,0.0,1.4503708,0.0,1.3066115,1.4879147,1.304238,0.0,0.0,0.0,1.4547813,0.0,0.0,0.0,1.5412958,0.0,1.407724,1.4212908,0.0,0.0,1.205996,1.2420282,0.0,1.5430883,0.0,0.0,0.0,0.0,1.4582916,1.4737746,0.0
1.180171,1.3708619,0.0,1.2269489,0.0,0.95683056,1.1445862,1.1039554,0.0,0.0,0.0,1.2873064,0.0,0.0,0.0,1.3854641,0.0,1.2394106,1.3439865,0.0,0.0,1.0955756,1.2475132,0.0,1.4021323,0.0,0.0,0.0,0.0,1.2822404,1.1741359,0.0
1.2311361,1.3765296,0.0,1.2230548,0.0,0.95750445,1.1113714,1.2765031,0.0,0.0,0.0,1.2983785,0.0,0.0,0.0,1.2730807,0.0,1.2059065,1.3270392,0.0,0.0,1.0858028,0.9676014,0.0,1.3049518,0.0,0.0,0.0,0.0,1.1770465,1.0848382,0.0
0.29753858,0.56541,0.0,0.5685745,0.0,0.5359762,0.6328341,0.4726374,0.0,0.0,0.0,0.6547337,0.0,0.0,0.0,0.5226232,0.048016712,0.36360204,0.61524695,0.0,0.0,0.47554356,0.40453303,0.0,0.48442626,0.0,0.0,0.0,0.0,0.5635568,0.35763586,0.0
0.2346844,0.48588336,0.0,0.45143062,0.0,0.3469873,0.46404916,0.59054774,0.0,0.0,0.0,0.5494921,0.0,0.027891673,0.0,0.36301827,0.0,0.23895149,0.56884825,0.0007384196,0.0,0.35577658,0.419507,0.0,0.37978023,0.0,0.0,0.0,0.0,0.5549539,0.27415633,0.0
0.20542699,0.71424156,0.0,0.65236944,0.0,0.26329175,1.1013277,0.0,0.0,0.0,0.0,0.8531463,0.0,0.0,0.0,0.77750206,0.0,0.44996476,1.010012,0.08394251,0.0,0.9022001,0.29355004,0.0,0.49852216,0.0,0.0,0.0,0.0,0.76195425,0.70895016,0.0
0.25657266,0.3348901,0.0,0.42478088,0.0,0.22100595,0.3859083,0.41981477,0.0,0.0,0.0,0.32571065,0.0,0.0,0.0,0.45597917,0.0,0.14277233,0.35407352,0.0,0.0,0.11312414,0.21351348,0.0,0.39662468,0.0,0.0,0.0,0.0,0.37469208,0.1117066,0.0
0.36101788,0.39510643,0.0,0.52671933,0.0,0.4864617,0.5761549,0.6566241,0.0,0.0,0.0,0.5882703,0.0,0.0,0.0,0.5241801,0.0,0.32310802,0.55841535,0.0,0.0,0.3630817,0.36445722,0.0,0.5547266,0.0,0.0,0.0,0.0,0.5440582,0.3753429,0.0
0.9364185,1.285268,0.0,0.868278,0.0,0.9558204,1.0347455,0.9761052,0.0,0.0,0.0,1.1642886,0.0,0.0,0.0,1.0174032,0.0,1.4670044,1.176128,0.0,0.0,1.1062458,0.9634111,0.0,1.2008151,0.0,0.0,0.0,0.0,0.9289039,1.1356369,0.0
0.0,0.0,0.36698174,0.0,0.062086646,0.0,0.0,0.15095292,0.35154998,0.3317864,0.4068073,0.0,0.13649414,0.07650683,0.4042254,0.0,0.23843408,0.0,0.0,0.1939715,0.38683495,0.0,0.0,0.42385092,0.0,0.1332405,0.43437535,0.465594,0.4473507,0.0,0.0,0.09718249
0.58814687,1.0889856,0.0,0.5898405,0.0,0.9317917,0.44628417,0.6151486,0.0,0.0,0.0,0.722361,0.0,0.0,0.0,0.3227288,0.0,1.0411109,0.9385069,0.0,0.0,0.9051136,0.5664128,0.0,0.99206126,0.0,0.0,0.0,0.0,0.7288472,0.60652614,0.0
0.59486145,1.090624,0.0,0.6341809,0.0,0.98505765,0.492653,0.62549275,0.0,0.0,0.0,0.74866766,0.0,0.0,0.0,0.34949833,0.0,1.0555822,0.99439305,0.0,0.0,0.97217906,0.6470021,0.0,1.0350516,0.0,0.0,0.0,0.0,0.7586618,0.6257067,0.0
0.7096265,0.7282435,0.0,0.89481306,0.0,0.67536,0.942584,0.86755633,0.0,0.0,0.0,0.918693,0.0,0.0,0.0,0.95060104,0.0,0.6359233,0.88004035,0.0,0.0,0.6435054,0.73945487,0.0,0.9826853,0.0,0.0,0.0,0.0,0.9135005,0.6416203,0.0
1.3417232,1.7675576,0.0,1.5912528,0.0,1.4448681,1.6016587,1.3055415,0.0,0.0,0.0,1.5067664,0.0,0.0,0.0,1.5858144,0.0,1.4809668,1.548038,0.0,0.0,1.5127604,1.3099129,0.0,1.7467421,0.0,0.0,0.0,0.0,1.5661324,1.4031326,0.0
1.3947294,1.7063392,0.0,1.4487196,0.0,1.0937932,1.3330257,1.2280818,0.0,0.0,0.0,1.4544706,0.0,0.0,0.0,1.4986925,0.0,1.5083879,1.5110887,0.0,0.0,1.3957082,1.1894332,0.0,1.7422786,0.0,0.0,0.0,0.0,1.3729444,1.258456,0.0
0.43551767,0.6555384,0.0,0.7330673,0.0,0.56799066,0.7839753,0.56332374,0.0,0.0,0.0,0.75511223,0.0,0.0,0.0,0.71899307,0.0,0.6372766,0.76946133,0.0,0.0,0.7017207,0.60986555,0.0,0.81011367,0.0,0.0,0.0,0.0,0.71464646,0.4978063,0.0
0.42051655,0.67948824,0.0,0.7581993,0.0,0.74706095,0.78639597,0.5430433,0.0,0.0,0.0,0.7063676,0.0,0.0,0.0,0.6847531,0.0,0.48479843,0.7020664,0.0,0.0,0.6381944,0.64659643,0.0,0.73746663,0.0,0.0,0.0,0.0,0.77422297,0.5251566,0.0
0.0,0.0,0.860952,0.0,0.4159699,0.0,0.0,0.0,0.65279365,0.5735501,0.77651364,0.0,0.93973404,0.9222643,0.70542175,0.0,1.182531,0.0,0.0,0.9838585,0.7476371,0.0,0.0,0.73374087,0.0,0.6609633,0.76304334,0.6896318,0.47196528,0.0,0.0,0.70385575
0.43491733,0.7362919,0.0,0.58983713,0.0,0.4945228,0.6867144,0.61848354,0.0,0.0,0.0,0.62947303,0.0,0.0,0.0,0.65039223,0.0,0.44992903,0.80168706,0.0,0.0,0.58795965,0.38478702,0.0,0.75554913,0.0,0.0,0.0,0.0,0.7027835,0.57960254,0.0
0.40120882,0.60155827,0.0,0.64044577,0.0,0.65479654,0.5372447,0.43729022,0.0,0.0,0.0,0.5841116,0.0,0.0,0.0,0.45857644,0.0,0.49337918,0.67589015,0.0,0.0,0.57461804,0.5680522,0.0,0.6076569,0.0,0.0,0.0,0.0,0.6502616,0.46635118,0.0
0.7012842,1.264705,0.0,0.85671717,0.0,0.70274043,0.83073777,0.820324,0.0,0.0,0.0,0.812687,0.0,0.0,0.0,0.8936159,0.0,0.87298965,0.8833885,0.0,0.0,0.7969858,0.81656075,0.0,0.8678652,0.0,0.0,0.0,0.0,0.9552314,0.7160406,0.0
0.0,0.23287356,0.33010817,0.0,0.0,0.2919358,0.09930641,0.30863518,0.12536302,0.0,0.14956547,0.07466904,0.3314942,0.0,0.28552884,0.0,0.0,0.0,0.10821962,0.13290395,0.101495184,0.0,0.3109699,0.2962511,0.0,0.0,0.41959596,0.1868297,0.25725466,0.117779635,0.059577398,0.026438482
1.5379176,1.405689,0.0,1.4429451,0.0,1.3164184,1.4427686,1.4358242,0.0,0.0,0.0,1.7754891,0.0,0.0,0.0,1.4583265,0.0,1.5610148,1.5922604,0.0,0.0,1.5149466,1.2647063,0.0,1.7995455,0.0,0.0,0.0,0.0,1.4699904,1.5344989,0.0
1.3137501,1.7106328,0.0,1.5942328,0.0,1.2490385,1.1978532,1.2786915,0.0,0.0,0.0,1.6706655,0.0,0.0,0.0,1.5416689,0.0,1.3330877,1.5306859,0.0,0.0,1.5931959,1.5214373,0.0,1.6768272,0.0,0.0,0.0,0.0,1.4092022,1.4139818,0.0
1.0480953,1.1854916,0.0,1.0265963,0.0,1.0127321,0.85412747,1.167815,0.0,0.0,0.0,0.9228575,0.0,0.0,0.0,1.0512261,0.0,1.1858305,1.3692704,0.0,0.0,0.9980559,0.95289254,0.0,1.3312941,0.0,0.0,0.0,0.0,1.0000907,0.96936196,0.0
1.1710458,1.4243252,0.0,1.2318408,0.0,1.1709996,1.1605375,1.0100266,0.0,0.0,0.0,1.2028104,0.0,0.0,0.0,1.1524047,0.0,1.1802777,1.3963333,0.0,0.0,1.1842155,0.96327615,0.0,1.4155252,0.0,0.0,0.0,0.0,1.1954483,0.9389569,0.0
0.70290023,0.8465676,0.0,0.905538,0.0,0.77089304,0.87177277,0.788471,0.0,0.0,0.0,0.9523617,0.0,0.0,0.0,0.7825283,0.0,0.66342676,0.97738534,0.0,0.0,0.85971284,0.69793963,0.0,1.0008165,0.0,0.0,0.0,0.0,0.89218605,0.66102004,0.0
0.33942693,0.6131452,0.0,0.7013059,0.0,0.53157705,0.6596282,0.52821094,0.0,0.0,0.0,0.6066892,0.0,0.0,0.0,0.5876587,0.0,0.40794194,0.7230428,0.0,0.0,0.58385706,0.5384232,0.0,0.67324454,0.0,0.0,0.0,0.0,0.65177065,0.4782886,0.0
0.36386806,0.57314897,0.0,0.47892606,0.0,0.23764785,0.71083707,0.055974044,0.0,0.0,0.08471745,0.6018272,0.0,0.0,0.0,0.6737194,0.0,0.09150356,0.56913614,0.0,0.0,0.42336434,0.13393998,0.0,0.5283315,0.0,0.0,0.0,0.0,0.59840393,0.44118097,0.0
1.2746572,1.5214329,0.0,1.3244054,0.0,1.2308,1.2851552,1.2003307,0.0,0.0,0.0,1.4982593,0.0,0.0,0.0,1.3785335,0.0,1.457584,1.4874059,0.0,0.0,1.2134215,1.2888236,0.0,1.5371076,0.0,0.0,0.0,0.0,1.3519971,1.3545331,0.0
1.2824117,1.2747148,0.0,1.1224713,0.0,0.94487107,0.98546964,1.1291792,0.0,0.0,0.0,1.2353421,0.0,0.0,0.0,1.1084815,0.0,1.3706807,1.3704695,0.0,0.0,1.0975907,1.0543133,0.0,1.4481012,0.0,0.0,0.0,0.0,1.0596219,1.1799387,0.0
0.5697294,0.76984537,0.0,0.789268,0.0,0.6501584,0.7899019,0.5989951,0.0,0.0,0.0,0.7526245,0.0,0.0,0.0,0.736401,0.0,0.49287432,0.7517479,0.0,0.0,0.5456439,0.80360353,0.0,0.8773809,0.0,0.0,0.0,0.0,0.9472577,0.58434904,0.0
1.6883967,1.7459922,0.0,1.6777003,0.0,1.2342585,1.5315131,1.3764118,0.0,0.0,0.0,1.6857624,0.0,0.0,0.0,1.7182442,0.0,1.635175,1.6406993,0.0,0.0,1.3636872,1.373746,0.0,1.8648552,0.0,0.0,0.0,0.0,1.5095273,1.5842527,0.0
0.7489807,0.79450196,0.0,0.48173192,0.0,0.18359752,0.37564373,0.97119546,0.0,0.0,0.0,0.39278674,0.0,0.0,0.0,0.9998032,0.0,0.51594555,0.6402745,0.0,0.0,0.37703907,0.68478835,0.0,0.90249705,0.0,0.0,0.0,0.0,0.728152,0.24448113,0.0
0.40870446,0.4718414,0.0,0.5495768,0.0,0.5623927,0.69447047,0.6713088,0.0,0.0,0.0,0.7757541,0.0,0.0,0.0,0.6383014,0.0,0.45757577,0.6342692,0.0,0.0,0.56473756,0.553851,0.0,0.6801321,0.0,0.0,0.0,0.0,0.65240437,0.44811997,0.0
0.9259104,1.180989,0.0,0.74917716,0.0,0.7293452,0.79990196,0.90457004,0.0,0.0,0.0,0.9326759,0.0,0.0,0.0,0.8881625,0.0,0.85353094,1.0456145,0.0,0.0,0.664162,0.54162145,0.0,0.76806885,0.0,0.0,0.0,0.0,0.74561805,0.85887814,0.0
1.3949488,1.617122,0.0,1.3649644,0.0,1.3338591,1.3751591,1.4349779,0.0,0.0,0.0,1.4986331,0.0,0.0,0.0,1.3149294,0.0,1.6058695,1.4929049,0.0,0.0,1.3051001,0.97748697,0.0,1.5253108,0.0,0.0,0.0,0.0,1.2076589,1.3982112,0.0
0.55164886,0.7652232,0.0,0.8664796,0.0,0.6735522,0.70777935,0.6369146,0.0,0.0,0.0,0.72036344,0.0,0.0,0.0,0.7503777,0.0,0.6368436,0.793417,0.0,0.0,0.7460031,0.8170327,0.0,0.92104894,0.0,0.0,0.0,0.0,0.8552456,0.5931368,0.0
0.08099463,0.506671,0.0,0.5603128,0.0,0.330055,0.29388863,0.4304001,0.0,0.0,0.0,0.45420128,0.017455943,0.0,0.13727462,0.40725893,0.0029196069,0.21846905,0.4120121,0.23776755,0.07699438,0.19438691,0.49326026,0.0,0.3849607,0.0,0.0,0.0,0.0,0.5107946,0.18875208,0.0
1.2011478,1.5256312,0.0,1.3321608,0.0,0.8876986,1.2077986,1.2149508,0.0,0.0,0.0,1.3159964,0.0,0.0,0.0,1.5067923,0.0,1.3062044,1.4527624,0.0,0.0,1.2300119,1.2174271,0.0,1.5014784,0.0,0.0,0.0,0.0,1.3354998,1.1569674,0.0
0.6339455,0.6653411,0.0,0.68581563,0.0,0.70463526,0.858759,0.77283007,0.0,0.0,0.0,0.81712997,0.0,0.0,0.0,0.7085881,0.0,0.5663573,0.95640916,0.0,0.0,0.77556074,0.5782708,0.0,0.89625484,0.0,0.0,0.0,0.0,0.7864826,0.63401735,0.0
1.0171592,1.0678043,0.0,0.90307343,0.0,0.8926895,0.944495,0.99151725,0.0,0.0,0.0,1.2299159,0.0,0.0,0.0,1.1478024,0.0,1.2959721,1.0525897,0.0,0.0,0.8155229,1.0657723,0.0,1.0604701,0.0,0.0,0.0,0.0,1.0497246,1.1203568,0.0
0.70890605,0.7674649,0.0,0.82316005,0.0,0.7808651,0.8160657,0.7241067,0.0,0.0,0.0,0.96831,0.0,0.0,0.0,0.78212625,0.0,0.7531968,0.9605155,0.0,0.0,0.7609276,0.7592505,0.0,0.9629439,0.0,0.0,0.0,0.0,0.8519524,0.6971147,0.0
0.41560048,0.52207905,0.0,0.67493975,0.0,0.50676185,0.63105404,0.67677623,0.0,0.0,0.0,0.68306834,0.0,0.0,0.0,0.5835796,0.0,0.41082093,0.7635003,0.0,0.0,0.6268705,0.4722972,0.0,0.77418065,0.0,0.0,0.0,0.0,0.57635814,0.5489984,0.0
0.56392187,0.823753,0.0,0.7389446,0.0,0.74546367,0.86772174,0.79049045,0.0,0.0,0.0,0.72387797,0.0,0.0,0.0,0.69041073,0.0,0.4121632,0.847291,0.0,0.0,0.74467146,0.56155384,0.0,0.85549974,0.0,0.0,0.0,0.0,0.857264,0.5404375,0.0
0.5656538,0.77187294,0.0,0.7493136,0.0,0.66222453,0.7378667,0.6909838,0.0,0.0,0.0,0.74701655,0.0,0.0,0.0,0.7113041,0.0,0.51116556,0.78808635,0.0,0.0,0.5769614,0.5302099,0.0,0.7538148,0.0,0.0,0.0,0.0,0.67717785,0.5259471,0.0
0.8319186,0.93367416,0.0,1.0986836,0.0,0.7104085,1.0463688,0.8810648,0.0,0.0,0.0,0.99880284,0.0,0.0,0.0,0.9935224,0.0,0.6657799,0.9955767,0.0,0.0,0.90408957,0.869172,0.0,1.1951911,0.0,0.0,0.0,0.0,1.092853,0.7698287,0.0
1.6388234,1.1085858,0.0,1.1731544,0.0,1.2609789,1.2540971,1.6686294,0.0,0.0,0.0,1.7929208,0.0,0.0,0.0,1.0549757,0.0,1.7803206,1.4642197,0.0,0.0,1.2201421,1.1866722,0.0,1.3280771,0.0,0.0,0.0,0.0,1.1096356,1.4516531,0.0
1.2069349,1.4786482,0.0,1.1642007,0.0,1.7274946,1.200501,1.4494166,0.0,0.0,0.0,1.6898654,0.0,0.0,0.0,1.2343985,0.0,1.7346165,1.5325655,0.0,0.0,1.5328296,1.5949181,0.0,1.4649116,0.0,0.0,0.0,0.0,1.1867018,1.4028149,0.0
1.1242443,1.427809,0.0,1.0746725,0.0,1.6461105,1.1541975,1.3774757,0.0,0.0,0.0,1.6160764,0.0,0.0,0.0,1.1333027,0.0,1.668607,1.4414555,0.0,0.0,1.4598098,1.6092495,0.0,1.419004,0.0,0.0,0.0,0.0,1.1939876,1.3723403,0.0
0.0,0.100688435,0.39861697,0.0,0.38555557,0.27883852,0.0,0.11549171,0.3430817,0.0,0.30888006,0.12960573,0.40489578,0.0,0.59545577,0.0,0.0,0.027660068,0.03116487,0.5443448,0.18682644,0.05075533,0.26262802,0.28161472,0.0,0.40143687,0.3186828,0.38244534,0.68904525,0.0,0.0,0.2977693
0.18734747,0.66591847,0.0,0.6739182,0.0,0.98712456,0.7429403,0.6609615,0.0,0.0,0.0,0.71223825,0.0,0.0,0.0,0.4565825,0.0,0.3880557,0.61008227,0.0,0.0,0.73905236,0.777264,0.0,0.42205572,0.0,0.0,0.0,0.0,0.8295197,0.19083254,0.0
1.1000017,1.3514365,0.0,1.189973,0.0,1.0093083,0.9985328,1.1259521,0.0,0.0,0.0,1.289684,0.0,0.0,0.0,1.1345387,0.0,1.3791516,1.4850229,0.0,0.0,1.233876,1.1722789,0.0,1.5255991,0.0,0.0,0.0,0.0,1.1502535,1.1622498,0.0
0.0,0.0,2.0204692,0.0,0.8135281,0.0,0.0,0.0,1.5250088,2.1667144,1.2803767,0.0,2.008144,1.9199808,1.4651229,0.0,0.46332288,0.0,0.0,1.3525562,0.3545088,0.0,0.0,0.5054014,0.0,2.285749,1.83237,1.4702748,1.6685675,0.0,0.0,2.0736887
0.2643898,0.36019853,0.0,0.32950783,0.0,0.32336372,0.44639146,0.49745816,0.0,0.0,0.0,0.48724365,0.0,0.0,0.0,0.4312849,0.0,0.29541337,0.5114095,0.0,0.0,0.3377394,0.46201152,0.0,0.52168196,0.0,0.0,0.0,0.0,0.54507595,0.31148297,0.0
0.42930228,0.69294006,0.0,0.76448387,0.0,0.6768188,0.8115547,0.0,0.0,0.0,0.0,0.7022638,0.0,0.0,0.0,0.48400134,0.0,0.10509314,0.59991854,0.0,0.0,0.71691746,0.66815865,0.0,0.42915183,0.0,0.0,0.0,0.0,0.8732333,0.59078735,0.0
0.0,0.0,0.6203916,0.0,0.32133126,0.0,0.0,0.338542,0.6362102,0.8779253,0.70863795,0.0,0.9385154,0.0,1.0365502,0.0,0.0,0.0,0.0,0.9326579,0.42148736,0.0,0.0,0.5901655,0.0,0.29112008,0.9723485,0.8676156,0.64902633,0.0,0.0,0.73777944
0.0567544,0.0,0.25395158,0.21837679,0.0,0.0,0.25679672,0.43031582,0.06879342,0.07300542,0.24209502,0.2868646,0.17131045,0.0,0.16145512,0.23265924,0.0,0.0,0.0,0.095063865,0.03402404,0.0,0.0,0.052783184,0.1454893,0.0011477023,0.30703586,0.2673786,0.17743467,0.18328246,0.0,0.079678126
0.8579492,0.21962607,0.0,0.6397869,0.0,0.99257207,1.0180223,0.72,0.0,0.0,0.0,1.0946673,0.0,0.0,0.0,0.8730077,0.0,1.075402,1.0592057,0.0,0.0,1.0913185,0.70955956,0.0,1.0666555,0.0,0.0,0.0,0.0,0.8489606,0.6846535,0.0
0.52856755,0.88549054,0.0,0.7767121,0.0,0.6568784,0.6416738,0.5134769,0.0,0.0,0.0,0.6192627,0.0,0.0,0.0,0.740236,0.0,0.54684633,0.61799765,0.0,0.0,0.5650453,0.6653075,0.0,0.95695007,0.0,0.0,0.0,0.0,0.9232832,0.56298417,0.0
0.2158914,0.54824084,0.0,0.36694983,0.0,0.34020403,0.35525435,0.4737015,0.0,0.0,0.0,0.47534508,0.0,0.04424567,0.10944018,0.38900197,0.11170963,0.25338152,0.47421804,0.11621424,0.08441692,0.22477612,0.238103,0.010163806,0.38568872,0.0,0.0,0.0,0.0,0.4133068,0.21930468,0.0
1.4945796,1.7759417,0.0,1.6026196,0.0,1.1381902,1.3794768,1.334482,0.0,0.0,0.0,1.4784528,0.0,0.0,0.0,1.5964068,0.0,1.5991545,1.563057,0.0,0.0,1.3661051,1.246396,0.0,1.7974507,0.0,0.0,0.0,0.0,1.4201717,1.4659833,0.0
0.69430804,0.7437319,0.0,0.79803187,0.0,0.7369331,0.93356013,0.8453414,0.0,0.0,0.0,0.84872925,0.0,0.0,0.0,0.8122652,0.0,0.56005913,1.0021123,0.0,0.0,0.8166664,0.56541955,0.0,0.9549583,0.0,0.0,0.0,0.0,0.8226157,0.6895742,0.0
0.3687305,0.5403514,0.0,0.5962084,0.0,0.16194554,0.65882796,0.59574896,0.0,0.0,0.0,0.6739048,0.0,0.050653774,0.0,0.48317397,0.0,0.090448365,0.4108011,0.0,0.0,0.39714774,0.2809377,0.0,0.67201686,0.0,0.0,0.0,0.0,0.60998404,0.25723472,0.0
0.4494297,0.6099088,0.0,0.5648914,0.0,0.381259,0.42579037,0.38172475,0.0,0.0,0.0,0.410946,0.0,0.0424174,0.0,0.60786813,0.0,0.38380694,0.3833713,0.0,0.0,0.2225866,0.39894006,0.0,0.69285417,0.0,0.0,0.0,0.0,0.6696011,0.3576022,0.0
0.2170102,0.6519656,0.0,0.50831115,0.0,0.4235888,0.372581,0.44020253,0.0,0.0,0.0,0.43944603,0.0,0.0,0.0,0.38872874,0.0,0.34215787,0.6713452,0.00807111,0.079562396,0.49102968,0.51492053,0.0,0.52043813,0.0,0.0,0.0,0.0,0.67422533,0.2325533,0.0
1.5985748,1.8447012,0.0,1.6973752,0.0,1.2322351,1.4639264,1.4268659,0.0,0.0,0.0,1.5403228,0.0,0.0,0.0,1.6584297,0.0,1.6686271,1.6563323,0.0,0.0,1.4867008,1.2683799,0.0,1.9164166,0.0,0.0,0.0,0.0,1.4663153,1.5120065,0.0
1.4724143,1.7463325,0.0,1.5824969,0.0,1.2841105,1.4809992,1.3148774,0.0,0.0,0.0,1.5218387,0.0,0.0,0.0,1.6353803,0.0,1.686021,1.6439362,0.0,0.0,1.4900894,1.379748,0.0,1.8289816,0.0,0.0,0.0,0.0,1.508775,1.4975512,0.0
1.2770736,1.4755659,0.0,1.2243158,0.0,1.166644,1.1405985,1.0964957,0.0,0.0,0.0,1.2786669,0.0,0.0,0.0,1.2552273,0.0,1.0905523,1.246434,0.0,0.0,1.1848412,0.9627193,0.0,1.3944236,0.0,0.0,0.0,0.0,1.3220621,0.99079096,0.0
1.0759063,1.4093337,0.0,1.2096233,0.0,1.1124997,1.0567889,0.91701263,0.0,0.0,0.0,1.1656107,0.0,0.0,0.0,1.114488,0.0,0.8505652,1.128884,0.0,0.0,1.1193408,0.7869717,0.0,1.1270489,0.0,0.0,0.0,0.0,1.2861242,0.83699936,0.0
1.2417843,0.98501056,0.0,0.9940368,0.0,1.0307249,1.0597018,1.2545923,0.0,0.0,0.0,1.4101312,0.0,0.0,0.0,1.311155,0.0,1.2660439,1.2098042,0.0,0.0,0.9459563,1.0855956,0.0,1.070098,0.0,0.0,0.0,0.0,1.0494552,1.0196735,0.0
0.2624504,0.6574166,0.0,0.41781518,0.0,0.14916815,0.73001474,0.0,0.036380928,0.0,0.2764012,0.6295756,0.0,0.16039196,0.06851464,0.5545754,0.1494967,0.0913436,0.55571795,0.19498664,0.05691617,0.6190533,0.1119464,0.058191106,0.3860832,0.0,0.0,0.0,0.29886642,0.62579894,0.37296024,0.0
0.0,0.0,0.67130613,0.0,0.23620644,0.0,0.0,0.0,0.59571415,0.5026399,0.6599091,0.0,0.65783167,0.60405475,0.53581566,0.0,0.90056086,0.0,0.0,0.7464758,0.5054378,0.0,0.0,0.6082918,0.0,0.43814528,0.55061483,0.5198091,0.5797317,0.0,0.0,0.43550813
0.0,0.0,1.3071848,0.0,0.91813326,0.0,0.0,0.0,1.2233051,1.0058548,1.2084858,0.0,1.2606189,1.216306,1.1056359,0.0,1.6347485,0.0,0.0,1.1780651,1.0459707,0.0,0.0,1.1810449,0.0,1.2294228,1.191281,1.1597176,1.1437517,0.0,0.0,1.166856
0.2800842,0.48144016,0.0,0.5891891,0.0,0.67356634,0.587402,0.3653684,0.0,0.0,0.0,0.47334337,0.0,0.0,0.0,0.33678037,0.0,0.40762767,0.51280224,0.0,0.0,0.59551626,0.52324533,0.0,0.5344308,0.0,0.0,0.0,0.0,0.71394295,0.3294162,0.0
0.60134166,0.6618895,0.0,0.71116424,0.0,0.6197389,0.7953789,0.808612,0.0,0.0,0.0,0.80328375,0.0,0.0,0.0,0.83813155,0.0,0.5187665,0.7892526,0.0,0.0,0.52939,0.6000916,0.0,0.8209257,0.0,0.0,0.0,0.0,0.74994355,0.57030976,0.0
0.58945024,0.84516513,0.0,0.92171586,0.0,0.7688063,0.9211518,0.692152,0.0,0.0,0.0,0.8320928,0.0,0.0,0.0,0.80981874,0.0,0.54329693,0.8483001,0.0,0.0,0.72180265,0.6446525,0.0,0.8999505,0.0,0.0,0.0,0.0,0.91236997,0.601575,0.0
0.72838634,0.89273316,0.0,0.93472093,0.0,0.78672844,0.70103323,0.60933566,0.0,0.0,0.0,0.78715837,0.0,0.0,0.0,0.8048464,0.0,0.7275257,0.9141051,0.0,0.0,0.77592534,0.73097837,0.0,1.0153726,0.0,0.0,0.0,0.0,0.87887675,0.7186018,0.0
1.118116,1.4942579,0.0,1.3180618,0.0,0.89710975,1.1369894,1.0838451,0.0,0.0,0.0,1.2693259,0.0,0.0,0.0,1.2061174,0.0,1.2866013,1.3210998,0.0,0.0,1.2978898,1.1991867,0.0,1.5300041,0.0,0.0,0.0,0.0,1.2791752,1.0930326,0.0
0.0,0.0,0.7555778,0.0,0.12138823,0.0,0.0,0.0,0.48447973,0.35725918,0.529106,0.0,0.5621873,0.34259814,0.75233907,0.0,0.49588284,0.0,0.0,0.7102377,0.6176353,0.0,0.0,0.62761015,0.0,0.28790325,0.8026221,0.6296205,0.55216026,0.0,0.0,0.49109596
0.10468609,0.52438116,0.0,0.52763116,0.0,0.5764031,0.34850037,0.38673666,0.0,0.0,0.0,0.38109785,0.0,0.0,0.09319341,0.27534455,0.064290576,0.2261775,0.4340866,0.10416669,0.0,0.28064817,0.47339702,0.0,0.288136,0.0,0.0,0.0,0.0,0.5483786,0.32234907,0.0
0.5480241,1.0435319,0.0,1.2095603,0.0,0.3184193,1.372934,0.0,0.0,0.0,0.0,0.9951919,0.0,0.0,0.0,0.9497113,0.0,0.3321326,1.1301662,0.0,0.0,1.2325666,0.78582776,0.0,1.0363309,0.0,0.0,0.0,0.0,1.2377174,0.6923495,0.0
0.37426186,0.40521625,0.0,0.5850461,0.0,0.31688052,0.5483977,0.685597,0.0,0.0,0.0,0.47621995,0.0,0.0,0.0,0.5773001,0.0,0.24253708,0.62866336,0.0,0.0,0.32522854,0.3954819,0.0,0.6217311,0.0,0.0,0.0,0.0,0.49959397,0.32117766,0.0
0.5510836,0.6864901,0.0,0.7052535,0.0,0.7966854,0.8035462,0.70426863,0.0,0.0,0.0,0.76845646,0.0,0.0,0.0,0.80234313,0.0,0.5313137,0.7246875,0.0,0.0,0.5793536,0.6236743,0.0,0.7862027,0.0,0.0,0.0,0.0,0.7395476,0.52849305,0.0
0.1874854,0.17729694,0.0,0.451875,0.0,0.39482403,0.4449768,0.6323408,0.0,0.0,0.0,0.36998504,0.0,0.0,0.0,0.474397,0.0,0.24097957,0.54488564,0.0,0.0,0.25577328,0.297098,0.0,0.37845203,0.0,0.0,0.0,0.0,0.25443342,0.28127685,0.0
0.0,0.0,0.20147486,0.18136945,0.0,0.0,0.08640927,0.27866268,0.0,0.19632716,0.06003332,0.002426535,0.1691228,0.08028519,0.025624827,0.32846448,0.0,0.0,0.0,0.1924322,0.11263014,0.0,0.0,0.1965508,0.24969648,0.07413682,0.20404485,0.034682937,0.0,0.077215515,0.0,0.01642894
0.846171,1.3789965,0.0,0.9518992,0.0,1.0860853,1.0306625,0.84968174,0.0,0.0,0.0,1.1427562,0.0,0.0,0.0,0.9266877,0.0,1.199055,1.1633606,0.0,0.0,1.0642474,0.84112453,0.0,1.1114705,0.0,0.0,0.0,0.0,1.0287946,0.9461983,0.0
0.49273622,0.62389207,0.0,0.5925705,0.0,0.47032872,0.5151696,0.60463256,0.0,0.0,0.0,0.62226164,0.0,0.0,0.0,0.4874617,0.0,0.4136713,0.68521595,0.0,0.0,0.47844222,0.43434355,0.0,0.6640866,0.0,0.0,0.0,0.0,0.610001,0.38318652,0.0
0.97896916,1.1357108,0.0,0.91210455,0.0,0.47301582,0.6186513,1.0657494,0.0,0.0,0.0,0.68862873,0.0,0.0,0.0,1.0847836,0.0,0.8922014,0.95551884,0.0,0.0,0.6638966,0.77735555,0.0,1.1897963,0.0,0.0,0.0,0.0,0.94850534,0.5114911,0.0
0.8918085,1.1650302,0.0,0.8507302,0.0,0.36144814,0.51746756,1.0383614,0.0,0.0,0.0,0.63465387,0.0,0.0,0.0,1.0327266,0.0,0.81745136,0.84018165,0.0,0.0,0.51369673,0.66033375,0.0,1.0601826,0.0,0.0,0.0,0.0,0.924768,0.48133254,0.0
1.1147388,0.44907054,0.0,0.6016136,0.0,1.050531,0.65224314,1.1906313,0.0,0.0,0.0,1.0438496,0.0,0.0,0.0,0.6108823,0.0,1.2048646,1.0262557,0.0,0.0,0.8711412,0.38093844,0.0,1.0591629,0.0,0.0,0.0,0.0,0.68007153,0.5687633,0.0
0.4800247,0.66567475,0.0,0.794179,0.0,0.53265405,0.7357521,0.60137737,0.0,0.0,0.0,0.67633057,0.0,0.0,0.0,0.76001054,0.0,0.5386722,0.78641623,0.0,0.0,0.6207029,0.6284785,0.0,0.8629749,0.0,0.0,0.0,0.0,0.87003297,0.3906797,0.0
0.0,0.0,0.7953011,0.0,0.41070235,0.0,0.0,0.0,0.77957624,0.62588924,0.6693967,0.0,0.7563849,0.5602989,0.37107557,0.0,0.89568925,0.0,0.0,0.5650928,0.6721811,0.0,0.0,0.9668194,0.0,0.74312514,0.5761708,0.32303628,0.85660315,0.0,0.0,0.54787123
0.27892995,0.41677502,0.0,0.4404479,0.0,0.34232014,0.5008961,0.5491643,0.0,0.0,0.0,0.40875953,0.0,0.0,0.0,0.6078439,0.0,0.32649052,0.5245698,0.0,0.0,0.30367136,0.34077197,0.0,0.573136,0.0,0.0,0.0,0.0,0.43889886,0.26161355,0.0
1.35871,1.5728962,0.0,1.3935461,0.0,1.0550174,1.3376402,1.2960429,0.0,0.0,0.0,1.495551,0.0,0.0,0.0,1.5306152,0.0,1.4851859,1.4826995,0.0,0.0,1.3697326,1.2808535,0.0,1.6203165,0.0,0.0,0.0,0.0,1.4103022,1.3415852,0.0
1.4567082,1.6452634,0.0,1.4405711,0.0,1.1413901,1.3608654,1.3840958,0.0,0.0,0.0,1.5222465,0.0,0.0,0.0,1.5536115,0.0,1.5233762,1.5061134,0.0,0.0,1.4459898,1.238614,0.0,1.7074794,0.0,0.0,0.0,0.0,1.4034249,1.3488841,0.0
0.6072643,0.67520255,0.0,0.7632595,0.0,0.6406855,0.8411398,0.8021391,0.0,0.0,0.0,0.8170962,0.0,0.0,0.0,0.80494595,0.0,0.5718546,0.8184317,0.0,0.0,0.60457355,0.68770754,0.0,0.8474626,0.0,0.0,0.0,0.0,0.7862444,0.5991523,0.0
0.37690598,0.47927013,0.0,0.4328161,0.0,0.47584617,0.5207409,0.5848543,0.0,0.0,0.0,0.74276155,0.0,0.0,0.0,0.4367262,0.0,0.45611116,0.687741,0.0,0.029636767,0.5755304,0.48071983,0.0,0.5671344,0.0,0.0,0.0,0.0,0.57245815,0.46894827,0.0
0.43436307,0.7664253,0.0,0.6382169,0.0,0.42349395,0.81856316,0.59166414,0.0,0.0,0.0,0.6837448,0.0,0.0,0.0,0.6147181,0.0,0.2860668,0.813947,0.0,0.0,0.49561867,0.62322986,0.0,0.62953645,0.0,0.0,0.0,0.0,0.79420674,0.4943829,0.0
0.31701583,0.53873664,0.0,0.47624114,0.0,0.44685745,0.50907284,0.33006823,0.0,0.0,0.0,0.4588821,0.0,0.0,0.0,0.4682274,0.0,0.43118143,0.5632006,0.0,0.0,0.48241168,0.3645474,0.0,0.6402431,0.0,0.0,0.0,0.0,0.54931825,0.49002656,0.0
1.1991621,1.2133858,0.0,1.5240108,0.0,1.0691056,1.3021532,1.0211421,0.0,0.0,0.0,1.2889409,0.0,0.0,0.0,1.2111771,0.0,1.0362492,1.2721035,0.0,0.0,1.3142747,1.0192763,0.0,1.6178516,0.0,0.0,0.0,0.0,1.2213935,1.0437895,0.0
0.0,0.055905215,0.3372147,0.053764153,0.0,0.0,0.0,0.18830936,0.030946892,0.12285115,0.10154823,0.040610816,0.18792772,0.20980395,0.3864244,0.0390964,0.21822175,0.056193076,0.020913668,0.3280213,0.38723814,0.0,0.07152056,0.24968025,0.14010417,0.0,0.42139882,0.3397141,0.038527664,0.14326152,0.0,0.12418146
1.1134651,1.4864619,0.0,1.0182358,0.0,1.2156273,1.1348989,1.1771048,0.0,0.0,0.0,1.3832182,0.0,0.0,0.0,1.1747023,0.0,1.5261834,1.458951,0.0,0.0,1.3689606,1.2630941,0.0,1.4565946,0.0,0.0,0.0,0.0,1.1668164,1.1768456,0.0
1.3041124,1.4291682,0.0,1.0698231,0.0,1.1693946,1.1305779,1.2278898,0.0,0.0,0.0,1.3598969,0.0,0.0,0.0,1.1740915,0.0,1.501733,1.4915239,0.0,0.0,1.2911444,1.2328433,0.0,1.4442352,0.0,0.0,0.0,0.0,1.1715355,1.2548141,0.0
1.3140992,1.4693679,0.0,1.1388496,0.0,1.1176935,1.1594672,1.3014605,0.0,0.0,0.0,1.4351971,0.0,0.0,0.0,1.220552,0.0,1.4672811,1.4816937,0.0,0.0,1.2462263,1.2016989,0.0,1.41202,0.0,0.0,0.0,0.0,1.1588922,1.2825618,0.0
0.0,0.0,0.3291843,0.0,0.0,0.0,0.10145036,0.0,0.40034932,0.20146373,0.38593134,0.0,0.48986393,0.60872304,0.11802956,0.0,0.68216014,0.0,0.13106772,0.50056237,0.3663643,0.05274484,0.0,0.5330592,0.0,0.4147045,0.20876276,0.1686055,0.37580705,0.0492436,0.28964037,0.20829721
0.0,0.0,0.86325717,0.0,0.2822466,0.0,0.0,0.0,0.66876984,0.4884516,0.95271844,0.0,0.48271775,0.5995093,0.9416441,0.0,0.6415005,0.0,0.0,0.81455237,0.88388187,0.0,0.0,0.915358,0.0,0.71255064,0.6940647,0.8704702,0.735172,0.0,0.0,0.4895842
0.75514495,1.0459297,0.0,0.98032814,0.0,1.4683073,1.2571808,0.8140974,0.0,0.0,0.0,1.264302,0.0,0.0,0.0,0.82051224,0.0,1.5182115,1.2090105,0.0,0.0,1.3811103,0.9261066,0.0,1.2938291,0.0,0.0,0.0,0.0,0.92506266,1.3118283,0.0
0.23268661,0.37919027,0.20930023,0.19509101,0.0,0.0,0.47191763,0.0,0.2317427,0.0,0.29389367,0.3782329,0.17537434,0.7644115,0.07702122,0.08518559,0.5806887,0.0,0.23311397,0.28525805,0.3683624,0.36395365,0.11135328,0.0,0.3867153,0.13719866,0.19739138,0.12242092,0.1464825,0.5535961,0.24481529,0.0
0.7408516,0.863966,0.0,0.9586622,0.0,0.81371576,0.96410054,0.83195996,0.0,0.0,0.0,1.055407,0.0,0.0,0.0,0.8629667,0.0,0.8728483,1.1113101,0.0,0.0,0.9786371,0.8341619,0.0,1.0565758,0.0,0.0,0.0,0.0,0.9095865,0.74211395,0.0
0.49706197,0.62543106,0.0,0.83039975,0.0,0.7123306,0.7861146,0.65307003,0.0,0.0,0.0,0.8532654,0.0,0.0,0.0,0.7708128,0.0,0.5766195,0.8287245,0.0,0.0,0.756443,0.5304768,0.0,0.8790393,0.0,0.0,0.0,0.0,0.71458447,0.5651736,0.0
0.3668124,0.49908432,0.0,0.4868325,0.0,0.9129193,0.7335135,0.59481066,0.0,0.0,0.0,0.77524966,0.0,0.0,0.0,0.57452434,0.0,0.62719595,0.59272367,0.0,0.0,0.61863023,0.7456285,0.0,0.67862517,0.0,0.0,0.0,0.0,0.7674818,0.35998335,0.0
0.17016003,0.3413213,0.0,0.5045844,0.0,0.18358035,0.59404045,0.61374617,0.0,0.0,0.0,0.50105655,0.0,0.0,0.0,0.5615436,0.0,0.10765144,0.40579274,0.0,0.0,0.21822087,0.32989013,0.0,0.39751136,0.0,0.0,0.0,0.0,0.53158844,0.0,0.0
1.5019647,1.7134829,0.0,1.5724535,0.0,1.2580626,1.4789923,1.356074,0.0,0.0,0.0,1.4936644,0.0,0.0,0.0,1.5976344,0.0,1.6721269,1.6433798,0.0,0.0,1.4351864,1.2913537,0.0,1.7381053,0.0,0.0,0.0,0.0,1.4752712,1.6046809,0.0
1.5295056,1.8280461,0.0,1.7108401,0.0,1.2699647,1.5977488,1.4951043,0.0,0.0,0.0,1.5920908,0.0,0.0,0.0,1.6579148,0.0,1.6422977,1.6847825,0.0,0.0,1.5190438,1.2670761,0.0,1.7945602,0.0,0.0,0.0,0.0,1.4941448,1.5897331,0.0
1.519776,1.6815255,0.0,1.5856365,0.0,1.2138366,1.4942615,1.3715852,0.0,0.0,0.0,1.5103838,0.0,0.0,0.0,1.5955094,0.0,1.6391046,1.6187166,0.0,0.0,1.3781023,1.292938,0.0,1.6939092,0.0,0.0,0.0,0.0,1.4643955,1.6363093,0.0
0.45094782,0.7053748,0.0,0.7042114,0.0,0.6307758,0.6700585,0.5660598,0.0,0.0,0.0,0.7171391,0.0,0.0,0.0,0.66719013,0.0,0.5682616,0.81560403,0.0,0.0,0.6581908,0.7065972,0.0,0.79051626,0.0,0.0,0.0,0.0,0.8446028,0.53388804,0.0
1.1220013,1.1836689,0.0,1.0489107,0.0,1.3184965,1.2696656,1.1936986,0.0,0.0,0.0,1.3682843,0.0,0.0,0.0,1.0909452,0.0,1.5065163,1.3778641,0.0,0.0,1.2366259,0.98977983,0.0,1.3323143,0.0,0.0,0.0,0.0,1.0230545,1.2471021,0.0
0.8860562,1.2925377,0.0,0.9840984,0.0,1.1631156,1.0357836,0.98517877,0.0,0.0,0.0,1.1922976,0.0,0.0,0.0,1.010231,0.0,1.3611356,1.1189103,0.0,0.0,1.0969224,1.1670028,0.0,1.2376344,0.0,0.0,0.0,0.0,1.0062892,1.2354097,0.0
0.35551387,0.78127307,0.0,0.68267566,0.0,0.56782395,0.7614964,0.71743834,0.0,0.0,0.0,0.7649972,0.0,0.0,0.0,0.58770204,0.0,0.28408033,0.82658684,0.0,0.0,0.55157423,0.53788745,0.0,0.5367421,0.0,0.0,0.0,0.0,0.74215776,0.36660358,0.0
0.5739514,0.46452722,0.0,0.5439991,0.0,0.72410864,0.27534485,0.40624252,0.0,0.0,0.0,0.44000375,0.0,0.0,0.0,0.10876229,0.045264997,0.7073085,0.72473055,0.0,0.22516659,0.4985081,0.32840523,0.0,0.61768615,0.0,0.0,0.0,0.0,0.37590748,0.30126777,0.0
0.3871218,0.76898664,0.0,0.110768944,0.0,0.41066167,0.0,0.33216164,0.0,0.0,0.0,0.25889736,0.0,0.0,0.18866968,0.1392513,0.41916952,0.5999773,0.52412975,0.0,0.7076434,0.09173663,0.1551733,0.20004824,0.24229687,0.0,0.0916051,0.018437356,0.035207964,0.03842322,0.2742871,0.0
0.34575075,0.4915182,0.0,0.41733354,0.0,0.43593422,0.4336738,0.5889403,0.0,0.0,0.0,0.42278224,0.0,0.0,0.0,0.548839,0.0,0.29699525,0.59043807,0.0,0.0,0.2524785,0.29539147,0.0,0.51417094,0.0,0.0,0.0,0.0,0.44574353,0.3984764,0.0
0.69908094,0.8706849,0.0,0.9684589,0.0,0.78646886,0.9175372,0.7959921,0.0,0.0,0.0,0.9638933,0.0,0.0,0.0,0.81887496,0.0,0.6082124,1.0248262,0.0,0.0,0.722301,0.7155223,0.0,0.8878221,0.0,0.0,0.0,0.0,0.9392672,0.5978905,0.0
1.1319717,1.2876965,0.0,1.3018653,0.0,0.90828604,1.0986792,1.113041,0.0,0.0,0.0,1.1588868,0.0,0.0,0.0,1.2980571,0.0,1.1253891,1.3164908,0.0,0.0,1.1087835,1.1525112,0.0,1.4317452,0.0,0.0,0.0,0.0,1.1895925,0.98820794,0.0
0.9810473,1.1975368,0.0,0.9856219,0.0,0.63563603,0.86771494,1.0170765,0.0,0.0,0.0,1.0231444,0.0,0.0,0.0,1.1127527,0.0,0.9759958,1.007446,0.0,0.0,0.707262,0.7762644,0.0,1.0026711,0.0,0.0,0.0,0.0,0.97583467,0.8667022,0.0
0.8205503,0.9112035,0.0,1.0015996,0.0,0.9750895,1.1029259,0.99095184,0.0,0.0,0.0,1.1900901,0.0,0.0,0.0,0.9651716,0.0,0.8290733,1.1160173,0.0,0.0,0.95359606,0.74184513,0.0,1.0973395,0.0,0.0,0.0,0.0,0.9906536,0.7625393,0.0
0.6021959,0.7004957,0.0,0.8033426,0.0,0.65598124,0.82268643,0.8898862,0.0,0.0,0.0,0.8577638,0.0,0.0,0.0,0.8224438,0.0,0.54115427,0.9354881,0.0,0.0,0.62103087,0.6322297,0.0,0.8920061,0.0,0.0,0.0,0.0,0.8066926,0.67359877,0.0
0.037663393,0.12657082,0.0,0.0,0.0,0.0,0.07586068,0.46291423,0.0,0.0,0.0,0.0,0.0,0.0,0.0,0.19925472,0.0,0.0,0.24858224,0.0,0.0,0.0,0.0,0.18197572,0.24260974,0.0,0.17993647,0.0,0.0,0.060723722,0.003517229,0.0
1.2156746,1.2910047,0.0,1.0187682,0.0,0.93942106,1.0948788,1.2436609,0.0,0.0,0.0,1.3193133,0.0,0.0,0.0,1.172213,0.0,1.4100386,1.1870431,0.0,0.0,1.1460141,0.93398714,0.0,1.3254954,0.0,0.0,0.0,0.0,1.0421647,1.1894548,0.0
0.0,0.5013138,0.073983215,0.24425891,0.0,0.0,0.45716804,0.0,0.1782925,0.09874267,0.502107,0.3651706,0.0,0.0,0.33055174,0.4658379,0.091834255,0.0,0.44631436,0.5173903,0.28394267,0.08413915,0.0,0.5287135,0.03295239,0.04424424,0.10591686,0.07553255,0.35346207,0.30143717,0.4297078,0.0
0.12495087,0.370083,0.07050555,0.41140205,0.0,0.0,0.5604636,0.3366472,0.0,0.0,0.12914452,0.4432661,0.15328377,0.18795213,0.0,0.490353,0.0,0.0,0.105311796,0.028279193,0.0,0.12480965,0.23635575,0.0,0.5512757,0.0,0.0,0.0,0.03826795,0.52974117,0.0,0.0
1.0000112,1.1115568,0.0,0.80783486,0.0,0.7288809,0.85129374,1.0968937,0.0,0.0,0.0,1.0862137,0.0,0.0,0.0,0.92097557,0.0,1.2793719,1.0049322,0.0,0.0,0.81182396,0.6949414,0.0,1.041817,0.0,0.0,0.0,0.0,0.7361299,0.99809265,0.0
0.67309964,0.90909815,0.0,0.7754884,0.0,0.43225837,0.6177466,0.800776,0.0,0.0,0.0,0.730478,0.0,0.0,0.0,1.049981,0.0,0.7366239,0.9199344,0.0,0.0,0.49854895,0.62259567,0.0,0.7838474,0.0,0.0,0.0,0.0,0.8465515,0.6204761,0.0
0.34988463,0.3776642,0.0,0.5026674,0.0,0.36881548,0.41731292,0.3931495,0.0,0.0,0.0,0.49660367,0.0,0.0,0.0,0.48867702,0.0,0.19573191,0.36895087,0.0,0.0,0.35528266,0.21422203,0.0,0.62428504,0.0,0.0,0.0,0.0,0.38358507,0.3047678,0.0
1.2202837,1.4389942,0.0,1.3713914,0.0,1.2755538,1.325908,1.1453046,0.0,0.0,0.0,1.1900643,0.0,0.0,0.0,1.4171523,0.0,1.1430628,1.3046129,0.0,0.0,1.0779448,1.096647,0.0,1.4757863,0.0,0.0,0.0,0.0,1.4785731,1.2059917,0.0
1.0259312,1.4689019,0.0,1.3369395,0.0,1.0953104,1.1942426,1.0991379,0.0,0.0,0.0,1.105938,0.0,0.0,0.0,1.2511685,0.0,1.0135857,1.1839433,0.0,0.0,1.0150173,1.0012189,0.0,1.248196,0.0,0.0,0.0,0.0,1.3587044,1.0757986,0.0
0.8587864,1.2002919,0.0,0.73903334,0.0,0.7040819,0.73004097,1.0622082,0.0,0.0,0.0,0.8755858,0.0,0.0,0.0,0.85118634,0.0,1.2184532,0.9834819,0.0,0.0,0.8890132,0.76042247,0.0,1.110248,0.0,0.0,0.0,0.0,0.8641395,0.7846584,0.0
1.0675899,1.3961674,0.0,1.0036147,0.0,0.8993523,0.8327174,1.1400577,0.0,0.0,0.0,1.0008153,0.0,0.0,0.0,0.97916543,0.0,1.3436828,1.1419647,0.0,0.0,1.0351777,0.83049357,0.0,1.2983711,0.0,0.0,0.0,0.0,1.0219628,0.87330675,0.0
1.0277922,1.3748541,0.0,1.0391235,0.0,0.9014159,0.9050293,1.1667036,0.0,0.0,0.0,1.0867027,0.0,0.0,0.0,1.0098168,0.0,1.3594753,1.158228,0.0,0.0,1.0590556,0.83673,0.0,1.2812835,0.0,0.0,0.0,0.0,1.0346011,0.9013105,0.0
0.06110353,0.23043281,0.0,0.25836083,0.0,0.06698225,0.22789416,0.48130015,0.0,0.0,0.0,0.071184665,0.0,0.0,0.0,0.35784578,0.0,0.05409081,0.30093837,0.0,0.0,0.0,0.2048608,0.022468526,0.3364408,0.0,0.049531247,0.0,0.0,0.25180137,0.029024914,0.0017106012
1.3672072,1.5874565,0.0,1.4364916,0.0,1.1402107,1.5000865,1.2298485,0.0,0.0,0.0,1.6013393,0.0,0.0,0.0,1.7074503,0.0,1.5701307,1.5447975,0.0,0.0,1.4871162,1.3964099,0.0,1.7859102,0.0,0.0,0.0,0.0,1.4462116,1.405965,0.0
0.0,0.0,1.249921,0.0,1.0720159,0.0,0.0,0.0,1.3641735,1.399964,1.1673125,0.0,1.4656085,1.4510851,0.9028984,0.0,1.2063538,0.0,0.0,1.5560755,1.1994537,0.0,0.0,1.2354283,0.0,1.3716991,1.0599447,0.8875552,1.3500681,0.0,0.0,1.3434256
0.0,0.3190986,0.09880482,0.29779804,0.0,0.26089847,0.24492577,0.27681085,0.0,0.0,0.0,0.16297206,0.0,0.0,0.05456076,0.46436924,0.0,0.1480366,0.34067047,0.0,0.01452205,0.08762785,0.27600873,0.0,0.30520725,0.0,0.0,0.0,0.0,0.23447129,0.06922148,0.0
0.6794138,0.7680932,0.0,0.68907577,0.0,0.66340697,0.80053025,0.85530996,0.0,0.0,0.0,0.80688846,0.0,0.0,0.0,0.80886644,0.0,0.49846864,0.850322,0.0,0.0,0.5603417,0.5687338,0.0,0.8274548,0.0,0.0,0.0,0.0,0.69797826,0.66808695,0.0
0.5282759,0.6671928,0.0,0.80445886,0.0,0.6052195,0.72385406,0.7015689,0.0,0.0,0.0,0.7067308,0.0,0.0,0.0,0.7723567,0.0,0.5343872,0.8327895,0.0,0.0,0.61885715,0.6343167,0.0,0.89720577,0.0,0.0,0.0,0.0,0.7722217,0.57722396,0.0
0.95875245,0.9776373,0.0,1.1620365,0.0,0.7986248,1.1751517,0.96346986,0.0,0.0,0.0,1.1169238,0.0,0.0,0.0,1.0961345,0.0,0.7892019,1.055064,0.0,0.0,1.0048641,1.0022938,0.0,1.3552307,0.0,0.0,0.0,0.0,1.18173,0.85965014,0.0
0.7861494,0.8453464,0.0,0.97389764,0.0,0.726861,0.9816519,0.9139577,0.0,0.0,0.0,1.1200677,0.0,0.0,0.0,0.95300615,0.0,0.6528823,0.95440614,0.0,0.0,0.9715101,0.81359065,0.0,1.1637542,0.0,0.0,0.0,0.0,0.9669664,0.74027735,0.0
1.2368928,1.3758425,0.0,1.1419816,0.0,1.2933875,1.3129511,1.1170923,0.0,0.0,0.0,1.3238959,0.0,0.0,0.0,1.3165916,0.0,1.2435738,1.3324215,0.0,0.0,1.098344,1.1578215,0.0,1.4548036,0.0,0.0,0.0,0.0,1.4131091,1.1619486,0.0
1.0960152,0.8840447,0.0,1.1118197,0.0,1.0456322,0.9906744,1.2089858,0.0,0.0,0.0,1.3152841,0.0,0.0,0.0,0.91995955,0.0,1.2883033,1.1424559,0.0,0.0,1.3298025,0.9864216,0.0,1.4748572,0.0,0.0,0.0,0.0,1.1457846,1.0220295,0.0
0.6630012,1.2086234,0.0,0.9121498,0.0,0.95643675,0.5687112,0.8983692,0.0,0.0,0.0,1.0198013,0.0,0.0,0.0,0.9851845,0.0,1.0273157,0.83762044,0.0,0.0,1.109254,1.260684,0.0,1.2192477,0.0,0.0,0.0,0.0,1.1112623,0.8018819,0.0
0.0,0.0,0.628314,0.06150152,0.035490382,0.0,0.0,0.041802347,0.39628953,0.15687752,0.44789338,0.0,0.64514667,0.6193257,0.52330184,0.0,0.8988841,0.0,0.033560753,0.6903743,0.6306619,0.0,0.0,0.3298051,0.0,0.30078506,0.60956067,0.34196925,0.39334425,0.015621427,0.0,0.21086892
0.54856086,0.6642386,0.0,0.8320204,0.0,0.71478415,0.83037484,0.7039355,0.0,0.0,0.0,0.84595907,0.0,0.0,0.0,0.80074465,0.0,0.557884,0.8727481,0.0,0.0,0.6528112,0.6223351,0.0,0.8727651,0.0,0.0,0.0,0.0,0.7569212,0.7060325,0.0
1.4483765,1.7251366,0.0,1.5555997,0.0,1.159593,1.346481,1.4143599,0.0,0.0,0.0,1.4315784,0.0,0.0,0.0,1.5504122,0.0,1.5003439,1.6596472,0.0,0.0,1.3784583,1.2962297,0.0,1.6642485,0.0,0.0,0.0,0.0,1.438348,1.4112997,0.0
1.597651,1.7311542,0.0,1.6724845,0.0,1.1242385,1.4444832,1.41616,0.0,0.0,0.0,1.5547792,0.0,0.0,0.0,1.661864,0.0,1.5884339,1.6266884,0.0,0.0,1.4864208,1.3690243,0.0,1.9396838,0.0,0.0,0.0,0.0,1.5052816,1.468872,0.0
0.0,0.0,0.07174585,0.08898113,0.0,0.07946008,0.08674103,0.11661054,0.0,0.13132337,0.151758,0.0,0.17311671,0.0,0.0,0.084328786,0.0,0.0,0.1901069,0.0015817732,0.0,0.0,0.0,0.15711236,0.022320978,0.0,0.10654002,0.0,0.012147896,0.0,0.14977695,0.044289522
0.51230013,0.65075797,0.0,0.73330426,0.0,0.57682985,0.844183,0.7855297,0.0,0.0,0.0,0.8359653,0.0,0.0,0.0,0.77460927,0.0,0.40599653,0.7467131,0.0,0.0,0.58269566,0.60007477,0.0,0.7518824,0.0,0.0,0.0,0.0,0.82132304,0.47844973,0.0
0.0,0.0,0.43902317,0.0,0.020074664,0.0,0.0,0.07589824,0.26644695,0.10512048,0.45763204,0.0,0.4683773,0.13234493,0.40320653,0.0,0.48931688,0.0,0.108129166,0.4149719,0.32705256,0.0,0.0,0.35083193,0.0,0.190209,0.3809824,0.35309044,0.4454345,0.0,0.0,0.123238236
0.32688648,0.67394733,0.0,0.51759523,0.0,0.5711432,0.61811745,0.49512014,0.0,0.0,0.0,0.56465566,0.0,0.0,0.0,0.46907294,0.0,0.3194085,0.61751664,0.0,0.0,0.48257458,0.39384285,0.0,0.46242648,0.0,0.0,0.0,0.0,0.6711163,0.3378421,0.0
1.3695041,0.91014016,0.0,0.96319485,0.0,0.9119314,1.0272934,1.4525648,0.0,0.0,0.0,1.4695415,0.0,0.0,0.0,1.0979412,0.0,1.4528639,1.1385247,0.0,0.0,1.2055033,1.0018167,0.0,1.3724692,0.0,0.0,0.0,0.0,1.0474508,1.1495341,0.0
0.9084733,1.0383829,0.0,1.0497798,0.0,0.7357299,0.86476284,0.9264805,0.0,0.0,0.0,0.98022217,0.0,0.0,0.0,1.2194035,0.0,1.0194066,1.0634006,0.0,0.0,0.8508719,0.89725363,0.0,1.2026966,0.0,0.0,0.0,0.0,0.98142135,0.6568279,0.0
0.12115913,0.18164486,0.0,0.46635196,0.0,0.28386927,0.414567,0.54112256,0.0,0.0,0.0,0.31857765,0.0,0.0,0.0,0.4422112,0.0,0.14277384,0.4979498,0.0,0.0,0.2498205,0.27808404,0.0,0.37320036,0.0,0.0,0.0,0.0,0.29021707,0.16815512,0.0
0.0,0.0,0.39892617,0.0,0.0,0.0,0.0,0.1900244,0.0,0.010378569,0.22022389,0.0,0.093220465,0.0,0.21261677,0.11812857,0.0,0.0,0.0,0.0,0.18077874,0.0,0.0,0.32572973,0.0,0.050551653,0.26704133,0.2458044,0.15454563,0.0,0.0,0.1135908
0.7714407,0.7643841,0.0,0.98057485,0.0,0.6719879,1.0231295,0.8617322,0.0,0.0,0.0,0.98266494,0.0,0.0,0.0,0.95212036,0.0,0.65723366,0.89810777,0.0,0.0,0.81165504,0.91959524,0.0,1.1403633,0.0,0.0,0.0,0.0,1.0004181,0.68275046,0.0
0.7835009,0.96729124,0.0,1.0164322,0.0,0.8591733,1.0667192,0.9153441,0.0,0.0,0.0,0.9453622,0.0,0.0,0.0,0.8605232,0.0,0.60421675,0.9612161,0.0,0.0,0.920405,0.66662943,0.0,1.0487872,0.0,0.0,0.0,0.0,0.9740778,0.5828129,0.0
0.118662365,0.08484158,0.0,0.2614064,0.0,0.18268089,0.23527463,0.23258501,0.0,0.0,0.084816605,0.23295026,0.16128667,0.0929333,0.0,0.21858907,0.24630022,0.00064306706,0.25300193,0.068115905,0.0,0.09211105,0.0,0.0,0.21097046,0.0,0.0,0.0,0.0,0.1651002,0.21994662,0.0
0.29457957,0.31209475,0.0,0.33854347,0.0,0.43144864,0.48562896,0.63127553,0.0,0.0,0.0,0.4525429,0.0,0.0,0.0,0.47051513,0.0,0.21374339,0.54659534,0.0,0.0,0.26649112,0.27750412,0.0,0.4003234,0.0,0.0,0.0,0.0,0.33217394,0.36018658,0.0
1.046448,1.3520678,0.0,1.0444672,0.0,1.1515216,0.9446822,1.208778,0.0,0.0,0.0,1.2230777,0.0,0.0,0.0,1.3328297,0.0,1.245584,1.14234,0.0,0.0,1.4409947,1.6497866,0.0,1.5612634,0.0,0.0,0.0,0.0,1.3368405,1.0969362,0.0
0.18927632,0.59517217,0.0,0.58282554,0.0,0.6307116,0.47191644,0.35119522,0.0,0.0,0.0,0.5828396,0.0,0.0,0.0,0.45505512,0.0,0.6144291,0.7120821,0.011242487,0.0,0.69550866,0.598104,0.0,0.5473977,0.0,0.0,0.0,0.0,0.517444,0.39533994,0.0
0.036849547,0.16186598,0.04166424,0.10623918,0.0,0.27526006,0.07508381,0.16938908,0.011214413,0.0,0.110308595,0.21736032,0.18106735,0.10377309,0.0,0.086068444,0.26333192,0.0006214902,0.17503652,0.08295825,0.055989623,0.0668838,0.028579118,0.12394457,0.060279943,0.13410881,0.0469767,0.0,0.15524735,0.049215496,0.11838895,0.020663187
0.34036857,0.64492416,0.0,0.64217377,0.0,0.5627413,0.66246164,0.49475747,0.0,0.0,0.0,0.6807186,0.0,0.0,0.0,0.607334,0.0,0.6486856,0.85720336,0.0,0.0,0.7418071,0.6473125,0.0,0.7092091,0.0,0.0,0.0,0.0,0.66202116,0.47367206,0.0
0.5651693,0.66276604,0.0,0.77691394,0.0,0.52933633,0.81969994,0.7362182,0.0,0.0,0.0,0.81001157,0.0,0.0,0.0,0.80080837,0.0,0.4310219,0.8435053,0.0,0.0,0.7077495,0.62079215,0.0,0.9038131,0.0,0.0,0.0,0.0,0.74990195,0.5645387,0.0
0.43280882,0.782973,0.0,0.8074322,0.0,0.7091003,0.62522024,0.5644568,0.0,0.0,0.0,0.67740417,0.0,0.0,0.0,0.5952095,0.0,0.625062,0.8965738,0.0,0.0,0.8046026,0.7152425,0.0,0.7972706,0.0,0.0,0.0,0.0,0.79725343,0.5267232,0.0
0.49186236,0.5299407,0.0,0.60243577,0.0,0.58213043,0.77763736,0.7350889,0.0,0.0,0.0,0.69513625,0.0,0.0,0.0,0.73401475,0.0,0.5870026,0.7534561,0.0,0.0,0.6030064,0.68863356,0.0,0.76024115,0.0,0.0,0.0,0.0,0.6311685,0.4909747,0.0
0.0,0.0,1.1959559,0.0,0.5162531,0.0,0.0,0.0,1.1216338,1.0308045,0.74621624,0.0,1.0951115,1.0779418,0.32854843,0.0,1.0275952,0.0,0.0,1.014287,1.1358991,0.0,0.0,1.3598602,0.0,1.0331037,0.8428885,0.09926636,1.2878581,0.0,0.0,1.1559538
1.2053654,1.5330495,0.0,1.1840189,0.0,1.0361848,1.1045502,1.2440013,0.0,0.0,0.0,1.3640748,0.0,0.0,0.0,1.2438068,0.0,1.2294016,1.3294643,0.0,0.0,1.0970517,0.8987471,0.0,1.2874537,0.0,0.0,0.0,0.0,1.1278723,1.0369468,0.0
1.2375201,1.3819342,0.0,1.089671,0.0,1.0286448,1.1692827,1.0980119,0.0,0.0,0.0,1.1930491,0.0,0.0,0.0,1.279338,0.0,1.1908373,1.353817,0.0,0.0,1.1037651,1.1053717,0.0,1.3994547,0.0,0.0,0.0,0.0,1.2285656,1.1281704,0.0
0.6572507,0.85556096,0.0,0.86826307,0.0,0.7813465,0.9941865,0.9524867,0.0,0.0,0.0,1.0426196,0.0,0.0,0.0,0.8813544,0.0,0.6318262,1.0194297,0.0,0.0,0.850666,0.6227945,0.0,0.94934344,0.0,0.0,0.0,0.0,0.8502353,0.6346964,0.0
1.2466924,1.4671161,0.0,1.4068686,0.0,0.89547604,1.1563252,1.2090797,0.0,0.0,0.0,1.2097222,0.0,0.0,0.0,1.3607746,0.0,1.271153,1.3654364,0.0,0.0,1.1069478,1.0870885,0.0,1.4738805,0.0,0.0,0.0,0.0,1.272296,1.0956416,0.0
0.0,0.0,0.59186924,0.0,0.49284488,0.0,0.0,0.0,0.6907202,0.52019733,0.7439137,0.0,0.519313,0.33198097,0.57099235,0.0,0.41701078,0.0,0.0,0.51450235,0.3440578,0.0,0.0,0.39808735,0.0,0.5785649,0.38452744,0.57560384,0.7573697,0.0,0.0,0.28705722
0.0,0.30970797,0.38975424,0.0,0.027107708,0.033532817,0.0,0.27469987,0.3491873,0.14655174,0.46873462,0.03734528,0.3493408,0.0,0.47941828,0.0,0.0,0.0,0.24093306,0.32639146,0.3914983,0.0,0.20988435,0.36424598,0.0,0.05259532,0.52338046,0.2900797,0.54493725,0.04892134,0.0,0.05123343
0.0,0.8073228,0.0,0.8344422,0.0,0.17320462,1.1994632,0.0,0.0,0.0,0.1549924,0.75575274,0.0,0.0,0.0,0.61056703,0.0,0.0,0.9820049,0.16874409,0.0,1.0501223,0.21460436,0.100525305,0.31597567,0.0,0.0,0.0,0.28712133,0.80303705,0.47927585,0.0
0.45595068,0.74961287,0.0,0.7762919,0.0,0.48960853,1.0157603,0.09485458,0.0,0.0,0.0,0.9153308,0.0,0.0,0.0,0.89437085,0.0,0.5458533,0.94572794,0.0,0.0,0.8366149,0.51125646,0.0,0.8498778,0.0,0.0,0.0,0.0,0.89422333,0.7763323,0.0
0.97232366,0.98802745,0.0,1.1253864,0.0,1.0809168,1.2329478,1.1538103,0.0,0.0,0.0,1.3965429,0.0,0.0,0.0,1.003986,0.0,1.0293908,1.238031,0.0,0.0,1.1545393,0.85731816,0.0,1.3210706,0.0,0.0,0.0,0.0,1.0235858,0.9336179,0.0
0.44566,0.65379685,0.0,0.64217615,0.0,0.5383364,0.58757335,0.7709165,0.0,0.0,0.0,0.64231735,0.0,0.0,0.0,0.629004,0.0,0.4178409,0.80758595,0.0,0.0,0.495333,0.4676723,0.0,0.6685725,0.0,0.0,0.0,0.0,0.6383494,0.4798275,0.0
0.4620415,0.62388223,0.0,0.7486733,0.0,0.5160297,0.6770094,0.57752275,0.0,0.0,0.0,0.64160305,0.0,0.0,0.0,0.7383681,0.0,0.5740418,0.690644,0.0,0.0,0.6389248,0.50429904,0.0,0.8253177,0.0,0.0,0.0,0.0,0.68811816,0.35894984,0.0
1.1135457,0.844763,0.0,0.8005846,0.0,1.2424732,1.251488,1.2093581,0.0,0.0,0.0,1.2526169,0.0,0.0,0.0,1.2864236,0.0,1.3571551,1.3115187,0.0,0.0,1.0667962,1.2048717,0.0,1.1477957,0.0,0.0,0.0,0.0,1.1098278,1.0051007,0.0
0.43418407,0.6416981,0.0,0.74203706,0.0,0.5856326,0.7447945,0.5484075,0.0,0.0,0.0,0.7953192,0.0,0.0,0.0,0.7247188,0.0,0.47350037,0.666059,0.0,0.0,0.6172445,0.6153648,0.0,0.82132214,0.0,0.0,0.0,0.0,0.7707356,0.4969591,0.0
1.3772883,1.5696436,0.0,1.1921145,0.0,1.0107558,1.1244476,1.2466608,0.0,0.0,0.0,1.1953226,0.0,0.0,0.0,1.3266957,0.0,1.2113923,1.3801283,0.0,0.0,1.031226,1.0073078,0.0,1.3450618,0.0,0.0,0.0,0.0,1.1568356,1.1960962,0.0
1.2387398,1.6365001,0.0,1.2176888,0.0,0.98951757,1.1325593,1.207265,0.0,0.0,0.0,1.2420394,0.0,0.0,0.0,1.3210608,0.0,1.2031617,1.4669353,0.0,0.0,1.1051141,0.9722192,0.0,1.3694748,0.0,0.0,0.0,0.0,1.2081834,1.1050624,0.0
0.23589338,0.39451703,0.0,0.59273064,0.0,0.5723477,0.6962596,0.6414399,0.0,0.0,0.0,0.6571894,0.0,0.0,0.0,0.5850203,0.0,0.48805016,0.6469339,0.0,0.0,0.5622145,0.43577683,0.0,0.5633846,0.0,0.0,0.0,0.0,0.5290388,0.35933432,0.0
0.8498214,0.892844,0.0,0.9559023,0.0,0.9577268,0.9672245,0.90029156,0.0,0.0,0.0,1.1394839,0.0,0.0,0.0,0.90707314,0.0,0.9030485,1.043966,0.0,0.0,0.9064469,0.80981743,0.0,1.1018164,0.0,0.0,0.0,0.0,0.9510055,0.82361805,0.0
0.32027167,0.36272708,0.0,0.4524466,0.0,0.29100868,0.45441186,0.6388915,0.0,0.0,0.0,0.37420863,0.0,0.0,0.0,0.5825324,0.0,0.14386414,0.36527833,0.0,0.0,0.11258088,0.2679326,0.0,0.45749056,0.0,0.0,0.0,0.0,0.336422,0.19446456,0.0
1.1615093,1.5175772,0.0,1.3286846,0.0,1.0703378,1.1172459,1.129708,0.0,0.0,0.0,1.1536016,0.0,0.0,0.0,1.3467585,0.0,1.379254,1.351693,0.0,0.0,1.2236122,1.1398402,0.0,1.5877049,0.0,0.0,0.0,0.0,1.2952684,1.0114665,0.0
0.0,0.0,0.8574039,0.0,0.3489521,0.0,0.0,0.0,0.78319085,0.63296664,0.8156688,0.0,0.8402207,0.7983648,0.6785125,0.0,1.1296114,0.0,0.0,0.85376775,0.8038002,0.0,0.0,0.8091677,0.0,0.6222322,0.7377912,0.61389524,0.76848924,0.0,0.0,0.5976951
0.0,0.0,0.0,0.621015,0.0,0.23948619,0.8724966,0.0,0.0,0.0,0.12926088,0.41363627,0.0,0.0,0.0,0.26360297,0.0,0.0,0.16279985,0.30427697,0.0,0.8772007,0.8785274,0.0,0.41828328,0.0,0.0,0.06881131,0.0,0.90466464,0.0,0.067824766
0.0,0.0,0.45564985,0.0,0.0,0.0,0.0,0.0,0.28760755,0.10654885,0.39911458,0.0,0.45958012,0.15246475,0.2891206,0.0,0.36147392,0.0,0.0,0.3725991,0.18655312,0.0,0.0,0.3363836,0.0,0.12801528,0.4859907,0.41318977,0.28323242,0.0,0.0,0.30352533
0.0,0.075240836,0.18232301,0.16646665,0.07682666,0.0,0.1954308,0.2210548,0.1558013,0.114740886,0.1948747,0.30372328,0.37440413,0.52871615,0.030471556,0.033266455,0.6210774,0.0,0.26565826,0.41923684,0.24190927,0.20164634,0.0,0.010787405,0.16596659,0.23154676,0.18361664,0.0,0.20892484,0.12869497,0.0,0.0
0.016953263,0.49574578,0.084167026,0.19892713,0.0,0.42035523,0.22164199,0.39146364,0.0,0.0,0.08477333,0.31240726,0.0,0.0,0.117061496,0.30495185,0.0,0.07028083,0.5308513,0.05496708,0.08161492,0.19200061,0.36037573,0.038220786,0.17018814,0.0,0.0,0.0,0.0086313635,0.2427336,0.27853572,0.0
0.17107694,0.41859296,0.0,0.37212622,0.0,0.0,0.7219313,0.0,0.0,0.0,0.27787402,0.39850134,0.0032162294,0.2744927,0.0,0.42013425,0.0,0.0,0.6070782,0.053954385,0.0,0.6571991,0.02919161,0.0,0.32873166,0.10538599,0.0,0.0,0.1555441,0.582115,0.46648687,0.0
0.3514213,0.5181737,0.0,0.6939204,0.0,0.48490208,0.6102755,0.46885204,0.0,0.0,0.0,0.68640304,0.0,0.0,0.0,0.55034953,0.0,0.41032875,0.66017,0.0,0.0,0.67228496,0.6026683,0.0,0.7174077,0.0,0.0,0.0,0.0,0.6844268,0.47202843,0.0
0.14207561,0.4743091,0.0,0.45156005,0.0,0.37713537,0.23662551,0.31444496,0.0,0.0,0.0,0.36742765,0.0,0.0,0.055020392,0.30052188,0.020522483,0.33748296,0.45708317,0.101320505,0.17881584,0.39071625,0.49882662,0.0,0.4574287,0.0,0.0,0.0,0.0,0.4498354,0.1493368,0.0
0.45260143,0.882037,0.0,0.99964845,0.0,0.044674408,1.3184301,0.0,0.0,0.0,0.017624326,0.94616055,0.0,0.0,0.0,0.8856766,0.0,0.1356431,0.96902305,0.0,0.0,1.0193173,0.42630464,0.0,0.7188208,0.0,0.0,0.0,0.008765742,1.039743,0.47233826,0.0
0.6463146,0.78975195,0.0,0.8672048,0.0,0.6752614,0.8565172,0.83246255,0.0,0.0,0.0,0.8995548,0.0,0.0,0.0,0.84099877,0.0,0.630863,0.9180254,0.0,0.0,0.7206926,0.7226498,0.0,0.93032473,0.0,0.0,0.0,0.0,0.9047693,0.5981885,0.0
0.0277073,0.1902417,0.101455994,0.30176353,0.0,0.07213998,0.14645395,0.26567224,0.0,0.0,0.0,0.05171553,0.0,0.0,0.04790714,0.44868743,0.0,0.008893177,0.17753701,0.0,0.03336726,0.0,0.1831169,0.003028676,0.22717422,0.0,0.0,0.0,0.0,0.054444883,0.0,0.0
0.5415278,0.7070666,0.0,0.7586821,0.0,0.71157044,0.786242,0.8146749,0.0,0.0,0.0,0.81343096,0.0,0.0,0.0,0.80870444,0.0,0.580855,0.8885683,0.0,0.0,0.62571096,0.62422144,0.0,0.86045027,0.0,0.0,0.0,0.0,0.82406056,0.6278969,0.0
0.5402476,0.6525754,0.0,0.7849198,0.0,0.6433063,0.7392183,0.7821564,0.0,0.0,0.0,0.76683253,0.0,0.0,0.0,0.73081875,0.0,0.54280734,0.92323214,0.0,0.0,0.6692291,0.5999763,0.0,0.85857624,0.0,0.0,0.0,0.0,0.69563955,0.68590766,0.0
0.26569974,0.6138165,0.0,0.52478623,0.0,0.38439903,0.52990764,0.57731014,0.0,0.0,0.0,0.48534954,0.0,0.0,0.0,0.42466205,0.0,0.37160367,0.7921202,0.0,0.0,0.6354307,0.5251844,0.0,0.59397763,0.0,0.0,0.0,0.0,0.61485136,0.2942914,0.0
0.4226945,0.5602666,0.0,0.6760651,0.0,0.4684948,0.62129736,0.6244499,0.0,0.0,0.0,0.611546,0.0,0.0,0.0,0.60571164,0.0,0.38695508,0.8088458,0.0,0.0,0.55933213,0.45399854,0.0,0.7305775,0.0,0.0,0.0,0.0,0.60961044,0.6549363,0.0
0.45229906,1.0468612,0.0,1.0812336,0.0,0.19230488,1.328205,0.0,0.0,0.0,0.0,1.031362,0.0,0.0,0.0,0.96010405,0.0,0.41825715,1.227952,0.0,0.0,1.0869043,0.43575454,0.0,0.84304357,0.0,0.0,0.0,0.0,0.99506485,0.89077955,0.0
0.025944434,0.6018879,0.0,0.39390773,0.0,0.39931497,0.39229012,0.4482741,0.026251655,0.09034282,0.057438597,0.2973783,0.0,0.0,0.3799853,0.0,0.20041922,0.3478705,0.32283035,0.22434801,0.025867593,0.0,0.5979166,0.0,0.25364754,0.034865413,0.0,0.5823477,0.09260569,0.294282,0.0,0.0
1.0568571,1.2107012,0.0,1.0877473,0.0,1.0087472,1.0058258,1.1218072,0.0,0.0,0.0,1.2115829,0.0,0.0,0.0,1.2397819,0.0,1.2279726,1.2984278,0.0,0.0,0.9343905,1.1146605,0.0,1.2398357,0.0,0.0,0.0,0.0,1.0962907,1.0991366,0.0
0.5944,0.5117709,0.0,0.52025914,0.0,0.6693222,0.830739,0.67744184,0.0,0.0,0.0,1.0116644,0.0,0.0,0.0,0.9298855,0.0,0.8967089,0.89877033,0.0,0.0,0.74237144,0.44235685,0.0,0.84735554,0.0,0.0,0.0,0.0,0.65623206,0.6885193,0.0
1.6061523,1.7160777,0.0,1.5847611,0.0,1.2795688,1.6244733,1.3730156,0.0,0.0,0.0,1.6252757,0.0,0.0,0.0,1.6853012,0.0,1.3373849,1.5271496,0.0,0.0,1.4351834,1.3925546,0.0,1.6811186,0.0,0.0,0.0,0.0,1.6660985,1.4304094,0.0
0.70432436,0.9012605,0.0,1.0049508,0.0,0.7632135,0.93444365,0.7682926,0.0,0.0,0.0,1.0171344,0.0,0.0,0.0,0.8598975,0.0,0.74531555,0.98971254,0.0,0.0,0.9458577,0.8331981,0.0,1.0896,0.0,0.0,0.0,0.0,0.9252876,0.718733,0.0
0.80116653,0.89952374,0.0,1.0341179,0.0,0.9787983,1.0471241,0.8502239,0.0,0.0,0.0,0.98958707,0.0,0.0,0.0,0.9161366,0.0,0.6895074,0.9913523,0.0,0.0,0.9048766,0.8251301,0.0,1.1048976,0.0,0.0,0.0,0.0,1.1045084,0.68731284,0.0
0.6945696,0.83494,0.0,0.88809794,0.0,0.7483493,0.9661511,0.9161445,0.0,0.0,0.0,1.0904617,0.0,0.0,0.0,0.847468,0.0,0.6458003,0.98360974,0.0,0.0,0.8402455,0.7291312,0.0,0.93530893,0.0,0.0,0.0,0.0,0.90762055,0.74595016,0.0
1.3648928,1.717517,0.0,1.3587507,0.0,1.3614035,1.2212704,1.2745376,0.0,0.0,0.0,1.3272252,0.0,0.0,0.0,1.4408431,0.0,1.5466473,1.5102727,0.0,0.0,1.3501179,1.2673362,0.0,1.6959026,0.0,0.0,0.0,0.0,1.415352,1.3048253,0.0
0.15483724,0.52761704,0.0,0.53442353,0.0,0.34675723,0.49319553,0.55039394,0.0,0.0,0.0,0.35489237,0.0,0.0,0.0,0.44825315,0.0,0.10902411,0.7782168,0.0,0.0,0.49285626,0.3057746,0.0,0.53071886,0.0,0.0,0.0,0.0,0.45550665,0.49372151,0.0
0.35640746,0.58465624,0.0,0.67512345,0.0,0.64261395,0.6839362,0.5112067,0.0,0.0,0.0,0.7045575,0.0,0.0,0.0,0.715166,0.0,0.6194447,0.72016937,0.0,0.0,0.7078261,0.7032869,0.0,0.81445134,0.0,0.0,0.0,0.0,0.67869884,0.47405314,0.0
0.7818377,0.8564219,0.0,0.98002017,0.0,0.78086936,1.0450958,0.8922504,0.0,0.0,0.0,1.0258622,0.0,0.0,0.0,0.94164294,0.0,0.7569986,1.0259495,0.0,0.0,0.8893234,0.8660705,0.0,1.1058078,0.0,0.0,0.0,0.0,0.9597484,0.75383234,0.0
0.6248122,0.72161525,0.0,0.8215421,0.0,0.6981522,0.8374035,0.83973503,0.0,0.0,0.0,0.81962323,0.0,0.0,0.0,0.8255264,0.0,0.54985183,0.951459,0.0,0.0,0.7118914,0.61159587,0.0,0.93749285,0.0,0.0,0.0,0.0,0.74788564,0.7345237,0.0
0.37148702,0.5102563,0.0,0.56644,0.0,0.5203808,0.5669759,0.7448908,0.0,0.0,0.0,0.5468009,0.0,0.0,0.0,0.6860237,0.0,0.42259842,0.70640486,0.0,0.0,0.37033024,0.49270615,0.0,0.6703981,0.0,0.0,0.0,0.0,0.57021105,0.48817134,0.0
0.6868529,0.86209023,0.0,0.9347012,0.0,0.7811987,0.83964,0.7043811,0.0,0.0,0.0,0.77992976,0.0,0.0,0.0,0.7812523,0.0,0.60394865,0.82942474,0.0,0.0,0.7239835,0.6204535,0.0,0.9581304,0.0,0.0,0.0,0.0,0.9051791,0.61508244,0.0
1.1009543,1.4124669,0.0,1.2864547,0.0,1.0462741,1.0850077,1.0514903,0.0,0.0,0.0,1.258778,0.0,0.0,0.0,1.288144,0.0,1.2273226,1.285116,0.0,0.0,1.1410455,1.091309,0.0,1.3774656,0.0,0.0,0.0,0.0,1.2101302,1.1233959,0.0
1.2052555,1.4419563,0.0,1.3025693,0.0,1.0868745,1.1427863,1.1863718,0.0,0.0,0.0,1.3566084,0.0,0.0,0.0,1.3199925,0.0,1.3056934,1.3519598,0.0,0.0,1.1765083,0.9117336,0.0,1.4489746,0.0,0.0,0.0,0.0,1.1987135,1.0859498,0.0
0.570326,0.92639804,0.0,1.0692819,0.0,0.18119545,1.3558946,0.0,0.0,0.0,0.0,1.0668942,0.0,0.0,0.0,0.9971452,0.0,0.34004238,1.1689746,0.0,0.0,0.99137294,0.4406636,0.0,0.7715899,0.0,0.0,0.0,0.0,1.0781107,0.7833452,0.0
0.3626477,0.4888021,0.0,0.6456764,0.0,0.5109082,0.5684159,0.6681474,0.0,0.0,0.0,0.54531294,0.0,0.0,0.0,0.5775897,0.0,0.41438958,0.6301927,0.0,0.0,0.38999784,0.4322804,0.0,0.5989787,0.0,0.0,0.0,0.0,0.57031775,0.30655095,0.0
0.22113375,0.8564684,0.0,0.6426173,0.0,0.45389533,0.86046267,0.0,0.0,0.0,0.043554544,0.72854763,0.0,0.0030665994,0.0,0.5821418,0.0,0.09791274,0.74631804,0.009450465,0.0,0.74715364,0.35764906,0.0,0.4288779,0.0,0.0,0.0,0.0072954744,0.91035914,0.44646668,0.0
0.70245004,0.78670114,0.0,0.7539561,0.0,0.68242556,0.78409004,1.0995053,0.0,0.0,0.0,0.94578534,0.0,0.0,0.0,1.0142844,0.0,0.75439084,0.9807095,0.0,0.0,0.59110427,0.91941047,0.0,0.81709313,0.0,0.0,0.0,0.0,1.0712003,0.69978726,0.0
0.012169509,0.06701964,0.14255685,0.27529347,0.0,0.10686833,0.11997768,0.044186957,0.049780823,0.0649291,0.049625598,0.09021642,0.27244133,0.39871427,0.0,0.0016151741,0.40597412,0.092612654,0.2433882,0.38311705,0.19812278,0.22584294,0.0068550166,0.05510029,0.1790701,0.0032442808,0.079761095,0.0,0.0,0.15233532,0.17155945,0.1326342
0.0,0.0,0.11358967,0.02124618,0.0,0.0,0.09058791,0.18952195,0.0,0.18285462,0.09632731,0.0,0.1227748,0.0,0.0,0.13012838,0.0,0.0,0.1196598,0.0,0.0,0.0,0.0,0.23513493,0.06805353,0.0,0.06567429,0.0,0.0,0.0,0.107417576,0.062892914
0.0917427,0.06733224,0.16413306,0.0,0.0,0.16894355,0.056230288,0.24221781,0.0,0.0,0.28434962,0.11347386,0.2021721,0.039827973,0.17367128,0.017074212,0.23117933,0.022731334,0.14132874,0.15746973,0.09777342,0.0,0.27379653,0.15270673,0.097521394,0.012468092,0.065610215,0.28370845,0.07402931,0.07389965,0.20232049,0.022686303
0.0,0.0,1.0751442,0.0,0.5359783,0.0,0.0,0.0,0.9515735,0.6463835,0.8712654,0.0,1.0837328,1.320363,0.7506798,0.0,1.5606775,0.0,0.0,1.1629771,0.9520823,0.0,0.0,0.912508,0.0,0.84638554,0.8461051,0.8074408,0.8894129,0.0,0.0,0.83849853
0.28938836,0.46215582,0.0,0.5962423,0.0,0.495968,0.57988274,0.540148,0.0,0.0,0.0,0.5489797,0.0,0.0,0.0,0.64294916,0.0,0.47050968,0.6637925,0.0,0.0,0.50776076,0.47399005,0.0,0.66387683,0.0,0.0,0.0,0.0,0.5181309,0.3701027,0.0
1.5262744,1.8795437,0.0,1.7429818,0.0,0.9026576,1.8445823,0.39395374,0.0,0.0,0.0,1.6298349,0.0,0.0,0.0,1.8183007,0.0,1.3285146,1.8563436,0.0,0.0,1.701986,1.1905966,0.0,1.7897409,0.0,0.0,0.0,0.0,1.7285721,1.6046332,0.0
0.61142886,0.80549353,0.0,0.86429137,0.0,0.7520199,0.9087433,0.7342778,0.0,0.0,0.0,0.90781355,0.0,0.0,0.0,0.8639653,0.0,0.75685334,0.9596854,0.0,0.0,0.83138794,0.7557814,0.0,0.98207855,0.0,0.0,0.0,0.0,0.8571372,0.63055843,0.0
0.3451723,0.35331535,0.0,0.53100044,0.0,0.4989963,0.5566659,0.62078077,0.0,0.0,0.0,0.47978783,0.0,0.0,0.0,0.54932,0.0,0.30059996,0.572239,0.0,0.0,0.3320035,0.3622043,0.0,0.52749616,0.0,0.0,0.0,0.0,0.45989928,0.37188426,0.0
0.04431159,0.28225684,0.0,0.34716317,0.0,0.26325518,0.21832597,0.30338246,0.0,0.0,0.02872347,0.19281022,0.0,0.0,0.062167443,0.50825566,0.0,0.08338815,0.2948688,0.0,0.0,0.019776415,0.1092009,0.0,0.34282678,0.0,0.0,0.0,0.0,0.18981686,0.07268579,0.0
0.42597914,0.45619062,0.0,0.6276002,0.0,0.5001271,0.6393199,0.7576823,0.0,0.0,0.0,0.5837866,0.0,0.0,0.0,0.6616946,0.0,0.38749686,0.68694097,0.0,0.0,0.401901,0.48074967,0.0,0.6660083,0.0,0.0,0.0,0.0,0.52011234,0.45386943,0.0
0.5139068,0.65022975,0.0,0.82059044,0.0,0.5784897,0.78279436,0.7243506,0.0,0.0,0.0,0.70570886,0.0,0.0,0.0,0.7260188,0.0,0.5526946,0.8317078,0.0,0.0,0.65393317,0.6606529,0.0,0.8313351,0.0,0.0,0.0,0.0,0.78619236,0.5078002,0.0
0.31308192,0.64727825,0.0,0.65579367,0.0,0.5751541,0.6158562,0.45023203,0.0,0.0,0.0,0.6720133,0.0,0.0,0.0,0.60137594,0.0,0.48538333,0.6770247,0.0,0.0,0.54290205,0.5311817,0.0,0.6312851,0.0,0.0,0.0,0.0,0.66519874,0.47570455,0.0
1.0599438,1.3436477,0.0,1.0395627,0.0,1.1934326,1.2329589,1.1239969,0.0,0.0,0.0,1.311661,0.0,0.0,0.0,1.1741387,0.0,1.5914607,1.4049803,0.0,0.0,1.3443137,1.0469369,0.0,1.4178734,0.0,0.0,0.0,0.0,1.0360807,1.2065233,0.0
0.0,0.34975988,0.20500094,0.0,0.018336218,0.25073287,0.0,0.20721418,0.25481454,0.1413194,0.24554855,0.08414794,0.26018733,0.24096143,0.40043765,0.0,0.21612778,0.05939828,0.2314601,0.39078575,0.26893133,0.0,0.25740874,0.2352775,0.0,0.12329571,0.16734034,0.45942235,0.3272897,0.22238109,0.0,0.10667143
1.2707256,0.86027825,0.0,0.93429714,0.0,1.1548836,1.2270747,1.1717588,0.0,0.0,0.0,1.5633727,0.0,0.0,0.0,1.2556676,0.0,1.4004887,1.1324953,0.0,0.0,1.1851593,1.1304617,0.0,1.1986587,0.0,0.0,0.0,0.0,1.0415866,1.0889435,0.0
0.93043333,1.116566,0.0,0.91204005,0.0,0.78918684,1.1358925,1.072345,0.0,0.0,0.0,1.1613497,0.0,0.0,0.0,1.4603975,0.0,1.1266551,1.1612221,0.0,0.0,0.9088873,0.8523159,0.0,1.1360636,0.0,0.0,0.0,0.0,1.0119075,0.83969206,0.0
0.37088382,0.6649323,0.0,0.47557002,0.0,0.50831956,0.6625217,0.51344,0.0,0.0,0.0,0.5306303,0.0,0.0,0.0,0.4981386,0.0,0.31312668,0.66885364,0.0,0.0,0.5290442,0.37472257,0.0,0.5814413,0.0,0.0,0.0,0.0,0.6698731,0.42086622,0.0
0.0,0.0,0.73070097,0.0,0.0,0.0,0.0,0.0,0.72512716,0.6715527,0.504707,0.0,0.8366,0.15495308,0.24602838,0.0,0.0,0.0,0.0,0.7364395,0.2212064,0.0,0.0,0.97686404,0.0,0.29636592,0.97893226,0.41228467,0.76713216,0.0,0.0,0.8045609
0.62101996,0.7599073,0.0,0.8507871,0.0,0.6136117,0.78391165,0.6917073,0.0,0.0,0.0,0.81695116,0.0,0.0,0.0,0.8076028,0.0,0.5890095,0.8330499,0.0,0.0,0.61382335,0.5678313,0.0,0.84770894,0.0,0.0,0.0,0.0,0.76191187,0.5953399,0.0
0.5049862,0.88744295,0.0,0.9598112,0.0,0.94013166,0.87719357,0.6674895,0.0,0.0,0.0,0.8449251,0.0,0.0,0.0,0.7854106,0.0,0.73062503,0.8384724,0.0,0.0,0.9260902,0.7282195,0.0,0.96419936,0.0,0.0,0.0,0.0,0.7757832,0.55773634,0.0
1.1510078,1.0305793,0.0,0.9394173,0.0,1.0948181,1.1911055,1.1515399,0.0,0.0,0.0,1.1347566,0.0,0.0,0.0,1.2473826,0.0,1.2789141,1.3146855,0.0,0.0,1.0829288,1.0825235,0.0,1.2090545,0.0,0.0,0.0,0.0,1.0927173,1.1029564,0.0
0.34011686,0.44749287,0.0,0.53505963,0.0,0.5034664,0.6026839,0.7182328,0.0,0.0,0.0,0.6946114,0.0,0.0,0.0,0.5935969,0.0,0.40828043,0.643034,0.0,0.0,0.4446363,0.4696819,0.0,0.58909434,0.0,0.0,0.0,0.0,0.56930935,0.38293803,0.0
0.0,0.24487805,0.37736103,0.0,0.12607872,0.22540745,0.0,0.2352001,0.29104304,0.028205276,0.4070701,0.0049241856,0.3188871,0.0,0.3987284,0.0,0.07289885,0.0,0.1429554,0.19662581,0.28406507,0.0,0.28272784,0.35292006,0.0,0.13437389,0.3526734,0.36006495,0.43434396,0.0,0.0669124,0.050196186
1.209232,1.292958,0.0,1.1991642,0.0,1.0166517,1.0022199,1.1998032,0.0,0.0,0.0,1.2478646,0.0,0.0,0.0,1.2475963,0.0,1.1440871,1.20288,0.0,0.0,1.1322901,1.1612519,0.0,1.444012,0.0,0.0,0.0,0.0,1.3198624,1.0317192,0.0
1.0280967,1.1276782,0.0,1.04123,0.0,0.75279415,0.90223056,1.0540048,0.0,0.0,0.0,1.2424082,0.0,0.0,0.0,1.1927836,0.0,1.1045257,1.1911592,0.0,0.0,1.0124694,1.1249313,0.0,1.1560518,0.0,0.0,0.0,0.0,1.1031809,1.003783,0.0
0.8404023,1.0101873,0.0,1.051498,0.0,0.6864271,1.2515782,0.39435616,0.0,0.0,0.0,1.1804459,0.0,0.0,0.0,1.0043771,0.0,0.45098758,1.0432135,0.0,0.0,1.0723825,0.7032131,0.0,1.0568184,0.0,0.0,0.0,0.0,1.2160074,0.8644723,0.0
0.58977765,0.6384447,0.0,0.7271225,0.0,0.66192913,0.799184,0.77943975,0.0,0.0,0.0,0.784694,0.0,0.0,0.0,0.8634667,0.0,0.6031914,0.8202925,0.0,0.0,0.6276198,0.78833675,0.0,0.91697854,0.0,0.0,0.0,0.0,0.7998562,0.6838401,0.0
0.45466042,0.65343344,0.0,0.8347569,0.0,0.6277567,0.75376123,0.5298565,0.0,0.0,0.0,0.7491148,0.0,0.0,0.0,0.683875,0.0,0.51384556,0.74667,0.0,0.0,0.6421209,0.6377212,0.0,0.8040938,0.0,0.0,0.0,0.0,0.75385934,0.56293607,0.0
0.0,0.08447359,0.38787848,0.13109428,0.0,0.18205544,0.05245151,0.0,0.096032836,0.014846742,0.18118092,0.0,0.36156744,0.0,0.12626117,0.23685047,0.10646022,0.0,0.23912564,0.24151307,0.25526875,0.07820278,0.0,0.19894585,0.0,0.0,0.4127668,0.0,0.25282192,0.20031929,0.0,0.07141296
0.7441961,0.89595246,0.0,1.0270715,0.0,0.8021006,1.025966,0.89162374,0.0,0.0,0.0,1.0754677,0.0,0.0,0.0,1.0303127,0.0,0.73818165,0.93474007,0.0,0.0,0.92228794,0.79145086,0.0,1.1615585,0.0,0.0,0.0,0.0,0.99315614,0.73761576,0.0
0.2616229,0.28337678,0.0,0.45407647,0.0,0.42612264,0.57159626,0.6241853,0.0,0.0,0.0,0.4461881,0.0,0.0,0.0,0.5213772,0.0,0.28279838,0.51973444,0.0,0.0,0.30153033,0.36101693,0.0,0.452273,0.0,0.0,0.0,0.0,0.42726377,0.2568391,0.0
1.0924731,1.4439555,0.0,1.1052476,0.0,0.9877391,1.271449,1.0333897,0.0,0.0,0.0,1.1071812,0.0,0.0,0.0,1.3609476,0.0,1.1318483,1.0689331,0.0,0.0,1.1659068,1.3983142,0.0,1.3570279,0.0,0.0,0.0,0.0,1.3760009,1.3005952,0.0
0.0,0.0,0.48321968,0.0,0.4419799,0.0,0.0,0.0867369,0.6523977,0.66848904,0.628938,0.0,0.37397057,0.35721397,0.82362545,0.0,0.4990891,0.0,0.0,0.6778594,0.7768687,0.0,0.0,0.62263876,0.0,0.3577959,0.5445639,0.77750945,0.7146934,0.0,0.0,0.33521467
0.7871671,0.8983613,0.0,1.0338382,0.0,0.7559294,1.0033537,0.81320524,0.0,0.0,0.0,1.0294623,0.0,0.0,0.0,0.926073,0.0,0.68820685,1.001804,0.0,0.0,0.91580576,0.86031556,0.0,1.1918147,0.0,0.0,0.0,0.0,1.0580608,0.75811654,0.0
0.1929329,0.28239366,0.0,0.3940472,0.0,0.35414323,0.35672015,0.36543286,0.0,0.0,0.0,0.27000195,0.0,0.0,0.0,0.39450282,0.0,0.12538357,0.5295038,0.0,0.0,0.31839684,0.08572045,0.0,0.41664332,0.0,0.0,0.0,0.0,0.3497448,0.3129402,0.0
0.284526,0.41574466,0.0,0.55516356,0.0,0.2756451,0.5151156,0.43942764,0.0,0.0,0.0,0.38084537,0.0,0.0,0.0,0.47316903,0.0,0.14700572,0.46187627,0.0,0.0,0.2661672,0.4372301,0.0,0.51579475,0.0,0.0,0.0,0.0,0.6519846,0.11752324,0.0
0.52663666,0.6101198,0.0,0.7048977,0.0,0.71519643,0.73832554,0.84069014,0.0,0.0,0.0,0.89149916,0.0,0.0,0.0,0.7131411,0.0,0.5599797,0.90253764,0.0,0.0,0.7266493,0.63516617,0.0,0.8710334,0.0,0.0,0.0,0.0,0.6700969,0.73368704,0.0
1.3869306,1.2126603,0.0,1.2718163,0.0,1.260127,1.3519742,1.3096596,0.0,0.0,0.0,1.3356403,0.0,0.0,0.0,1.3968056,0.0,1.3880491,1.4895413,0.0,0.0,1.1932544,1.159441,0.0,1.3802731,0.0,0.0,0.0,0.0,1.2770013,1.2351786,0.0
0.9692346,1.31699,0.0,1.0155313,0.0,0.76328707,0.95857686,1.000418,0.0,0.0,0.0,1.0928637,0.0,0.0,0.0,1.0869197,0.0,1.1665554,1.2436652,0.0,0.0,1.0957578,1.0232066,0.0,1.2782054,0.0,0.0,0.0,0.0,1.162166,0.9253128,0.0
0.046543177,0.3103109,0.0,0.4479067,0.0,0.4771097,0.5132924,0.39875135,0.0,0.0,0.0,0.46894878,0.0,0.0,0.0,0.39720225,0.0,0.35921487,0.6644507,0.0,0.0,0.58697325,0.32787555,0.0,0.38153756,0.0,0.0,0.0,0.0,0.34414738,0.30828622,0.0
0.6307095,1.014685,0.0,0.71610904,0.0,0.72816175,0.7971241,0.81282777,0.0,0.0,0.0,0.7379768,0.0,0.0,0.0,0.6130355,0.0,0.6521967,0.80380714,0.0,0.0,0.5226659,0.6665461,0.0,0.7064652,0.0,0.0,0.0,0.0,0.87565607,0.5745525,0.0
0.6485368,0.67434216,0.0,0.7031388,0.0,0.6125467,0.8065762,0.79495525,0.0,0.0,0.0,0.8960536,0.0,0.0,0.0,0.6668346,0.0,0.58186173,0.7854336,0.0,0.0,0.6877618,0.5047107,0.0,0.77359694,0.0,0.0,0.0,0.0,0.68900186,0.58072066,0.0
1.1724956,1.2088689,0.0,1.1679076,0.0,1.1007789,1.3271692,1.183531,0.0,0.0,0.0,1.291862,0.0,0.0,0.0,1.5519242,0.0,1.1140395,1.3897015,0.0,0.0,1.1738055,1.3713007,0.0,1.3777546,0.0,0.0,0.0,0.0,1.3231564,1.0813049,0.0
1.4734862,1.7249324,0.0,1.6161598,0.0,1.1658992,1.6090565,1.2308615,0.0,0.0,0.0,1.5416428,0.0,0.0,0.0,1.8071898,0.0,1.4284184,1.5103594,0.0,0.0,1.4404709,1.368991,0.0,1.8466537,0.0,0.0,0.0,0.0,1.5732161,1.3303976,0.0
1.4252388,1.6857445,0.0,1.5425714,0.0,1.0480942,1.4697429,1.2573698,0.0,0.0,0.0,1.5218099,0.0,0.0,0.0,1.6883054,0.0,1.3331875,1.420309,0.0,0.0,1.2370937,1.257576,0.0,1.6177076,0.0,0.0,0.0,0.0,1.470031,1.3172307,0.0
0.92568856,0.96599644,0.0,1.1264462,0.0,0.83978796,1.1701275,0.9962442,0.0,0.0,0.0,1.1869277,0.0,0.0,0.0,1.0161272,0.0,0.87788016,1.0880016,0.0,0.0,1.0685704,0.9449489,0.0,1.3071387,0.0,0.0,0.0,0.0,1.0866187,0.82245976,0.0
0.26102132,0.6105107,0.0,0.48071367,0.0,0.42770654,0.22159094,0.56045395,0.0,0.0,0.0,0.25850695,0.0,0.0,0.0,0.35628498,0.0,0.19913983,0.54134053,0.0,0.0,0.2621424,0.36508355,0.0,0.45432878,0.0,0.0,0.0,0.0,0.43752947,0.2384358,0.0
0.58592033,0.77513176,0.0,0.85888255,0.0,0.6837379,0.7929899,0.74540883,0.0,0.0,0.0,0.8319921,0.0,0.0,0.0,0.7844795,0.0,0.6014253,0.87799066,0.0,0.0,0.734699,0.6428721,0.0,0.9755386,0.0,0.0,0.0,0.0,0.75811166,0.6664634,0.0
0.86213917,0.95351416,0.0,1.0648474,0.0,0.8431305,0.9663674,0.73500305,0.0,0.0,0.0,0.99627584,0.0,0.0,0.0,0.9069933,0.0,0.68698645,1.0625241,0.0,0.0,0.9142237,0.9039488,0.0,1.1999059,0.0,0.0,0.0,0.0,1.0901946,0.82354796,0.0
0.55553275,0.72764295,0.0,0.81851333,0.0,0.8955961,0.8660332,0.6552281,0.0,0.0,0.0,0.9450527,0.0,0.0,0.0,0.67297083,0.0,0.6696395,0.8947611,0.0,0.0,0.90676975,0.7679124,0.0,0.8659879,0.0,0.0,0.0,0.0,0.87321323,0.5345429,0.0
0.17292972,0.2805684,0.0,0.4663545,0.0,0.4077401,0.50968945,0.52515954,0.0,0.0,0.0,0.4077294,0.0,0.0,0.0,0.5255536,0.0,0.31095275,0.5605061,0.0,0.0,0.35143715,0.39890963,0.0,0.46271384,0.0,0.0,0.0,0.0,0.4033276,0.25565428,0.0
1.2770209,1.42196,0.0,1.1981258,0.0,1.028119,1.2018158,1.3028657,0.0,0.0,0.0,1.346836,0.0,0.0,0.0,1.3567228,0.0,1.4531373,1.4590757,0.0,0.0,1.2000937,1.2604098,0.0,1.4627055,0.0,0.0,0.0,0.0,1.3068373,1.3273302,0.0
0.3588695,0.5104409,0.0,0.72850084,0.0,0.64652836,0.7038959,0.6327284,0.0,0.0,0.0,0.7141294,0.0,0.0,0.0,0.6809719,0.0,0.53709006,0.80233383,0.0,0.0,0.6573138,0.5665531,0.0,0.7197817,0.0,0.0,0.0,0.0,0.61440986,0.51009923,0.0
1.4054142,1.610349,0.0,1.4422944,0.0,1.2766066,1.6616621,1.4026455,0.0,0.0,0.0,1.7438474,0.0,0.0,0.0,1.7581869,0.0,1.658918,1.5811013,0.0,0.0,1.4928926,1.2847378,0.0,1.6976689,0.0,0.0,0.0,0.0,1.4838705,1.4348016,0.0
0.3173157,0.3460931,0.0,0.44782323,0.0,0.44171053,0.50628185,0.5268172,0.0,0.0,0.0,0.4249792,0.0,0.0,0.0,0.49436456,0.0,0.2976901,0.51225764,0.0,0.0,0.3195551,0.33225992,0.0,0.44139117,0.0,0.0,0.0,0.0,0.38526943,0.29701817,0.0
1.488613,1.4342177,0.0,1.1607827,0.0,1.0272682,1.1470926,1.367476,0.0,0.0,0.0,1.3018901,0.0,0.0,0.0,1.2450534,0.0,1.4805974,1.3262894,0.0,0.0,1.1050383,0.99947894,0.0,1.4256325,0.0,0.0,0.0,0.0,1.0928843,1.3341013,0.0
0.36212838,0.4142304,0.0,0.47425818,0.0,0.4788322,0.5928602,0.6243652,0.0,0.0,0.0,0.6269269,0.0,0.0,0.0,0.53249794,0.0,0.35901028,0.57678986,0.0,0.0,0.43870807,0.35835108,0.0,0.599806,0.0,0.0,0.0,0.0,0.57269424,0.4106358,0.0
0.0,0.31813994,0.18038914,0.23024532,0.0,0.29608342,0.25055104,0.286022,0.0,0.0,0.13097763,0.23453686,0.17692111,0.0,0.10698458,0.2876996,0.2699413,0.0,0.44460878,0.2221821,0.16816607,0.11237548,0.15415998,0.08334267,0.09272292,0.0,0.083552405,0.0023234412,0.10980359,0.28685346,0.17328352,0.0
0.8997514,0.89043874,0.0,1.0940818,0.0,0.88070655,1.096284,0.88232636,0.0,0.0,0.0,1.0930696,0.0,0.0,0.0,1.0411538,0.0,0.9802365,1.1104034,0.0,0.0,1.0503992,0.8648895,0.0,1.2722949,0.0,0.0,0.0,0.0,1.0142602,0.81521416,0.0
0.5903194,0.7321714,0.0,0.7928799,0.0,0.71640545,0.89926034,0.8397757,0.0,0.0,0.0,0.9305924,0.0,0.0,0.0,0.84865654,0.0,0.67683655,0.8742568,0.0,0.0,0.76386833,0.7569392,0.0,0.97749746,0.0,0.0,0.0,0.0,0.85542667,0.6840901,0.0
0.0,0.41332084,0.050052322,0.4404172,0.0,0.14482792,0.24062356,0.35541165,0.0,0.0,0.012586154,0.2972,0.044043697,0.0,0.11505532,0.39308912,0.0,0.08043061,0.4029992,0.122925505,0.06576388,0.03448627,0.36356798,0.0,0.2831591,0.0,0.0,0.0,0.02684158,0.35497203,0.050199997,0.0
1.307332,1.4257507,0.0,1.262824,0.0,1.2322947,1.1976736,1.311285,0.0,0.0,0.0,1.3573215,0.0,0.0,0.0,1.3081437,0.0,1.4921199,1.3944468,0.0,0.0,1.4095058,1.2201447,0.0,1.5953894,0.0,0.0,0.0,0.0,1.2578149,1.2430238,0.0
1.0886606,1.3845074,0.0,1.0605118,0.0,0.7755654,0.9234999,1.0803012,0.0,0.0,0.0,1.1526476,0.0,0.0,0.0,1.0535545,0.0,1.206625,1.2339619,0.0,0.0,1.0437621,0.8825427,0.0,1.3303002,0.0,0.0,0.0,0.0,1.1669908,0.916002,0.0
1.1937306,0.93306947,0.0,1.1166818,0.0,1.1072338,1.4277582,1.1069366,0.0,0.0,0.0,1.5670309,0.0,0.0,0.0,1.4330356,0.0,1.3573573,1.2822586,0.0,0.0,1.3053936,1.082624,0.0,1.4938289,0.0,0.0,0.0,0.0,1.1898384,1.1148633,0.0
0.09474766,0.19527125,0.0,0.29407018,0.0,0.28235805,0.2008149,0.26682842,0.0,0.0,0.0,0.24044384,0.0,0.0,0.0,0.2887125,0.0,0.11777261,0.32494912,0.0,0.0,0.21346012,0.07061882,0.0,0.23910417,0.0,0.0,0.0,0.0,0.099804826,0.24988136,0.0
1.1868671,1.5137271,0.0,1.2477553,0.0,0.9024751,1.0398386,1.1966181,0.0,0.0,0.0,1.2670896,0.0,0.0,0.0,1.3167437,0.0,1.3913102,1.3349838,0.0,0.0,1.0927258,1.116158,0.0,1.4553394,0.0,0.0,0.0,0.0,1.1995468,1.1886537,0.0
1.4593563,1.5976156,0.0,1.4450737,0.0,1.1987507,1.2570753,1.3648198,0.0,0.0,0.0,1.4016728,0.0,0.0,0.0,1.4608653,0.0,1.5739462,1.5371449,0.0,0.0,1.3948275,1.2149309,0.0,1.7345972,0.0,0.0,0.0,0.0,1.3190205,1.2874352,0.0
1.1789613,1.656013,0.0,1.3993363,0.0,1.5433967,1.5401603,1.1433887,0.0,0.0,0.0,1.406109,0.0,0.0,0.0,1.3004551,0.0,1.4845525,1.3596725,0.0,0.0,1.4266013,1.0630308,0.0,1.4920548,0.0,0.0,0.0,0.0,1.3067836,1.3269395,0.0
1.0944406,1.6087823,0.0,1.2812488,0.0,1.5519565,1.440621,1.0252285,0.0,0.0,0.0,1.3063909,0.0,0.0,0.0,1.2246515,0.0,1.4741969,1.2787038,0.0,0.0,1.3658726,1.0947986,0.0,1.4368616,0.0,0.0,0.0,0.0,1.29042,1.2912666,0.0
0.5177645,0.62370944,0.0,0.60692406,0.0,0.6581652,0.6562514,0.69209355,0.0,0.0,0.0,0.70613676,0.0,0.0,0.0,0.69806176,0.0,0.5375685,0.7067798,0.0,0.0,0.5291813,0.6925515,0.0,0.7828385,0.0,0.0,0.0,0.0,0.78853023,0.5591237,0.0
0.0,0.0,1.4610767,0.0,1.4917974,0.0,0.0,0.0,1.226449,1.5490696,0.9216188,0.0,1.005916,0.71668214,1.1779236,0.0,0.36936882,0.0,0.0,1.1299496,1.2971451,0.0,0.0,1.9057493,0.0,1.1027282,1.1113545,1.1634611,1.1251037,0.0,0.0,0.9938288
0.7763572,0.80875736,0.0,0.94359714,0.0,0.9383412,0.9214166,0.78936094,0.0,0.0,0.0,0.9355423,0.0,0.0,0.0,0.8502536,0.0,0.7130357,0.855818,0.0,0.0,0.75994223,0.75065875,0.0,1.0471115,0.0,0.0,0.0,0.0,0.9438454,0.68048745,0.0
0.052910738,0.32636067,0.007812753,0.22760594,0.0,0.35137472,0.39245695,0.3704294,0.0,0.0,0.0,0.40274322,0.106409095,0.0,0.0,0.21057469,0.17001274,0.058601607,0.43338946,0.08494176,0.0,0.3120961,0.22467917,0.0,0.23562837,0.0,0.08883013,0.051368445,0.028336585,0.34578297,0.23568483,0.0
1.2704946,1.2818216,0.0,1.0728852,0.0,0.96088314,1.1484494,1.2019066,0.0,0.0,0.0,1.2920399,0.0,0.0,0.0,1.2471361,0.0,1.2905716,1.2920198,0.0,0.0,0.9521061,1.1212248,0.0,1.2147293,0.0,0.0,0.0,0.0,1.1157043,1.3129938,0.0
1.2882797,1.4723307,0.0,1.3964654,0.0,1.2981294,1.3564668,1.2539642,0.0,0.0,0.0,1.371726,0.0,0.0,0.0,1.4333975,0.0,1.4520463,1.5487788,0.0,0.0,1.3926157,1.3918707,0.0,1.6719439,0.0,0.0,0.0,0.0,1.4248334,1.3177887,0.0
0.41240788,0.5815117,0.0,0.65386695,0.0,0.54169726,0.66697854,0.6763278,0.0,0.0,0.0,0.6143842,0.0,0.0,0.0,0.65299326,0.0,0.46622616,0.72452146,0.0,0.0,0.49122563,0.6179861,0.0,0.70772076,0.0,0.0,0.0,0.0,0.6429807,0.48572788,0.0
0.82192516,0.7030192,0.0,0.6846352,0.0,0.60770106,0.63247055,0.7913853,0.0,0.0,0.0,0.92591655,0.0,0.0,0.0,0.92168415,0.0,0.9193267,1.2393774,0.0,0.0,0.68965906,0.90770257,0.0,0.8037008,0.0,0.0,0.0,0.0,0.79281306,0.9888343,0.0
1.1847498,1.6405702,0.0,1.3796865,0.0,1.5419285,1.5148139,1.1227964,0.0,0.0,0.0,1.3829318,0.0,0.0,0.0,1.288236,0.0,1.4837189,1.3444014,0.0,0.0,1.4022924,1.0679201,0.0,1.4817597,0.0,0.0,0.0,0.0,1.3035043,1.3316611,0.0
1.1348288,1.5813851,0.0,1.2807031,0.0,1.4657685,1.3867965,1.0163314,0.0,0.0,0.0,1.2692486,0.0,0.0,0.0,1.2117869,0.0,1.4212736,1.229246,0.0,0.0,1.2616223,1.0533798,0.0,1.3904358,0.0,0.0,0.0,0.0,1.2456163,1.3041999,0.0
0.0,0.0,0.91989934,0.0,0.3255214,0.0,0.0,0.0,0.7555661,0.53725356,0.86963344,0.0,0.85267025,0.683957,0.7415028,0.0,1.0197634,0.0,0.0,0.79675823,0.73438185,0.0,0.0,0.82289815,0.0,0.502142,0.91246223,0.77961975,0.74680865,0.0,0.0,0.69505787
0.67495066,0.77944833,0.0,0.8163227,0.0,0.8359356,0.9776155,0.7968912,0.0,0.0,0.0,1.011475,0.0,0.0,0.0,0.8757791,0.0,0.68673927,1.0023112,0.0,0.0,0.78130805,0.76616204,0.0,0.9343452,0.0,0.0,0.0,0.0,0.92807746,0.6384935,0.0
0.65963614,0.81699497,0.0,0.83811694,0.0,0.7512643,0.91573364,0.9313454,0.0,0.0,0.0,0.9976346,0.0,0.0,0.0,0.7910729,0.0,0.5153291,0.9512878,0.0,0.0,0.71229935,0.61880314,0.0,0.82548594,0.0,0.0,0.0,0.0,0.83776927,0.6206464,0.0
0.0,0.0,1.2281778,0.0,1.8756918,0.0,0.0,0.0,1.4917214,1.8582382,1.3586915,0.0,1.0241735,1.2320523,1.9081033,0.0,1.2501355,0.0,0.0,1.5223564,1.420502,0.0,0.0,2.308843,0.0,1.6675322,1.1594131,2.3375876,1.2170242,0.0,0.0,1.4246727
0.0039353627,0.029189438,0.20093444,0.0,0.0,0.0,0.16344818,0.43244362,0.0,0.046999738,0.082667984,0.05838485,0.017216392,0.0,0.008739866,0.16435492,0.0,0.0,0.038033918,0.009933718,0.0,0.0,0.0,0.17598525,0.134863,0.0,0.2710141,0.065608725,0.1589541,0.09555381,0.0,0.093295015
0.06146544,0.24254757,0.0,0.21967605,0.0,0.36233577,0.3737809,0.37667394,0.0,0.013717324,0.0,0.31310028,0.08340939,0.0,0.0,0.27422917,0.0,0.24093011,0.5304078,0.049323216,0.0,0.2789149,0.27735183,0.0,0.29589158,0.0,0.0,0.0,0.0,0.34010196,0.20723648,0.0
0.0,0.007913128,0.56984997,0.0,0.2624051,0.0,0.0,0.0,0.3607273,0.324825,0.5236735,0.0,0.3935694,0.0,0.5886311,0.0,0.0,0.0,0.0,0.21981962,0.3251561,0.0,0.0,0.5491044,0.0,0.34437352,0.3657819,0.40892535,0.4997999,0.0,0.0,0.24729678
0.25774324,0.23236042,0.0,0.21438387,0.0,0.1504257,0.38119733,0.53478974,0.0,0.0,0.019558601,0.42832828,0.0,0.0,0.0,0.32798022,0.0,0.024335349,0.20491228,0.0,0.0,0.1517607,0.18411623,0.0,0.42063165,0.0,0.039578967,0.024236694,0.041621465,0.33071077,0.24504471,0.0
0.9417268,1.3575774,0.0,0.9350246,0.0,0.7881139,0.9702854,0.9837711,0.0,0.0,0.0,1.0937356,0.0,0.0,0.0,1.0055453,0.0,1.2384784,1.1870127,0.0,0.0,1.0242119,0.80511975,0.0,1.1321181,0.0,0.0,0.0,0.0,1.0332816,0.9595369,0.0
1.4162437,1.6194392,0.0,1.4390869,0.0,1.1444457,1.3484316,1.2931253,0.0,0.0,0.0,1.50214,0.0,0.0,0.0,1.4520174,0.0,1.6939235,1.4292743,0.0,0.0,1.478577,1.195221,0.0,1.7928352,0.0,0.0,0.0,0.0,1.2386861,1.3923961,0.0
0.6450158,0.6728394,0.0,0.709903,0.0,0.7838315,0.88362116,0.90264803,0.0,0.0,0.0,0.9694219,0.0,0.0,0.0,0.78799474,0.0,0.68500274,0.88196373,0.0,0.0,0.7242686,0.729164,0.0,0.8563687,0.0,0.0,0.0,0.0,0.86910385,0.71326774,0.0
1.1861947,1.4379612,0.0,1.3256698,0.0,1.1332327,1.2910141,1.297572,0.0,0.0,0.0,1.446623,0.0,0.0,0.0,1.3706417,0.0,1.5660957,1.3580841,0.0,0.0,1.4167234,1.2687216,0.0,1.6345001,0.0,0.0,0.0,0.0,1.3576144,1.2937213,0.0
0.7567677,0.9213062,0.0,0.98639005,0.0,0.83512455,1.043906,0.86485434,0.0,0.0,0.0,1.0455284,0.0,0.0,0.0,0.97158176,0.0,0.6808057,1.0145999,0.0,0.0,0.81537795,0.74197376,0.0,1.0570084,0.0,0.0,0.0,0.0,0.965345,0.72089064,0.0
0.0,0.11015768,0.05881027,0.25675392,0.0,0.0,0.5443993,0.0,0.09498271,0.042836156,0.8451293,0.16755635,0.2476376,0.14625102,0.15495692,0.2698934,0.19888094,0.0,0.61881727,0.5009948,0.12024082,0.43219784,0.0,0.23130545,0.0,0.116972156,0.0,0.0,0.37157845,0.30468354,0.3757597,0.0
0.06046975,0.13332239,0.0,0.38731518,0.0,0.21639484,0.26374444,0.27196229,0.0,0.0,0.0,0.17879376,0.0,0.0,0.0,0.40650457,0.0,0.079308115,0.3209183,0.0,0.0,0.17333858,0.039136797,0.0,0.35425177,0.0,0.0,0.0,0.0,0.19783118,0.044364512,0.0
1.0494852,1.3908981,0.0,1.0776385,0.0,0.9549465,1.0909255,0.9397184,0.0,0.0,0.0,1.117791,0.0,0.0,0.0,1.1490489,0.0,1.3035107,1.2965034,0.0,0.0,1.2068276,0.9981942,0.0,1.3978412,0.0,0.0,0.0,0.0,1.1120194,0.9940549,0.0
0.28964144,0.20358267,0.0,0.3459316,0.0,0.34204856,0.414793,0.59964955,0.0,0.0,0.0,0.30451953,0.0,0.0,0.0,0.5152987,0.0,0.17185238,0.36323088,0.0,0.0,0.13228822,0.15704075,0.0,0.4064955,0.0,0.0,0.0,0.0,0.20933637,0.19805743,0.0
0.5869673,0.6192591,0.0,0.7212225,0.0,0.6218483,0.79871213,0.8121797,0.0,0.0,0.0,0.77445143,0.0,0.0,0.0,0.82140946,0.0,0.538345,0.7315647,0.0,0.0,0.5633476,0.59999263,0.0,0.8919556,0.0,0.0,0.0,0.0,0.6865792,0.54947317,0.0
0.43269908,0.7297194,0.0,0.88013446,0.0,0.77062064,0.52280164,0.45971736,0.0,0.0,0.0,0.5357319,0.0,0.0,0.0,0.53850526,0.0,0.5265139,0.6811785,0.0,0.0,0.74657154,0.8263713,0.0,0.84118265,0.0,0.0,0.0,0.0,0.81783336,0.49238425,0.0
0.69319373,0.8116126,0.0,0.8672279,0.0,0.8313608,0.9340169,0.8115123,0.0,0.0,0.0,0.9092151,0.0,0.0,0.0,0.8378934,0.0,0.63704836,0.92636514,0.0,0.0,0.7456617,0.6746552,0.0,0.96069926,0.0,0.0,0.0,0.0,0.92991567,0.6546365,0.0
0.1695163,0.075838774,0.068633534,0.15729728,0.0,0.10395451,0.13699499,0.3473269,0.0,0.0,0.0,0.13872872,0.0,0.0,0.0,0.25301757,0.0,0.0,0.08290175,0.0,0.0,0.0,0.0020434447,0.07806426,0.1713492,0.0,0.029627316,0.0,0.0,0.01147753,0.05126609,0.0
1.0554491,1.7161667,0.0,1.3334688,0.0,0.79237056,1.4663047,0.0,0.0,0.0,0.0,1.4205126,0.0,0.0,0.0,1.3448412,0.0,0.97464454,1.4427595,0.0,0.0,1.7001711,0.9767591,0.0,1.2267592,0.0,0.0,0.0,0.0,1.5356537,1.0941929,0.0
0.0,0.6016189,0.21714474,0.39670664,0.0,0.0,0.7375499,0.0,0.14755118,0.0,0.42020023,0.557538,0.0,0.15184811,0.41621926,0.39494509,0.032299608,0.2008715,0.651262,0.63397866,0.31917202,0.6504132,0.13974658,0.32583976,0.1391636,0.108932346,0.008124299,0.0,0.3596867,0.628894,0.43130258,0.14053686
0.42769104,0.622621,0.0,0.6791094,0.0,0.53349817,0.7155183,0.62339324,0.0,0.0,0.0,0.6555337,0.0,0.0,0.0,0.7455429,0.0,0.47574702,0.6797269,0.0,0.0,0.5045308,0.565586,0.0,0.7898215,0.0,0.0,0.0,0.0,0.7270879,0.42917615,0.0
0.0,0.0,0.94161236,0.0,0.5528914,0.0,0.0,0.0,0.73688537,1.1065747,1.1307322,0.0,1.3668424,1.2039292,0.9728764,0.0,0.8407394,0.0,0.0,0.8935979,1.0733621,0.0,0.0,0.5955089,0.0,1.0928078,1.2069873,1.2352452,1.1118275,0.0,0.0,1.5899159
0.0,0.0,0.71586967,0.0,0.84089035,0.0,0.0,0.0,1.0951407,0.75469226,0.9905041,0.0,0.843243,0.46265486,0.89975166,0.0,0.31065303,0.0,0.0,0.7086594,0.74131036,0.0,0.0,0.7959473,0.0,0.71890974,0.9572537,1.2925812,1.1273282,0.0,0.0,0.79152507
0.16062066,0.8678172,0.0,0.7675928,0.0,0.0,0.8569563,0.0,0.0,0.0,0.07677193,0.7259001,0.0,0.18551752,0.0,0.5929925,0.0,0.036149375,0.782988,0.32829192,0.07750725,0.81628954,0.34730676,0.0,0.4977715,0.0,0.0,0.0,0.14829782,0.89017206,0.2551677,0.0
0.2953642,0.43533978,0.0,0.4220969,0.0,0.40350518,0.54173976,0.58291364,0.0,0.0,0.0,0.56298465,0.0,0.0,0.0,0.45112514,0.0,0.21586573,0.46131355,0.0,0.0,0.40138832,0.28204426,0.0,0.54474974,0.0,0.0,0.0,0.0,0.5113264,0.34535483,0.0
1.4174525,1.6547307,0.0,1.3726434,0.0,1.1092807,1.3253095,1.3209581,0.0,0.0,0.0,1.4439712,0.0,0.0,0.0,1.5051577,0.0,1.5240256,1.445047,0.0,0.0,1.3176682,1.1481571,0.0,1.6286608,0.0,0.0,0.0,0.0,1.2925711,1.3760766,0.0
0.0,0.040547185,0.49316147,0.0,0.12522736,0.0,0.0,0.0,0.39568967,0.30564633,0.46376243,0.0,0.3916673,0.18547876,0.5226352,0.0,0.26437974,0.0,0.12734944,0.37073922,0.4485369,0.0,0.0,0.40220705,0.0,0.32798105,0.36379457,0.4267282,0.519302,0.0,0.0,0.21461272
0.0,0.0,1.307372,0.0,0.862051,0.0,0.0,0.0,1.5313859,1.437075,1.2882367,0.0,1.6603093,1.5633377,0.72663957,0.0,1.2400737,0.0,0.0,1.5032027,0.98731345,0.0,0.0,1.2633213,0.0,1.4690949,1.2263949,0.766767,1.4521253,0.0,0.0,1.6554395
0.0,0.0,0.35823306,0.0,0.19036284,0.0,0.0,0.043170482,0.1734446,0.16006193,0.43695062,0.0,0.2877612,0.0,0.25938,0.0,0.366235,0.0,0.0,0.18636617,0.27595818,0.0,0.0,0.4042088,0.0,0.3064686,0.18917084,0.25423774,0.35991037,0.0,0.0,0.1543129
1.1184088,1.2763246,0.0,1.1363546,0.0,1.1033787,1.2014704,1.1542593,0.0,0.0,0.0,1.3195039,0.0,0.0,0.0,1.2947977,0.0,1.5322562,1.2711121,0.0,0.0,1.2860012,1.33642,0.0,1.5113218,0.0,0.0,0.0,0.0,1.3543919,1.3175983,0.0
0.19870874,0.7081262,0.0,0.88144916,0.0,0.08578029,1.0510457,0.0,0.0,0.0,0.185633,0.76740533,0.0,0.19629306,0.0,0.6783651,0.0,0.15792356,0.9167829,0.22939578,0.0,0.9927287,0.36039948,0.0,0.57853985,0.0,0.0,0.0,0.042961072,0.8631521,0.5974893,0.0
1.4183015,1.5737439,0.0,1.4394295,0.0,1.0094445,1.3694986,1.2703418,0.0,0.0,0.0,1.4131718,0.0,0.0,0.0,1.5790116,0.0,1.3770818,1.5107434,0.0,0.0,1.2334033,1.2394291,0.0,1.630161,0.0,0.0,0.0,0.0,1.406346,1.3915548,0.0
0.0,0.0,1.8406179,0.0,0.6651393,0.0,0.0,0.0,1.4571759,1.379284,1.5127791,0.0,1.2276939,1.6886556,1.3159132,0.0,0.3768013,0.0,0.0,1.300869,0.19091721,0.0,0.0,0.79729444,0.0,1.874652,0.9016137,1.0749698,1.9406923,0.0,0.0,1.4157504
0.57032114,0.716555,0.0,0.83242154,0.0,0.6223293,0.8508399,0.74224895,0.0,0.0,0.0,0.8990782,0.0,0.0,0.0,0.840256,0.0,0.666816,0.8464319,0.0,0.0,0.83042353,0.7812232,0.0,0.9777808,0.0,0.0,0.0,0.0,0.8813805,0.5955908,0.0
1.211842,1.4013919,0.0,1.3569541,0.0,1.1380444,1.2716798,1.2799083,0.0,0.0,0.0,1.3437835,0.0,0.0,0.0,1.2500784,0.0,1.4808532,1.4138826,0.0,0.0,1.3051119,1.1286399,0.0,1.4850441,0.0,0.0,0.0,0.0,1.3346668,1.2903833,0.0
1.3258439,1.4969711,0.0,1.2663473,0.0,1.0026442,1.2656013,1.250158,0.0,0.0,0.0,1.3859138,0.0,0.0,0.0,1.4441166,0.0,1.3247777,1.4308541,0.0,0.0,1.1302229,1.1300688,0.0,1.4207382,0.0,0.0,0.0,0.0,1.3253555,1.2111443,0.0
0.24766096,0.30131584,0.0,0.548405,0.0,0.4553922,0.532257,0.4861256,0.0,0.0,0.0,0.45309556,0.0,0.0,0.0,0.5111249,0.0,0.30421495,0.51036376,0.0,0.0,0.42999536,0.31943536,0.0,0.53342795,0.0,0.0,0.0,0.0,0.4323339,0.29856712,0.0
0.0,0.0,0.48724473,0.0,0.0,0.0,0.0,0.0,0.5504945,0.5236539,0.43150464,0.0,0.76762104,0.574345,0.0,0.0,0.5947803,0.0,0.0,0.64783764,0.20358023,0.0,0.0,0.49837217,0.0,0.3420254,0.5135895,0.0115181655,0.5041869,0.0,0.0,0.5432199
0.0,0.0,1.1154965,0.0,1.0635711,0.0,0.0,0.0,0.9759889,0.944194,0.88484454,0.0,0.8070838,0.7017788,1.0194495,0.0,0.7480796,0.0,0.0,0.788099,0.93466306,0.0,0.0,0.9637697,0.0,1.0027568,0.7739446,1.1135836,0.91861314,0.0,0.0,0.74033076
0.50962526,0.6132779,0.0,0.55241364,0.0,0.6339142,0.6520474,0.71245956,0.0,0.0,0.0,0.6972123,0.0,0.0,0.0,0.6338553,0.0,0.42645058,0.75329655,0.0,0.0,0.4625168,0.47634664,0.0,0.6566647,0.0,0.0,0.0,0.0,0.6879776,0.492626,0.0
0.5123783,0.58879685,0.0,0.7188527,0.0,0.45969662,0.6982099,0.66634864,0.0,0.0,0.0,0.64880353,0.0,0.0,0.0,0.7683788,0.0,0.41622812,0.6703247,0.0,0.0,0.51342994,0.57701147,0.0,0.8800905,0.0,0.0,0.0,0.0,0.70422983,0.46130517,0.0
1.0828811,1.6298441,0.0,1.3400494,0.0,1.0722104,0.9785765,1.0843769,0.0,0.0,0.0,1.1304277,0.0,0.0,0.0,1.0829204,0.0,1.42125,1.377918,0.0,0.0,1.3848418,1.104529,0.0,1.5710931,0.0,0.0,0.0,0.0,1.2559432,1.0700568,0.0
0.2611621,0.4789095,0.0,0.34768054,0.0,0.47204965,0.45577073,0.4810325,0.0,0.0,0.0,0.600105,0.0,0.0,0.0,0.46296096,0.0,0.47846308,0.5447235,0.041828632,0.062358435,0.47038984,0.39972362,0.0,0.5238668,0.0,0.0,0.0,0.0,0.51029843,0.37338462,0.0
0.0,0.23388195,0.073193975,0.052105837,0.0,0.019040946,0.3121363,0.0,0.0,0.02301411,0.25545415,0.20871867,0.05501069,0.0,0.12850447,0.33401537,0.0,0.0,0.27379826,0.15721273,0.24077886,0.044308763,0.0,0.3246228,0.10140398,0.0,0.20859739,0.23396432,0.10844504,0.27840737,0.17512871,0.0
0.76226515,0.867961,0.0,0.99476105,0.0,0.72624487,0.9790062,0.79036117,0.0,0.0,0.0,0.9713818,0.0,0.0,0.0,0.90817285,0.0,0.6854752,0.99435186,0.0,0.0,0.86872303,0.85691535,0.0,1.1103048,0.0,0.0,0.0,0.0,1.025179,0.7131777,0.0
0.021730043,0.015079744,0.113663584,0.0,0.0,0.0,0.2889552,0.0,0.037464723,0.0,0.4208116,0.23872364,0.09258227,0.0,0.064722456,0.30517718,0.0,0.0,0.0,0.0,0.0848333,0.0,0.0,0.13125585,0.16122837,0.027826488,0.12544186,0.24189784,0.1301931,0.10738762,0.0644317,0.0
0.77329767,0.894984,0.0,1.0181066,0.0,0.7692864,0.9458285,0.86965805,0.0,0.0,0.0,0.90608245,0.0,0.0,0.0,0.8305206,0.0,0.63724035,1.0369065,0.0,0.0,0.87187356,0.78543437,0.0,1.0253774,0.0,0.0,0.0,0.0,0.8605778,0.68729436,0.0
0.6213951,0.66851574,0.0,0.8016999,0.0,0.6924296,0.93885076,0.84865654,0.0,0.0,0.0,0.87501574,0.0,0.0,0.0,0.8335856,0.0,0.7081852,0.91186744,0.0,0.0,0.7767588,0.8002939,0.0,0.92709947,0.0,0.0,0.0,0.0,0.81654245,0.5950739,0.0
0.46587723,0.48316237,0.0,0.5136264,0.0,0.46593466,0.6095157,0.72772914,0.0,0.0,0.0,0.58607763,0.0,0.0,0.0,0.63040173,0.0,0.27995032,0.54665846,0.0,0.0,0.32217184,0.34649158,0.0,0.6322478,0.0,0.0,0.0,0.0,0.4994537,0.36527106,0.0
1.0152546,1.6898781,0.0,1.3470874,0.0,0.6569146,1.6455133,0.0,0.0,0.0,0.0,1.4277631,0.0,0.0,0.0,1.3827647,0.0,1.0995405,1.5641007,0.0,0.0,1.5774331,0.9950162,0.0,1.19164,0.0,0.0,0.0,0.0,1.4738083,1.3630112,0.0
1.0746584,1.6095409,0.0,1.451105,0.0,1.1029602,1.1125098,1.1056942,0.0,0.0,0.0,1.2278836,0.0,0.0,0.0,1.2609642,0.0,1.3264358,1.2927216,0.0,0.0,1.3748883,1.2522186,0.0,1.5470251,0.0,0.0,0.0,0.0,1.4200237,1.2232637,0.0
1.1077272,1.1811712,0.0,1.3713473,0.0,0.94998604,1.2499428,1.0778992,0.0,0.0,0.0,1.2035542,0.0,0.0,0.0,1.125468,0.0,0.83910173,1.2294204,0.0,0.0,1.1064215,0.9064386,0.0,1.4433621,0.0,0.0,0.0,0.0,1.2202815,0.9492907,0.0
0.0,0.0,1.0363902,0.0,1.1734564,0.0,0.0,0.0,0.98698944,0.79563653,0.90813506,0.0,0.8466886,0.90887266,1.2516875,0.0,1.0658079,0.0,0.0,1.1918333,0.9333147,0.0,0.0,0.75390553,0.0,0.8842728,0.9514845,1.1631994,0.86848754,0.0,0.0,0.6709826
0.44961023,1.1294197,0.0,0.76176715,0.0,1.1885341,1.0203803,0.8965874,0.0,0.0,0.0,0.8723603,0.0,0.0,0.0,1.0846838,0.0,0.736473,0.84765,0.0,0.0,0.561693,0.91978824,0.0,0.4163524,0.0,0.0,0.0,0.0,1.1163323,0.94009995,0.0
0.25428024,0.3546501,0.0,0.3923218,0.0,0.74504584,0.69512165,0.4762088,0.0,0.0,0.0,0.7924112,0.0,0.0,0.0,0.46250045,0.0,0.35554448,0.6885796,0.0,0.0,0.550749,0.51651084,0.0,0.5103488,0.0,0.0,0.0,0.0,0.555869,0.6498308,0.0
0.49394006,0.53665346,0.0,0.76761585,0.0,0.42230597,0.7824307,0.79738605,0.0,0.0,0.0,0.63541204,0.0,0.0,0.0,0.73156875,0.0,0.47506875,0.7047235,0.0,0.0,0.49237847,0.46073693,0.0,0.75684315,0.0,0.0,0.0,0.0,0.64907247,0.2949892,0.0
1.278551,1.3393686,0.0,1.349523,0.0,1.1542772,1.7474849,0.35835114,0.0,0.0,0.0,1.7706681,0.0,0.0,0.0,1.040201,0.0,1.5553244,1.5050755,0.0,0.0,1.6939412,1.2168869,0.0,1.082428,0.0,0.0,0.0,0.0,1.4516128,1.4521388,0.0
0.7913538,1.5111977,0.0,1.0755069,0.0,1.6402072,1.5544157,0.0,0.0,0.0,0.0,1.5823104,0.0,0.0,0.0,0.97566867,0.0,1.6426307,1.4816191,0.0,0.0,1.9436913,1.5999026,0.0,1.1794008,0.0,0.0,0.0,0.0,1.474507,1.5188813,0.0
0.67418367,0.8262226,0.0,0.97774225,0.0,0.8137279,0.9194515,0.7081335,0.0,0.0,0.0,0.9594826,0.0,0.0,0.0,0.9360626,0.0,0.79721946,0.94759053,0.0,0.0,0.89312446,0.85594344,0.0,1.0870665,0.0,0.0,0.0,0.0,0.9077076,0.7068071,0.0
1.0772626,1.3678724,0.0,1.2231764,0.0,1.0901169,1.173726,1.2131299,0.0,0.0,0.0,1.2898862,0.0,0.0,0.0,1.1908787,0.0,1.4655527,1.3280916,0.0,0.0,1.2490947,1.0501734,0.0,1.4216822,0.0,0.0,0.0,0.0,1.2646573,1.1518774,0.0
0.0,0.0,0.8014462,0.0,0.59828913,0.0,0.0,0.0,0.71105736,0.66605675,0.6953099,0.0,0.5560447,0.7454802,1.0905797,0.0,0.91821736,0.0,0.0,0.7589872,1.1322066,0.0,0.0,0.93276155,0.0,0.44119585,0.959949,0.93730724,0.63125885,0.0,0.0,0.37881798
0.2585721,0.17112717,0.0,0.24116221,0.0,0.21310952,0.26062137,0.45680118,0.0,0.0,0.010436781,0.20311722,0.0,0.0,0.0,0.42326772,0.0,0.024149094,0.27522084,0.0,0.0,0.010881823,0.027762495,0.0,0.37123942,0.0,0.0,0.0,0.0,0.15559077,0.16760541,0.0
1.0417742,0.60147065,0.0,0.77531755,0.0,1.458203,0.9831121,0.80326575,0.0,0.0,0.0,1.1324428,0.0,0.0,0.0,0.89772016,0.0,1.4215416,1.0564362,0.0,0.0,1.0420814,0.87917256,0.0,1.2266282,0.0,0.0,0.0,0.0,0.9851474,0.8514505,0.0
0.6013485,0.63414913,0.0,0.6667615,0.0,0.5661052,0.6333267,0.71330804,0.0,0.0,0.0,0.7123273,0.0,0.0,0.0,0.6784476,0.0,0.53352356,0.7116508,0.0,0.0,0.535821,0.4147378,0.0,0.69910324,0.0,0.0,0.0,0.0,0.51744163,0.48089725,0.0
0.036400866,0.0,0.20719263,0.0,0.0,0.0,0.0,0.2865094,0.0,0.12916158,0.24731103,0.0,0.03903199,0.0,0.2533487,0.057837397,0.0,0.0,0.13594401,0.0,0.29897815,0.0,0.0,0.30305555,0.0,0.0,0.22495079,0.2609012,0.03544779,0.0,0.0,0.0
0.37078255,0.5709978,0.0,0.6613925,0.0,0.48153654,0.53184676,0.56027913,0.0,0.0,0.0,0.53962815,0.0,0.0,0.0,0.6534283,0.0,0.46673828,0.54828024,0.0,0.0,0.4109057,0.6313708,0.0,0.7031337,0.0,0.0,0.0,0.0,0.68965673,0.30445746,0.0
0.084812604,0.34287596,0.0,0.34051692,0.0,0.37326068,0.16277921,0.49232963,0.076912954,0.059043087,0.049172256,0.39555663,0.0,0.0,0.29459935,0.025681503,0.0,0.16120909,0.48005325,0.30451196,0.0,0.21490376,0.3385028,0.0,0.12264955,0.12240483,0.00572931,0.28266996,0.105568066,0.34511435,0.048331562,0.0
0.63067764,0.71889764,0.0,0.8528884,0.0,0.68767625,0.90241593,0.9126664,0.0,0.0,0.0,0.87042,0.0,0.0,0.0,0.8778294,0.0,0.58323073,0.88639283,0.0,0.0,0.6551819,0.6960634,0.0,0.95410115,0.0,0.0,0.0,0.0,0.8309168,0.65342474,0.0
0.0,0.0,2.2585874,0.0,0.9576341,0.0,0.0,0.0,1.7962915,2.3443685,1.4839672,0.0,2.2429848,1.9636848,1.8369769,0.0,0.2829213,0.0,0.0,1.4341147,0.4509128,0.0,0.0,0.70517355,0.0,2.5636163,2.196216,1.8566909,1.688505,0.0,0.0,2.5849319
0.0,0.0,0.44051224,0.0,0.06954493,0.0,0.0,0.15953453,0.45790702,0.40576982,0.47098413,0.0,0.16329372,0.024194345,0.49912706,0.0,0.2302053,0.0,0.0,0.30246052,0.41769323,0.0,0.0,0.60324675,0.0,0.12923343,0.5368669,0.56730074,0.56152725,0.0,0.0,0.11438868
0.1581349,0.18895593,0.008082479,0.22112224,0.0,0.30893195,0.2330695,0.28225198,0.0,0.0,0.0,0.2802843,0.10713959,0.18118754,0.0,0.17788818,0.26167396,0.124679714,0.3503204,0.041620012,0.153357,0.22470579,0.01685144,0.08695606,0.18486372,0.0,0.09466677,0.0,0.0,0.15701367,0.26962316,0.0
0.0,0.0,0.3903186,0.0,0.0,0.0,0.0,0.0,0.25237334,0.38659564,0.27914655,0.0,0.43691903,0.4097217,0.068618655,0.0,0.440604,0.0,0.0,0.49279705,0.19822115,0.0,0.0,0.37209353,0.0,0.2189235,0.32331955,0.03963109,0.21306959,0.0,0.0,0.27703416
0.0,0.0,0.22326575,0.0,0.0,0.0,0.0,0.015835956,0.0,0.06415307,0.20527011,0.0,0.25791264,0.0,0.0,0.041565187,0.19060421,0.0,0.0,0.07315124,0.14978664,0.0,0.0,0.33270076,0.0,0.0365839,0.17138815,0.0,0.1534074,0.0,0.0,0.16702518
0.0,0.22837523,0.50118715,0.0,0.0,0.0,0.08984864,0.0,0.43643814,0.19443107,0.8147267,0.0,0.38114983,0.0,0.68060184,0.06529431,0.08150107,0.0,0.28890225,0.42490157,0.45112458,0.0,0.0,0.57621527,0.0,0.4261183,0.37634444,0.62233424,0.67091495,0.0,0.0,0.05305982
0.0,0.0,0.7739266,0.0,0.30429393,0.0,0.0,0.0,0.80768234,0.64814514,0.6632589,0.0,0.8637009,0.58924174,0.3315491,0.0,0.51784974,0.0,0.0,0.796865,0.35446167,0.0,0.0,0.66173166,0.0,0.70315164,0.5417869,0.56405723,0.86048526,0.0,0.0,0.64860743
1.0650471,1.4526598,0.0,1.2051737,0.0,0.8456056,0.7354353,1.0995785,0.0,0.0,0.0,0.982402,0.0,0.0,0.0,1.0460867,0.0,1.1768427,1.1885041,0.0,0.0,0.91030794,0.8215724,0.0,1.3974987,0.0,0.0,0.0,0.0,1.1706792,0.7676847,0.0
0.0,0.0,0.43534034,0.0,0.25031745,0.0,0.0,0.0,0.3205741,0.15767214,0.45220572,0.0,0.43766278,0.22738257,0.36208034,0.0,0.48892894,0.0,0.0011639073,0.42054996,0.3784162,0.0,0.0,0.5039782,0.0,0.35172898,0.2137879,0.3420732,0.4226247,0.0,0.046289288,0.20328346
0.0,0.0,0.41493374,0.0,0.022622867,0.0,0.0,0.0,0.19228393,0.1647242,0.45690262,0.0,0.37843144,0.0,0.109430306,0.0021488294,0.30629182,0.0,0.0,0.1480382,0.1917405,0.0,0.0,0.40449604,0.0,0.23491289,0.26948488,0.12715021,0.39605042,0.0,0.0,0.20622021
0.0,0.0,0.30154794,0.037757885,0.0,0.031350385,0.04448025,0.1510359,0.0,0.0,0.20659804,0.037172485,0.28832018,0.0,0.15248412,0.1379352,0.13533477,0.0,0.072870776,0.23436779,0.119492024,0.0,0.0,0.14571947,0.05873228,0.0,0.27858162,0.054342523,0.21084417,0.0,0.0,0.13839394
0.737643,0.7627575,0.0,0.78577137,0.0,0.8274256,0.8174725,0.79950744,0.0,0.0,0.0,0.9876673,0.0,0.0,0.0,0.78470457,0.0,0.7753095,0.9216724,0.0,0.0,0.7120927,0.6972072,0.0,0.9152859,0.0,0.0,0.0,0.0,0.7948275,0.69411826,0.0
0.3047651,0.32277367,0.0,0.361492,0.0,0.4587132,0.39666831,0.54950917,0.0,0.0,0.0,0.43053722,0.0,0.0,0.0,0.4770612,0.0,0.219257,0.6174416,0.0,0.0,0.2892208,0.25348043,0.0,0.48795205,0.0,0.0,0.0,0.0,0.42706552,0.38852924,0.0
0.38357145,0.61672765,0.0,0.66957265,0.0,0.52834535,0.7108379,0.54622924,0.0,0.0,0.0,0.69290406,0.0,0.0,0.0,0.7022186,0.0,0.4920543,0.65902793,0.0,0.0,0.57975256,0.67655945,0.0,0.7441533,0.0,0.0,0.0,0.0,0.7361562,0.5016727,0.0
0.99354494,1.3148645,0.0,1.1830587,0.0,1.0902348,1.1490002,1.0693786,0.0,0.0,0.0,1.2187624,0.0,0.0,0.0,1.1497704,0.0,1.4380195,1.2875059,0.0,0.0,1.2224377,1.1490527,0.0,1.380801,0.0,0.0,0.0,0.0,1.337181,1.175887,0.0
1.03718,0.6889341,0.0,0.7302418,0.0,0.81583047,0.89639306,1.0700684,0.0,0.0,0.0,1.2850648,0.0,0.0,0.0,0.7957843,0.0,1.2036595,0.8759909,0.0,0.0,1.2187598,0.74542737,0.0,1.1271279,0.0,0.0,0.0,0.0,0.89789826,0.98501354,0.0
0.5249807,0.69302124,0.0,0.6881218,0.0,0.664856,0.7925426,0.75575775,0.0,0.0,0.0,0.8904923,0.0,0.0,0.0,0.729088,0.0,0.5320195,0.78712356,0.0,0.0,0.6814792,0.6696254,0.0,0.8669621,0.0,0.0,0.0,0.0,0.8019587,0.6784202,0.0
0.0,0.0,1.8866707,0.0,1.3551362,0.0,0.0,0.0,1.467922,1.6220874,1.6186562,0.0,1.208651,1.1425115,2.3042088,0.0,1.9220222,0.0,0.0,1.5103366,1.2162735,0.0,0.0,2.0911624,0.0,2.1393027,1.5277053,2.4945688,1.4533757,0.0,0.0,1.1972543
1.0110314,1.1719736,0.0,1.3085389,0.0,1.2869326,1.42048,1.0670946,0.0,0.0,0.0,1.0346949,0.0,0.0,0.0,1.3392323,0.0,1.0308884,1.1240287,0.0,0.0,1.148379,1.0769701,0.0,1.4479088,0.0,0.0,0.0,0.0,1.3984985,1.0423892,0.0
0.0,0.0,1.2355957,0.0,0.7890947,0.0,0.0,0.0,0.9669731,0.8806098,0.97663265,0.0,1.0661632,0.779076,1.2197978,0.0,1.0743314,0.0,0.0,1.031818,1.0411725,0.0,0.0,1.1278809,0.0,0.86022466,1.2797259,1.1472049,0.9023785,0.0,0.0,0.9493996
0.825533,1.4469316,0.0,0.9503966,0.0,1.1375659,1.0204897,0.9185027,0.0,0.0,0.0,0.9095239,0.0,0.0,0.0,0.95025194,0.0,1.1222677,1.0868437,0.0,0.0,1.060439,1.2174308,0.0,1.1354102,0.0,0.0,0.0,0.0,1.1405275,0.96617734,0.0
1.2534144,1.3461782,0.0,1.213375,0.0,1.3922522,1.3528148,1.2718328,0.0,0.0,0.0,1.3882409,0.0,0.0,0.0,1.2872688,0.0,1.4771348,1.4707723,0.0,0.0,1.2265623,1.1353647,0.0,1.4485537,0.0,0.0,0.0,0.0,1.241131,1.1964107,0.0
1.0964254,1.12158,0.0,0.85007215,0.0,1.1219934,1.0130867,1.0869067,0.0,0.0,0.0,1.1245877,0.0,0.0,0.0,1.0619956,0.0,1.2838428,1.1629603,0.0,0.0,0.81645393,1.0101715,0.0,1.0847406,0.0,0.0,0.0,0.0,0.96688306,1.0859427,0.0
1.2705787,1.4039515,0.0,1.1948136,0.0,0.93348986,1.2324555,1.253744,0.0,0.0,0.0,1.3082781,0.0,0.0,0.0,1.4437888,0.0,1.2050555,1.3514109,0.0,0.0,0.9767825,1.1372938,0.0,1.2735868,0.0,0.0,0.0,0.0,1.2323376,1.223667,0.0
1.1682268,1.4863232,0.0,1.2975129,0.0,1.0140078,1.2651768,1.2585444,0.0,0.0,0.0,1.3203366,0.0,0.0,0.0,1.4571801,0.0,1.2383559,1.4171875,0.0,0.0,1.1554006,1.1684616,0.0,1.3724623,0.0,0.0,0.0,0.0,1.2964569,1.144787,0.0
0.8604996,1.1942182,0.0,0.89843386,0.0,1.076159,0.7446949,0.90524584,0.0,0.0,0.0,1.0561184,0.0,0.0,0.0,1.0298902,0.0,0.9724136,0.92352134,0.0,0.0,1.2467786,1.3195872,0.0,1.3691665,0.0,0.0,0.0,0.0,1.1727237,0.9766109,0.0
0.1285694,0.5539973,0.0,0.5031126,0.0,0.40462062,0.44832516,0.35675296,0.0,0.0,0.0,0.35282147,0.0,0.0,0.0,0.30556834,0.0,0.14965454,0.5947002,0.0,0.0,0.45492676,0.32904965,0.0,0.38176292,0.0,0.0,0.0,0.0,0.4760759,0.32842943,0.0
1.085083,1.1526912,0.0,1.0453236,0.0,0.8457711,0.9176117,1.0209968,0.0,0.0,0.0,0.93141615,0.0,0.0,0.0,0.9480626,0.0,1.1060016,1.0573267,0.0,0.0,0.9858575,0.8659278,0.0,1.2816792,0.0,0.0,0.0,0.0,1.004739,0.8067983,0.0
0.52296305,0.69820064,0.0,0.78472143,0.0,0.49512362,0.8300267,0.7447287,0.0,0.0,0.0,0.81800485,0.0,0.0,0.0,0.73155296,0.0,0.58248156,0.8359377,0.0,0.0,0.75194603,0.7509271,0.0,0.92439526,0.0,0.0,0.0,0.0,0.8318612,0.5049772,0.0
1.3265944,1.5065664,0.0,1.2886748,0.0,1.0053408,0.9630723,1.3631953,0.0,0.0,0.0,1.2343314,0.0,0.0,0.0,1.2302784,0.0,1.370462,1.4449034,0.0,0.0,1.0377386,1.0569704,0.0,1.4397709,0.0,0.0,0.0,0.0,1.2174853,1.2261194,0.0
1.1437286,1.4594402,0.0,1.159967,0.0,1.0727755,0.9922905,1.2470158,0.0,0.0,0.0,1.1313401,0.0,0.0,0.0,1.18111,0.0,1.3682724,1.4547244,0.0,0.0,1.1887802,1.147523,0.0,1.4841142,0.0,0.0,0.0,0.0,1.2390621,1.1708825,0.0
1.2706562,1.4265391,0.0,1.2050579,0.0,0.8863469,0.9099974,1.3449624,0.0,0.0,0.0,1.1768944,0.0,0.0,0.0,1.1871835,0.0,1.2948576,1.3778658,0.0,0.0,0.94263816,0.9900849,0.0,1.3475138,0.0,0.0,0.0,0.0,1.1367682,1.1850595,0.0
0.0,0.0,0.5562001,0.0,0.42913806,0.0,0.0,0.017260823,0.39574146,0.31563357,0.6916063,0.0,0.38910633,0.06867593,0.6406137,0.0,0.5169497,0.0,0.0,0.3296567,0.53798455,0.0,0.0,0.6262623,0.0,0.42297697,0.45550728,0.63455737,0.5609503,0.0,0.0,0.19996396
0.0,0.0,2.025123,0.0,0.46333236,0.0,0.0,0.0,1.383288,2.1467948,1.1878103,0.0,1.9519,1.6788952,1.3092946,0.0,0.042627573,0.0,0.0,1.2807865,0.3148922,0.0,0.0,0.48618075,0.0,2.4225812,1.7599703,1.1430985,1.4464877,0.0,0.0,2.1122372
0.7309475,0.81983364,0.0,0.99153394,0.0,0.69280475,0.9059209,0.70995355,0.0,0.0,0.0,0.9559712,0.0,0.0,0.0,0.8279513,0.0,0.6012871,0.9279786,0.0,0.0,0.86062205,0.88563573,0.0,1.0770216,0.0,0.0,0.0,0.0,0.964616,0.7048039,0.0
1.0840113,1.398387,0.0,1.2303628,0.0,0.7632355,0.9829512,1.1172767,0.0,0.0,0.0,1.1017613,0.0,0.0,0.0,1.2982336,0.0,1.1444454,1.1687766,0.0,0.0,0.8184811,0.98612523,0.0,1.1694868,0.0,0.0,0.0,0.0,1.1226677,1.0341685,0.0
0.40457428,0.49151105,0.0,0.4347837,0.0,0.4268865,0.44602227,0.6754914,0.0,0.0,0.0,0.41194594,0.0,0.0,0.0,0.5893837,0.0,0.27601606,0.5707093,0.0,0.0,0.23660184,0.31917498,0.0,0.56113374,0.0,0.0,0.0,0.0,0.42349005,0.42001104,0.0
1.3131717,1.5799692,0.0,1.2963966,0.0,0.90238947,1.2631596,1.2780168,0.0,0.0,0.0,1.3891684,0.0,0.0,0.0,1.4794735,0.0,1.3615234,1.349826,0.0,0.0,1.1788195,1.094083,0.0,1.4600055,0.0,0.0,0.0,0.0,1.2346708,1.2709233,0.0
0.5871335,0.86595285,0.0,0.8675285,0.0,0.7402305,0.75642574,0.53354466,0.0,0.0,0.0,0.8207483,0.0,0.0,0.0,0.7593185,0.0,0.66154116,0.94685507,0.0,0.0,0.8188485,0.7649993,0.0,0.9420324,0.0,0.0,0.0,0.0,0.92898697,0.6916539,0.0
0.1660794,0.17754966,0.0,0.3738717,0.0,0.21833435,0.37046057,0.36136973,0.0,0.0,0.0007093325,0.3044172,0.0,0.0,0.0,0.3273472,0.0,0.0,0.21342644,0.0,0.0,0.18319656,0.118445806,0.0,0.4043845,0.0,0.0,0.0,0.0,0.32100892,0.1274795,0.0
1.1691339,1.3978766,0.0,1.3123796,0.0,1.147935,1.2458882,1.2511151,0.0,0.0,0.0,1.3051903,0.0,0.0,0.0,1.220889,0.0,1.475738,1.4057907,0.0,0.0,1.302376,1.122809,0.0,1.4696175,0.0,0.0,0.0,0.0,1.3498174,1.2486978,0.0
1.0621107,1.3403085,0.0,1.1834853,0.0,0.8763023,0.9394399,1.1603441,0.0,0.0,0.0,1.0731913,0.0,0.0,0.0,1.0666093,0.0,1.1495007,1.2968826,0.0,0.0,1.0107356,1.0411245,0.0,1.359307,0.0,0.0,0.0,0.0,1.1877161,0.94319546,0.0
0.0,0.0,0.32354534,0.0,0.0,0.0,0.0,0.120044924,0.1130217,0.3793432,0.189468,0.0,0.3193233,0.26531085,0.10827649,0.005063474,0.17139006,0.0,0.0,0.36757907,0.1268213,0.0,0.0,0.35209823,0.02633322,0.12918445,0.27789164,0.13157678,0.0933917,0.0,0.0,0.22217357
0.0,0.0,1.7421993,0.0,0.75094384,0.0,0.0,0.0,1.1937451,1.6296828,1.0186595,0.0,1.7584714,1.3481336,1.2442834,0.0,0.04315643,0.0,0.0,1.1516874,0.44046503,0.0,0.0,0.22295845,0.0,1.9873893,1.6211178,1.3264117,1.6240627,0.0,0.0,1.9303514
0.60263014,0.7462074,0.0,0.91630614,0.0,0.79552937,0.8849693,0.7569551,0.0,0.0,0.0,0.9685621,0.0,0.0,0.0,0.856885,0.0,0.7170847,0.91207725,0.0,0.0,0.88024056,0.71468914,0.0,1.0598261,0.0,0.0,0.0,0.0,0.8243964,0.69847274,0.0
0.42832428,0.69793683,0.0,0.6767834,0.0,0.624014,0.5618077,0.41650572,0.0,0.0,0.0,0.59960586,0.0,0.0,0.0,0.64863914,0.0,0.42528653,0.69602,0.0,0.0,0.47124898,0.48189664,0.0,0.6984655,0.0,0.0,0.0,0.0,0.7459738,0.43258905,0.0
0.0,0.0,0.15459499,0.0,0.0,0.20354755,0.015177973,0.0,0.0,0.0,0.2579657,0.0,0.30528873,0.16760944,0.033796154,0.0,0.0,0.15368263,0.21386161,0.2585995,0.1931026,0.030929869,0.14792466,0.0,0.046483994,0.017713435,0.08287433,0.0,0.21969005,0.0642813,0.062720105,0.172762
0.9167064,1.0928112,0.0,1.2053885,0.0,0.9541458,1.0525229,0.8861084,0.0,0.0,0.0,1.1423627,0.0,0.0,0.0,0.9458192,0.0,0.84593785,1.1430994,0.0,0.0,1.09191,0.80833995,0.0,1.2732719,0.0,0.0,0.0,0.0,1.009933,0.81520367,0.0
0.05947161,0.7153534,0.12234357,0.6152175,0.0,0.118438095,1.0884093,0.0,0.06674912,0.0,0.28448743,0.83561945,0.0,0.07160896,0.0,0.6096033,0.0,0.11153683,0.7087249,0.3036557,0.0,0.9554524,0.30224472,0.0,0.2965042,0.08024935,0.0,0.0,0.40213135,0.84824127,0.45252857,0.0
0.36325395,0.317693,0.0,0.38032734,0.0,0.8677775,0.37895286,0.51858985,0.0,0.0,0.0,0.44170666,0.0,0.0,0.088420965,0.14618517,0.0,0.6621798,0.45322186,0.1489391,0.0,0.46877494,0.576681,0.0,0.5762225,0.0,0.0,0.0,0.0,0.6016078,0.3746818,0.061454576
0.0006910823,0.28190792,0.015010089,0.4428642,0.0,0.0,0.58906764,0.0,0.0,0.0008777827,0.4254123,0.24013026,0.0,0.057614584,0.0,0.4085667,0.0,0.0,0.62497795,0.21554163,0.0,0.45811695,0.0,0.12527323,0.18091315,0.024520084,0.0,0.0,0.25136498,0.3924674,0.3084187,0.0
0.4722733,0.6383593,0.0,0.72974426,0.0,0.5007426,0.7957025,0.7055329,0.0,0.0,0.0,0.832767,0.0,0.0,0.0,0.7389743,0.0,0.43535733,0.66362506,0.0,0.0,0.64675426,0.6755563,0.0,0.81755304,0.0,0.0,0.0,0.0,0.8351645,0.50114155,0.0
0.2941075,0.37493795,0.0,0.4359241,0.0,0.3373576,0.38686264,0.3856736,0.0,0.0,0.0,0.4580527,0.0,0.0,0.0,0.5036286,0.0,0.2232524,0.34700066,0.0,0.0,0.29180318,0.26821902,0.0,0.60233253,0.0,0.0,0.0,0.0,0.31234795,0.28415847,0.0
0.9433969,1.0305294,0.0,1.0390215,0.0,0.6815931,0.88436264,0.9614033,0.0,0.0,0.0,0.7818477,0.0,0.0,0.0,1.2088647,0.0,0.93987006,0.88169163,0.0,0.0,0.67134506,0.7713522,0.0,1.1519223,0.0,0.0,0.0,0.0,0.981526,0.63577944,0.0
0.4099006,0.49357402,0.0,0.51149905,0.0,0.4108288,0.49230444,0.6140721,0.0,0.0,0.0,0.54835755,0.0,0.0,0.0,0.58908087,0.0,0.4377317,0.5263629,0.0,0.0,0.37522644,0.5144753,0.0,0.6312992,0.0,0.0,0.0,0.0,0.60229516,0.35329863,0.0
0.0,0.28654405,0.0031560212,0.0,0.0,0.39023647,0.20015226,0.3501538,0.0,0.0,0.0,0.17991742,0.0,0.0,0.0,0.05238092,0.0,0.013689082,0.4230458,0.0,0.0,0.22191726,0.22331391,0.08775162,0.10780324,0.0,0.16411439,0.0,0.17156193,0.27566957,0.06371401,0.0
0.19815247,0.28134856,0.0,0.44993713,0.0,0.41722006,0.49111784,0.44506773,0.0,0.0,0.0,0.49103308,0.013673529,0.0,0.0,0.41513723,0.0,0.26461524,0.64880866,0.0,0.0,0.44641647,0.21861215,0.0,0.42916352,0.0,0.0,0.0,0.0,0.37355512,0.41603765,0.0
0.36259693,0.730207,0.0,0.6176148,0.0,0.49423218,0.5201031,0.45762625,0.0,0.0,0.0,0.63254386,0.0,0.0,0.0,0.44546592,0.0,0.2672857,0.7521488,0.0,0.0,0.54112583,0.5866877,0.0,0.6115672,0.0,0.0,0.0,0.0,0.7855753,0.43597388,0.0
0.030465484,0.0,0.0,0.0,0.0,0.75554216,0.0,0.22251324,0.0,0.0,0.27620333,0.08552523,0.13214651,0.39012188,0.01993519,0.0,0.42612424,0.0,0.14713281,0.0,1.0014833,0.06983462,0.6281928,0.0,0.0,0.0,0.32255548,0.1396789,0.03713651,7.0780516e-05,0.48812366,0.45290405
0.4367804,0.656063,0.0,0.75361043,0.0,0.57814336,0.593997,0.5530789,0.0,0.0,0.0,0.66705745,0.0,0.0,0.0,0.6382505,0.0,0.59413296,0.7102035,0.0,0.0,0.7186278,0.81773007,0.0,0.8866185,0.0,0.0,0.0,0.0,0.7812829,0.39606413,0.0
0.0,0.26024315,0.035190206,0.3521223,0.0,0.28764144,0.2545334,0.24623798,0.0,0.0,0.0,0.16468674,0.010820486,0.0,0.01509805,0.5151869,0.0,0.13330792,0.2958428,0.0,0.0,0.063990295,0.1678255,0.0,0.31489265,0.0,0.0,0.0,0.0,0.21711141,0.045714825,0.0
0.19351706,0.20049316,0.0,0.4214064,0.0,0.3696679,0.41579056,0.5370539,0.0,0.0,0.0,0.38975936,0.0,0.0,0.0,0.48103434,0.0,0.19281903,0.4473546,0.0,0.0,0.28182352,0.21178365,0.0,0.47149688,0.0,0.0,0.0,0.0,0.2771153,0.26051372,0.0
0.16884731,0.34903514,0.0,0.39081353,0.0,0.33372906,0.6870147,0.0,0.0,0.0,0.13649045,0.6355319,0.0,0.0,0.0,0.51609653,0.0,0.2023848,0.7742982,0.0,0.0,0.5936385,0.20637134,0.0,0.31227916,0.0,0.0,0.0,0.0,0.45615602,0.5748172,0.0
0.0,0.0,0.75648,0.0,0.53541213,0.0,0.0,0.0,0.48666292,0.6876529,0.61571074,0.0,0.58218557,0.30518234,0.94034153,0.0,0.48144704,0.0,0.0,0.74549454,0.9153044,0.0,0.0,1.1971655,0.0,0.37691724,0.7760399,0.85871685,0.5157263,0.0,0.0,0.41319418
0.33557963,0.59878355,0.0,0.49919942,0.0,0.32583976,0.93381816,0.0,0.0,0.0,0.14070159,0.7540906,0.0,0.084062256,0.0,0.57790285,0.0,0.20961896,0.7627513,0.0,0.0,0.7910075,0.42667532,0.0,0.49445903,0.0,0.0,0.0,0.017916515,0.8371453,0.5148684,0.0
0.20631236,0.38068292,0.0,0.31245998,0.0,0.53919584,0.475644,0.55199724,0.0,0.0,0.0,0.3754604,0.0,0.0,0.0,0.33633578,0.0,0.3879544,0.5585124,0.0,0.0,0.32200238,0.38486552,0.0,0.48407793,0.0,0.0,0.0,0.0,0.53028613,0.31077382,0.0
0.573167,0.658032,0.0,0.74617845,0.0,0.67451966,0.8388379,0.7674928,0.0,0.0,0.0,0.83481985,0.0,0.0,0.0,0.7725949,0.0,0.5933382,0.8707407,0.0,0.0,0.67747045,0.6725135,0.0,0.82986015,0.0,0.0,0.0,0.0,0.74835855,0.615891,0.0
0.0,0.083271235,0.42073238,0.0,0.34359515,0.0,0.0,0.2773255,0.40010315,0.31226417,0.6709566,0.0,0.32303882,0.0,0.71097463,0.0,0.40637523,0.0,0.010219872,0.44232425,0.56591403,0.0,0.06887901,0.3557508,0.0,0.30866644,0.27078182,0.59243464,0.49906415,0.0,0.0,0.0
1.0201503,1.2982728,0.0,1.0803974,0.0,1.5910796,1.3690654,1.0042993,0.0,0.0,0.0,0.9861743,0.0,0.0,0.0,1.0936033,0.0,0.9109215,0.8185459,0.0,0.0,1.0650002,1.1612465,0.0,1.2088215,0.0,0.0,0.0,0.0,1.4415401,0.8430253,0.0
0.0,0.475682,0.03537563,0.31239444,0.0,0.51579064,0.25483227,0.3961169,0.0,0.0,0.0,0.26872528,0.0,0.0,0.03383784,0.36402148,0.0,0.21756065,0.55285746,0.0,0.0,0.36035037,0.5322217,0.0,0.30345467,0.0,0.0,0.0,0.0,0.44869077,0.27678934,0.0
0.42924476,0.4626955,0.0,0.43758428,0.0,0.4260395,0.54547405,0.6507661,0.0,0.0,0.0,0.5870762,0.0,0.0,0.0,0.54676354,0.0,0.30101636,0.57667226,0.0,0.0,0.34832725,0.31159118,0.0,0.5934697,0.0,0.0,0.0,0.0,0.50028265,0.4044294,0.0
0.41921848,0.5663712,0.0,0.5791762,0.0,0.5936545,0.68623835,0.6747801,0.0,0.0,0.0,0.6849866,0.0,0.0,0.0,0.70755684,0.0,0.5585983,0.6569221,0.0,0.0,0.61405754,0.52958256,0.0,0.7919367,0.0,0.0,0.0,0.0,0.57552844,0.43760222,0.0
0.095417365,0.19881392,0.0,0.26152757,0.0,0.11633465,0.2337775,0.45812172,0.0,0.009209722,0.0,0.16057494,0.0,0.0,0.0,0.31527525,0.0,0.0917873,0.25712886,0.0,0.0,0.008935094,0.22416495,0.0,0.27111664,0.0,0.080250084,0.0,0.0,0.21132004,0.0350125,0.0
0.6446528,0.80546445,0.0,0.87917376,0.0,0.7925983,0.93245494,0.8048129,0.0,0.0,0.0,0.9949123,0.0,0.0,0.0,0.8876173,0.0,0.67610604,0.912408,0.0,0.0,0.81105816,0.7790178,0.0,1.0650327,0.0,0.0,0.0,0.0,0.9291304,0.7483448,0.0
0.83937615,0.6874284,0.0,0.8808845,0.0,1.1377001,0.8292413,1.0410994,0.0,0.0,0.0,0.9444592,0.0,0.0,0.0,0.6636888,0.0,1.1576661,1.1751083,0.0,0.0,1.0538706,0.6435083,0.0,1.1890119,0.0,0.0,0.0,0.0,0.7328191,0.70835954,0.0
0.0,0.014747597,0.54167384,0.0,0.0,0.0302535,0.0,0.0,0.55843365,0.3301032,0.46890557,0.0,0.49791282,0.51217973,0.27360806,0.0,0.6280074,0.0,0.08727482,0.56861275,0.35710564,0.0,0.0,0.39233533,0.0,0.41369158,0.3811183,0.19596934,0.51840675,0.03310452,0.0,0.2760993
0.423118,0.5342383,0.0,0.57002294,0.0,0.5334295,0.58048517,0.6312951,0.0,0.0,0.0,0.60019827,0.0,0.0,0.0,0.62578267,0.0,0.4355805,0.67195565,0.0,0.0,0.4032634,0.46754503,0.0,0.6570879,0.0,0.0,0.0,0.0,0.5876444,0.49747914,0.0
0.45874465,0.6900992,0.0,0.7586705,0.0,0.17847483,1.0156995,0.0,0.0,0.0,0.0,0.77656746,0.0,0.0,0.0,0.7690304,0.0,0.15908948,0.9339524,0.0,0.0,0.8064907,0.3745776,0.0,0.6130413,0.0,0.0,0.0,0.0,0.752766,0.5141941,0.0
0.20538008,0.35518265,0.027243555,0.16353399,0.0,0.19583037,0.27139622,0.25787655,0.06365194,0.0,0.0,0.29876447,0.061228428,0.3348838,0.0,0.15195474,0.4915658,0.078035966,0.35222465,0.12150903,0.06835848,0.24291234,0.0,0.13628538,0.18983862,0.0,0.0,0.0,0.13294259,0.20874363,0.3161275,0.0
0.27924478,0.5213902,0.0,0.5457152,0.0,0.7095118,0.63187563,0.5300366,0.0,0.0,0.0,0.71070105,0.0,0.0,0.0,0.4492228,0.0,0.43992525,0.70495796,0.0,0.0,0.56881386,0.6189934,0.0,0.52991366,0.0,0.0,0.0,0.0,0.7118273,0.28855446,0.0
1.2161328,1.4946706,0.0,1.3483404,0.0,1.2653978,1.2889936,1.2470993,0.0,0.0,0.0,1.4124138,0.0,0.0,0.0,1.4154385,0.0,1.630965,1.403584,0.0,0.0,1.4957619,1.36204,0.0,1.7246352,0.0,0.0,0.0,0.0,1.4362214,1.3511722,0.0
1.4802202,1.7803209,0.0,1.6135546,0.0,1.2889315,1.5097173,1.3458602,0.0,0.0,0.0,1.463607,0.0,0.0,0.0,1.65546,0.0,1.4533908,1.5635585,0.0,0.0,1.3352113,1.2353851,0.0,1.7170583,0.0,0.0,0.0,0.0,1.4954579,1.3764143,0.0
0.45399117,0.7226948,0.0,0.6275858,0.0,0.43499535,0.7373458,0.4517521,0.0,0.0,0.0,0.6227416,0.0,0.114907406,0.0,0.56633997,0.0,0.32617766,0.5553916,0.0,0.0,0.5498212,0.6624793,0.0,0.74474263,0.0,0.0,0.0,0.0,0.8379096,0.5826085,0.0
0.14102505,0.42958003,0.0,0.4734606,0.0,0.278401,0.34820646,0.51411456,0.0,0.0,0.0,0.392937,0.0,0.0,0.0,0.43363357,0.0,0.3816889,0.5813693,0.013650097,0.12431069,0.399703,0.5846915,0.0,0.5527957,0.0,0.0,0.0,0.0,0.5451948,0.13602217,0.0
0.6069051,0.8705633,0.0,0.947529,0.0,0.72739685,0.80268997,0.6185451,0.0,0.0,0.0,0.828441,0.0,0.0,0.0,0.82439005,0.0,0.71551883,0.9037281,0.0,0.0,0.84273106,0.7163434,0.0,0.9888835,0.0,0.0,0.0,0.0,0.82270664,0.64853394,0.0
0.65140134,0.8007929,0.0,0.86712855,0.0,0.77133656,0.9272015,0.7760563,0.0,0.0,0.0,1.0141529,0.0,0.0,0.0,0.7351691,0.0,0.6439437,1.0039155,0.0,0.0,0.91027296,0.67106116,0.0,0.93427837,0.0,0.0,0.0,0.0,0.84023243,0.5721286,0.0
0.0,0.0,1.2754229,0.0,0.4429083,0.0,0.0,0.0,0.6526535,1.3752949,0.8400201,0.0,1.5261238,1.2810936,0.50220823,0.0,0.2673631,0.0,0.0,0.72280246,0.4645942,0.0,0.0,0.0,0.0,1.6669128,1.383878,0.7424513,1.1691575,0.0,0.0,1.6362872
0.90303236,1.2611241,0.0,0.94156533,0.0,1.5581756,1.369395,1.085203,0.0,0.0,0.0,1.0644087,0.0,0.0,0.0,1.06808,0.0,0.90270483,0.84136236,0.0,0.0,0.9974247,1.0569603,0.0,1.0408118,0.0,0.0,0.0,0.0,1.4051688,0.8305799,0.0
0.24967274,0.24682733,0.0,0.27410564,0.0,0.13127118,0.28731304,0.5375225,0.0,0.0,0.0,0.19067198,0.0,0.0,0.0,0.43730843,0.0,0.06270483,0.25973436,0.0,0.0,0.0,0.14322947,0.0,0.36192155,0.0,0.0,0.0,0.0,0.18959814,0.12779714,0.0
0.55463654,0.6508644,0.0,0.8701803,0.0,0.6396029,0.76721704,0.6225561,0.0,0.0,0.0,0.8518635,0.0,0.0,0.0,0.73467046,0.0,0.51443094,0.80197585,0.0,0.0,0.7442078,0.4770977,0.0,0.89105594,0.0,0.0,0.0,0.0,0.6964854,0.62677646,0.0
0.47841394,0.7239632,0.0,0.76277614,0.0,0.5149875,0.8229816,0.71310717,0.0,0.0,0.0,0.8212151,0.0,0.0,0.0,0.82759154,0.0,0.46683422,0.777728,0.0,0.0,0.6779555,0.761109,0.0,0.8375357,0.0,0.0,0.0,0.0,0.8851287,0.5032205,0.0
0.05952509,0.3935266,0.0,0.39884815,0.0,0.47533214,0.52131754,0.5253491,0.0,0.0,0.0,0.5163464,0.16340148,0.0,0.0,0.4221689,0.0,0.28748545,0.51399964,0.0,0.0,0.32513946,0.26015124,0.0,0.42805165,0.0,0.0,0.0,0.0,0.38959193,0.39620048,0.0
0.3868059,0.4989801,0.0,0.5640148,0.0,0.5772086,0.5210105,0.42587534,0.0,0.0,0.0,0.60984504,0.0,0.0,0.0,0.5230251,0.0,0.34746438,0.5106038,0.0,0.0,0.4765849,0.3590927,0.0,0.59912425,0.0,0.0,0.0,0.0,0.5155421,0.41544977,0.0
0.0,0.0,1.2365654,0.0,0.0,0.0,0.0,0.0,0.97372305,1.0978963,1.0928217,0.0,0.9660679,0.97170603,1.2616961,0.0,0.46123314,0.0,0.0,1.129414,0.44112343,0.0,0.0,0.83780605,0.0,1.0840596,0.8670425,1.1386185,1.1788082,0.0,0.0,0.90993285
0.8996443,0.97782975,0.0,1.0703925,0.0,0.9251687,0.85457796,0.7719801,0.0,0.0,0.0,1.0514505,0.0,0.0,0.0,0.84792846,0.0,0.9371599,1.1470473,0.0,0.0,1.0712782,0.7618016,0.0,1.2561327,0.0,0.0,0.0,0.0,0.87679315,0.7553103,0.0
0.5348393,0.6007937,0.0,0.71703434,0.0,0.94028515,0.87761104,0.69152224,0.0,0.0,0.0,0.90339845,0.0,0.0,0.0,0.6659084,0.0,0.67051095,0.8265991,0.0,0.0,0.7825831,0.8405423,0.0,0.7899373,0.0,0.0,0.0,0.0,0.95576644,0.37589005,0.0
0.5498729,0.6394748,0.0,0.691375,0.0,0.6282347,0.6453604,0.67668396,0.0,0.0,0.0,0.69270855,0.0,0.0,0.0,0.66638494,0.0,0.5889377,0.7448585,0.0,0.0,0.61540776,0.52371496,0.0,0.84364235,0.0,0.0,0.0,0.0,0.78667325,0.5393884,0.0
0.62707305,0.8651731,0.0,0.903429,0.0,0.60589033,0.8445549,0.6825747,0.0,0.0,0.0,0.8652618,0.0,0.0,0.0,0.7373701,0.0,0.47208694,0.8533503,0.0,0.0,0.75346655,0.6621574,0.0,0.91925687,0.0,0.0,0.0,0.0,0.87275875,0.59226507,0.0
0.0,0.0,1.9327601,0.0,1.4027259,0.0,0.0,0.0,1.6018908,1.5633696,1.7706832,0.0,0.8623651,1.3452802,2.2162738,0.0,1.8323792,0.0,0.0,1.515728,1.5109017,0.0,0.0,1.8761902,0.0,1.4331186,1.5537363,2.2948673,1.7620696,0.0,0.0,1.0552689
0.31607753,0.45457545,0.0,0.36861342,0.0,0.61475414,0.5013055,0.6021889,0.0,0.0,0.0,0.55029595,0.0,0.0,0.0,0.30540985,0.0,0.34974924,0.61560595,0.0,0.0,0.41106814,0.4894746,0.0,0.41245937,0.0,0.0,0.0,0.0,0.5683276,0.2961025,0.0
0.0,0.1505171,0.03998628,0.0,0.0,0.11903736,0.052449323,0.39221606,0.0,0.19388498,0.044294722,0.017525747,0.0,0.0,0.061394818,0.20704617,0.0,0.103162155,0.2695049,0.07196496,0.0,0.0,0.034805816,0.22044364,0.22252107,0.0,0.13728857,0.01008711,0.0,0.08155564,0.055970807,0.0
0.32905364,0.78834975,0.0,0.78989923,0.0,0.13884345,1.0750619,0.0,0.0,0.0,0.0,0.6969197,0.0,0.0010703653,0.0,0.86755997,0.0,0.16911635,0.77211964,0.0,0.0,0.6554343,0.58059704,0.0,0.7694937,0.0,0.0,0.0,0.0,1.0012027,0.538335,0.0
0.6436989,1.1247065,0.0,0.6956627,0.0,0.8206957,0.8873706,0.8473155,0.0,0.0,0.0,1.0370314,0.0,0.0,0.0,1.0799137,0.0,1.2511985,0.9090011,0.0,0.0,1.1446834,1.1815729,0.0,1.1687096,0.0,0.0,0.0,0.0,1.193315,0.85058564,0.0
0.95437866,1.1408843,0.0,0.8496142,0.0,0.70783526,0.90843153,1.0896008,0.0,0.0,0.0,1.1648344,0.0,0.0,0.0,1.119589,0.0,1.3030534,0.9438109,0.0,0.0,1.11316,1.0424454,0.0,1.260516,0.0,0.0,0.0,0.0,1.0775977,0.9663154,0.0
0.0,0.0,1.1991739,0.0,0.3781662,0.0,0.0,0.0,1.2865589,0.9388077,1.4723159,0.0,1.1585492,1.0549612,1.4392766,0.0,0.98982346,0.0,0.0,1.1841098,0.7878153,0.0,0.0,1.0670758,0.0,1.2082675,0.94353807,1.4188787,1.4847771,0.0,0.0,1.0127655
0.47550797,0.72915065,0.0,0.77685726,0.0,0.75294465,0.7178998,0.5900655,0.0,0.0,0.0,0.9127454,0.0,0.0,0.0,0.6621983,0.0,0.65530455,0.89609593,0.0,0.0,0.79037005,0.70237184,0.0,0.8298959,0.0,0.0,0.0,0.0,0.7506681,0.6248696,0.0
0.91194904,0.9288708,0.0,1.1016746,0.0,1.0908986,1.1892807,0.88100207,0.0,0.0,0.0,1.0457813,0.0,0.0,0.0,1.0190678,0.0,0.74324805,0.9672944,0.0,0.0,1.0723109,1.0856968,0.0,1.325865,0.0,0.0,0.0,0.0,1.2646573,0.76602155,0.0
0.08552512,0.13361236,0.2430039,0.00085528195,0.054212905,0.035999138,0.015767708,0.3152966,0.0,0.0,0.28457054,0.12183617,0.119902246,0.0,0.26301414,0.1339026,0.31308618,0.0,0.21142557,0.10938379,0.30324543,0.0,0.0,0.32497564,0.0671131,0.0,0.15927282,0.16715741,0.16986617,0.0,0.04931643,0.0
0.1604757,0.017228663,0.106994644,0.044049405,0.0,0.17284685,0.15131761,0.40839317,0.0,0.0,0.006774187,0.104726486,0.0,0.0,0.0,0.14458913,0.0,0.018781273,0.2820841,0.0,0.10773921,0.029078776,0.010378899,0.11962371,0.06745657,0.0,0.13000749,0.0,0.028676689,0.0,0.15463717,0.0
0.33594072,0.5642497,0.0,0.67199874,0.0,0.66001254,0.5933068,0.48249227,0.0,0.0,0.0,0.59641254,0.0,0.0,0.0,0.6657234,0.0,0.6280798,0.6774029,0.0,0.0,0.61397064,0.6833179,0.0,0.70490825,0.0,0.0,0.0,0.0,0.5980018,0.46445158,0.0
0.4614631,0.76637435,0.0,0.7551046,0.0,0.74448913,0.76692253,0.62697953,0.0,0.0,0.0,0.7117442,0.0,0.0,0.0,0.6139232,0.0,0.46085778,0.773065,0.0,0.0,0.6786774,0.58445704,0.0,0.7101396,0.0,0.0,0.0,0.0,0.84691364,0.41644913,0.0
1.413011,1.7063515,0.0,1.5050707,0.0,1.5394757,1.651239,1.3120314,0.0,0.0,0.0,1.6001918,0.0,0.0,0.0,1.4222065,0.0,1.3529713,1.4185903,0.0,0.0,1.4319977,1.2412173,0.0,1.6255416,0.0,0.0,0.0,0.0,1.5925645,1.3315719,0.0
1.0290351,1.3036388,0.0,1.2515692,0.0,1.2300605,1.3814572,1.1282564,0.0,0.0,0.0,1.4108216,0.0,0.0,0.0,1.2215453,0.0,1.6578267,1.2569009,0.0,0.0,1.4675174,1.2385814,0.0,1.489964,0.0,0.0,0.0,0.0,1.2528602,1.4209709,0.0
0.78225034,1.2178049,0.0,1.0158538,0.0,1.1693013,1.2517484,0.9763759,0.0,0.0,0.0,1.3059372,0.0,0.0,0.0,1.1260291,0.0,1.6354508,1.1215918,0.0,0.0,1.4231942,1.2034324,0.0,1.4122579,0.0,0.0,0.0,0.0,1.1693149,1.2617065,0.0
0.0,0.06022287,0.5046207,0.0,0.014120296,0.0,0.0,0.09632854,0.13724983,0.054579206,0.33643705,0.0,0.27418643,0.0,0.41484603,0.14415611,0.0,0.0,0.05953758,0.11895503,0.23106086,0.0,0.0,0.34235272,0.0,0.087682106,0.3534755,0.32997984,0.38862613,0.0,0.0,0.101747505
0.0,0.0,0.28451252,0.0,0.084908694,0.11746654,0.05371706,0.0,0.13119474,0.010241307,0.46331018,0.07916971,0.43725926,0.4515985,0.20981517,0.0,0.581967,0.018881137,0.15676372,0.4430502,0.34842306,0.0,0.13666072,0.18035027,0.0,0.22182983,0.10757143,0.13877308,0.20066191,0.055266324,0.12544121,0.21797429
0.89312196,1.2370033,0.0,0.90418226,0.0,1.2803382,1.202885,0.91659564,0.0,0.0,0.0,1.0663767,0.0,0.0,0.0,0.93249166,0.0,0.9740938,0.9443792,0.0,0.0,0.9840742,0.90458775,0.0,1.0229906,0.0,0.0,0.0,0.0,1.2082103,0.81356037,0.0
0.0,0.0,0.6994419,0.0,0.25472796,0.0,0.0,0.0,0.43119287,0.2911697,0.73046935,0.0,0.46379745,0.0,0.52388203,0.0,0.4301965,0.0,0.0,0.14409879,0.41910782,0.0,0.0,0.7142853,0.0,0.40700185,0.6503931,0.67912793,0.63205194,0.0,0.0,0.27542675
0.405073,0.33395606,0.0,0.748834,0.0,0.2990128,0.96703905,0.0,0.0,0.0,0.06176757,0.67168415,0.0,0.0,0.0,0.7446195,0.10709666,0.43489495,0.80035055,0.0,0.0,0.7239595,0.030265503,0.0,0.48617166,0.0,0.0,0.0,0.09792799,0.61286986,0.46442124,0.0
0.23383926,0.84120095,0.0,0.6335484,0.0,0.14962022,0.82948476,0.0,0.0,0.0,0.33860028,0.5698644,0.0,0.0,0.07428007,0.7761829,0.34006527,0.42562813,0.5972776,0.0,0.03088127,0.5631163,0.38803992,0.118903354,0.42412907,0.0,0.0,0.0,0.21284153,0.65803,0.5838717,0.0
0.0,0.0,0.6141777,0.0,0.26442453,0.0,0.0,0.0,0.39062726,0.4299182,0.550971,0.0,0.49330336,0.0,0.53095984,0.0,0.18672436,0.0,0.0,0.1609692,0.37400582,0.0,0.0,0.661368,0.0,0.4014603,0.51159626,0.37888473,0.56902564,0.0,0.0,0.39581376
0.0,0.0,1.7736506,0.0,1.0190094,0.0,0.0,0.0,1.1888063,1.7744788,1.0011516,0.0,1.6613364,1.5738811,0.96722287,0.0,0.2172558,0.0,0.0,1.0235033,0.61639327,0.0,0.0,0.0,0.0,2.2579215,1.559115,0.86263776,1.6286112,0.0,0.0,1.6566343
0.0,0.0,1.0624197,0.0,0.016421624,0.0,0.0,0.0,0.5552049,1.2866575,0.8396419,0.0,1.4007413,1.0658153,0.41045383,0.0,0.40425757,0.0,0.0,0.79634035,0.54250616,0.0,0.0,0.0,0.0,1.4665964,1.2200146,0.4942636,0.99007595,0.0,0.0,1.3734142
0.35229492,0.17511228,0.013534144,0.053702116,0.0,0.6864476,0.5161351,0.17784151,0.18526278,0.0,0.0,0.6899282,0.0,0.12805438,0.0,0.06269037,0.0,0.0,0.0,0.0,0.3452221,0.3493634,0.4179301,0.0,0.0,0.0,0.36676937,0.0,0.0,0.26962948,0.39346606,0.0
1.4077442,1.5771382,0.0,1.3580116,0.0,1.1146802,1.3783182,1.2258937,0.0,0.0,0.0,1.4019576,0.0,0.0,0.0,1.4955329,0.0,1.3093406,1.5547187,0.0,0.0,1.3269414,1.2044752,0.0,1.5683466,0.0,0.0,0.0,0.0,1.4085715,1.2904029,0.0
1.4478694,1.714119,0.0,1.361774,0.0,1.1262968,1.2547754,1.3637685,0.0,0.0,0.0,1.4937702,0.0,0.0,0.0,1.4313276,0.0,1.3212055,1.4405572,0.0,0.0,1.2550061,1.041385,0.0,1.4932804,0.0,0.0,0.0,0.0,1.3085135,1.2400788,0.0
0.0,0.0,0.8014151,0.0,0.34061468,0.0,0.0,0.0,0.67395276,0.5274107,0.7465784,0.0,0.7551971,0.2853423,0.51390207,0.0,0.65428,0.0,0.0,0.4685475,0.49346435,0.0,0.0,0.8174271,0.0,0.61749154,0.67934054,0.51999027,0.7977788,0.0,0.0,0.5237467
0.0,0.0,0.82541656,0.0,0.3775068,0.0,0.0,0.0,0.71935374,0.6345877,0.7600222,0.0,0.7744905,0.3842356,0.4747358,0.0,0.7442949,0.0,0.0,0.5664874,0.5541591,0.0,0.0,0.84546,0.0,0.7106417,0.5746402,0.4489289,0.8201608,0.0,0.0,0.58146876
0.0,0.0,0.58069015,0.0,0.10976894,0.0,0.0,0.0714994,0.3247407,0.2617873,0.44991392,0.0,0.22171378,0.0,0.513528,0.0,0.18209532,0.0,0.0,0.18454713,0.6069166,0.0,0.0,0.5897576,0.0,0.14010978,0.5957983,0.50587666,0.4642563,0.0,0.0,0.18531601
0.59140736,0.7400041,0.0,0.8312403,0.0,0.7467647,0.9022751,0.8993507,0.0,0.0,0.0,0.9778615,0.0,0.0,0.0,0.79041225,0.0,0.70611507,0.97056526,0.0,0.0,0.8369279,0.7117529,0.0,0.9717991,0.0,0.0,0.0,0.0,0.81681985,0.70655525,0.0
1.3941664,1.7212203,0.0,1.4721321,0.0,1.1421279,1.3356537,1.2018282,0.0,0.0,0.0,1.4503419,0.0,0.0,0.0,1.4772664,0.0,1.3876967,1.6239841,0.0,0.0,1.3634335,1.1758766,0.0,1.6800959,0.0,0.0,0.0,0.0,1.3512666,1.2870965,0.0
1.284294,1.6663693,0.0,1.2781769,0.0,0.98957235,1.1601499,1.1021619,0.0,0.0,0.0,1.3638562,0.0,0.0,0.0,1.393499,0.0,1.2809836,1.4651344,0.0,0.0,1.1153734,1.0445526,0.0,1.4240627,0.0,0.0,0.0,0.0,1.2108516,1.2442951,0.0
0.5218309,0.6469303,0.0,0.74594593,0.0,0.4541614,0.6997538,0.7505897,0.0,0.0,0.0,0.84594136,0.0,0.0,0.0,0.6888136,0.0,0.43617752,0.7102217,0.0,0.0,0.62750065,0.57346785,0.0,0.8363415,0.0,0.0,0.0,0.0,0.7305035,0.4008523,0.0
0.8148837,1.1831857,0.0,0.74829155,0.0,0.7756624,0.9804462,0.95849085,0.0,0.0,0.0,0.96071833,0.0,0.0,0.0,1.0584373,0.0,1.4932224,0.85942996,0.0,0.0,1.232937,1.0365512,0.0,1.3225274,0.0,0.0,0.0,0.0,0.9563356,0.75482255,0.0
0.32229882,0.57097334,0.057658628,0.5099859,0.0,0.0,0.72797745,0.0,0.0,0.0,0.21567404,0.5413962,0.0,0.1032325,0.0,0.5537564,0.0,0.0,0.5260519,0.03971886,0.0,0.5923018,0.048204068,0.0,0.44549853,0.12904285,0.0,0.0,0.22286609,0.5213835,0.27770886,0.0
0.038142025,0.0,0.20427786,0.04938142,0.0,0.019639157,0.0,0.101881355,0.09617229,0.03467762,0.32552,0.0,0.29343104,0.04608407,0.033100635,0.118704885,0.40038544,0.0,0.0,0.13226786,0.0,0.0,0.0,0.1602472,0.06963758,0.16414699,0.14090669,0.109322295,0.24706411,0.0,0.0,0.018572845
0.42646492,0.44238043,0.0,0.6174164,0.0,0.49517143,0.65801835,0.77672935,0.0,0.0,0.0,0.6921575,0.0,0.0,0.0,0.6518671,0.0,0.38747194,0.67116064,0.0,0.0,0.49825233,0.49769917,0.0,0.7345493,0.0,0.0,0.0,0.0,0.51685154,0.4732676,0.0
0.3129242,0.6042975,0.0,0.6006276,0.0,0.7508684,0.7186218,0.5644407,0.0,0.0,0.0,0.6519186,0.0,0.0,0.0,0.5337876,0.0,0.4255994,0.69854546,0.0,0.0,0.6151281,0.54914236,0.0,0.54049873,0.0,0.0,0.0,0.0,0.7446705,0.30766147,0.0
0.0,0.0,1.820728,0.0,0.7847379,0.0,0.0,0.0,1.3134975,1.5300057,1.2662843,0.0,1.7054585,1.6029668,1.2320976,0.0,0.5424512,0.0,0.0,1.0393454,0.5702879,0.0,0.0,0.37230164,0.0,2.0835917,1.4992436,1.3747214,1.6771964,0.0,0.0,1.7991434
0.99912614,1.1318089,0.0,0.83955497,0.0,0.687393,1.0138224,1.0091637,0.0,0.0,0.0,0.9817704,0.0,0.0,0.0,1.0370315,0.0,1.4283034,0.846712,0.0,0.0,1.1246879,1.0848845,0.0,1.2575691,0.0,0.0,0.0,0.0,0.9712976,0.94829935,0.0
0.91888726,1.1844103,0.0,0.8174585,0.0,0.84806377,1.0701238,1.0209336,0.0,0.0,0.0,1.0198759,0.0,0.0,0.0,1.1245605,0.0,1.5318006,0.92873317,0.0,0.0,1.27405,1.1212102,0.0,1.3690459,0.0,0.0,0.0,0.0,1.0169011,0.8735223,0.0
0.1316474,0.4167499,0.31211638,0.0978042,0.07420446,0.0,0.0,0.0,0.26965562,0.0,0.75756776,0.08768536,0.0,0.0053300112,0.65801597,0.049857628,0.6168545,0.0,0.19490185,0.0,0.71465623,0.0,0.0,0.6810727,0.01809492,0.32827353,0.42258877,0.08276491,0.5809821,0.091815665,0.093697116,0.0
0.1875229,0.62643284,0.0,0.52515453,0.0,0.8965198,0.6900317,0.6348098,0.0,0.0,0.0,0.69954896,0.0,0.0,0.0,0.45216328,0.0,0.42505953,0.728994,0.0,0.0,0.72501606,0.597608,0.0,0.3829587,0.0,0.0,0.0,0.0,0.65591717,0.19763114,0.0
0.55122846,0.0,0.0,0.3635716,0.0,0.20586602,0.3155381,0.0,0.0,0.0,0.2705077,0.42228347,0.0,0.0,0.0,0.39641172,0.2269887,0.10321838,0.45377406,0.0,0.20156762,0.35903004,0.0,0.014734935,0.4809661,0.0,0.080579594,0.0,0.10988788,0.28483286,0.0,0.0
0.730963,0.7495371,0.0,0.80653,0.0,0.7807962,0.89522064,0.8647531,0.0,0.0,0.0,0.89308536,0.0,0.0,0.0,0.89664674,0.0,0.59348303,0.90629077,0.0,0.0,0.68298644,0.6795372,0.0,0.98442477,0.0,0.0,0.0,0.0,0.81361455,0.7497176,0.0
0.2131996,0.25821626,0.0,0.37415496,0.0,0.28104848,0.46232933,0.27645767,0.0,0.0,0.0,0.34509575,0.015658528,0.018434353,0.0,0.5130248,0.0,0.28644356,0.5794624,0.0,0.0,0.3269361,0.19091198,0.0,0.40609223,0.0,0.0,0.0,0.0,0.304554,0.5348109,0.0
0.0,0.0,2.2998505,0.0,0.963458,0.0,0.0,0.0,1.8440279,2.0243535,1.7241243,0.0,2.4004989,2.4346237,1.6326802,0.0,1.2757181,0.0,0.0,1.8306042,0.9270504,0.0,0.0,1.3782704,0.0,2.393943,1.9475541,1.6956174,2.2513883,0.0,0.0,2.7383063
0.05714459,0.1445936,0.0,0.19085538,0.0,0.29435223,0.13505062,0.28946307,0.0,0.0,0.12226167,0.16455112,0.080115244,0.0,0.03538027,0.36079472,0.0069706813,0.0089160055,0.19181089,0.0,0.0,0.0,0.04654711,0.011029571,0.2171677,0.0,0.0,0.0016281158,0.006573312,0.04435058,0.1016036,0.0
0.0,0.0,0.4168278,0.0,0.15778264,0.0,0.0,0.0,0.3030622,0.22348821,0.5255676,0.0,0.43044156,0.14919145,0.19314921,0.0,0.4663111,0.0,0.0,0.29009342,0.3626625,0.0,0.0,0.448138,0.0,0.3395102,0.19711097,0.082899824,0.4672418,0.0,0.0,0.23763786
0.30712003,0.6843885,0.0,0.7096303,0.0,0.7708267,0.7020761,0.55071366,0.0,0.0,0.0,0.76596254,0.0,0.0,0.0,0.40855944,0.0,0.50616056,0.7693375,0.0,0.0,0.7877057,0.51708335,0.0,0.517178,0.0,0.0,0.0,0.0,0.699052,0.27048457,0.0
0.6930456,0.80879575,0.0,0.88448894,0.0,0.9268955,1.0054822,0.80733716,0.0,0.0,0.0,0.9544034,0.0,0.0,0.0,0.86412203,0.0,0.6765503,0.8710801,0.0,0.0,0.8893665,0.77979827,0.0,1.0374653,0.0,0.0,0.0,0.0,0.9435155,0.5938357,0.0
1.653215,1.7934979,0.0,1.6308314,0.0,1.2305218,1.491524,1.3952609,0.0,0.0,0.0,1.5939885,0.0,0.0,0.0,1.7243372,0.0,1.5380741,1.639194,0.0,0.0,1.4721339,1.3373371,0.0,1.8784062,0.0,0.0,0.0,0.0,1.535014,1.4615672,0.0
1.4443071,1.7542282,0.0,1.5637695,0.0,1.1092237,1.4638035,1.3410152,0.0,0.0,0.0,1.6278404,0.0,0.0,0.0,1.7237779,0.0,1.4938872,1.6132808,0.0,0.0,1.4003114,1.3538268,0.0,1.7395931,0.0,0.0,0.0,0.0,1.5217276,1.4279312,0.0
1.2315387,1.4497123,0.0,1.2525007,0.0,1.0150442,1.1438851,1.2202383,0.0,0.0,0.0,1.307392,0.0,0.0,0.0,1.3833647,0.0,1.2570137,1.416699,0.0,0.0,1.0867547,1.1509447,0.0,1.3767033,0.0,0.0,0.0,0.0,1.311396,1.258561,0.0
0.7361397,1.0754306,0.0,0.7783705,0.0,0.9454784,0.94862646,0.82607037,0.0,0.0,0.0,1.0686,0.0,0.0,0.0,1.0145484,0.0,1.2199458,1.2507159,0.0,0.0,1.1092614,0.9382055,0.0,1.1606452,0.0,0.0,0.0,0.0,0.861167,0.9724221,0.0
0.8735039,0.98348325,0.0,1.1558197,0.0,0.892306,1.1016529,0.9620835,0.0,0.0,0.0,1.1426249,0.0,0.0,0.0,1.1114787,0.0,0.8394211,1.1271749,0.0,0.0,0.99819946,0.9074944,0.0,1.29244,0.0,0.0,0.0,0.0,1.1082435,0.8412566,0.0
0.34727836,0.52966577,0.0,0.60014117,0.0,0.95437306,0.7466012,0.6378386,0.0,0.0,0.0,0.7954209,0.0,0.0,0.0,0.5569803,0.0,0.6114436,0.65355754,0.0,0.0,0.65386385,0.72006404,0.0,0.5525186,0.0,0.0,0.0,0.0,0.7877108,0.25226754,0.0
0.0,0.0,0.5277883,0.0,0.56837285,0.0,0.0,0.0,0.5568263,0.6486255,0.50446135,0.0,0.4464711,0.6377688,0.7719572,0.0,0.6382292,0.0,0.0,0.55011714,0.92238855,0.0,0.0,0.641887,0.0,0.3491487,0.53222805,0.58120966,0.58683646,0.0,0.0,0.32172778
0.41070998,0.44854867,0.0,0.58100146,0.0,0.4532917,0.68927383,0.7060229,0.0,0.0,0.0,0.565827,0.0,0.0,0.0,0.7079008,0.0,0.38413218,0.56728756,0.0,0.0,0.3688973,0.5211049,0.0,0.6736237,0.0,0.0,0.0,0.0,0.55939597,0.35063124,0.0
0.3811934,0.4553615,0.0,0.54217976,0.0,0.49578968,0.49301046,0.48884735,0.0,0.0,0.0,0.47146392,0.0,0.0,0.0,0.49162573,0.0,0.25282925,0.60597974,0.0,0.0,0.61822814,0.18201415,0.0,0.6797134,0.0,0.0,0.0,0.0,0.43869972,0.45917517,0.0
1.0389148,1.0689223,0.0,0.8321078,0.0,0.5621821,0.8270459,1.1927036,0.0,0.0,0.0,0.906909,0.0,0.0,0.0,1.161132,0.0,0.9464435,0.9196898,0.0,0.0,0.64858425,0.895769,0.0,0.9564687,0.0,0.0,0.0,0.0,0.8880169,0.83997655,0.0
1.0784792,1.2398921,0.0,1.0124751,0.0,0.7816841,0.9398944,1.1523434,0.0,0.0,0.0,0.9598409,0.0,0.0,0.0,1.2250135,0.0,1.091343,1.1207942,0.0,0.0,0.96066535,1.0931858,0.0,1.2756711,0.0,0.0,0.0,0.0,1.1367248,0.8104269,0.0
0.8518282,1.2906619,0.0,1.4186417,0.0,0.4424657,1.703088,0.0,0.0,0.0,0.0,1.3631359,0.0,0.0,0.0,1.208583,0.0,0.47379082,1.4172218,0.0,0.0,1.5028074,0.74780095,0.0,1.1825254,0.0,0.0,0.0,0.0,1.3932624,1.0128361,0.0
1.2280443,1.4590516,0.0,1.1493789,0.0,1.3803885,1.3490733,1.3296762,0.0,0.0,0.0,1.4217482,0.0,0.0,0.0,1.1998839,0.0,1.6999047,1.4459031,0.0,0.0,1.3439415,1.264996,0.0,1.4046216,0.0,0.0,0.0,0.0,1.1770155,1.3981727,0.0
1.1804136,1.4570401,0.0,1.0460039,0.0,1.5011185,1.3169796,1.2766736,0.0,0.0,0.0,1.3718638,0.0,0.0,0.0,1.1673346,0.0,1.7637149,1.4423573,0.0,0.0,1.3867859,1.3387777,0.0,1.4260702,0.0,0.0,0.0,0.0,1.2046787,1.4014606,0.0
1.2644926,1.4150063,0.0,1.0865333,0.0,1.3984153,1.26986,1.2770905,0.0,0.0,0.0,1.340889,0.0,0.0,0.0,1.158021,0.0,1.707478,1.4090779,0.0,0.0,1.2734804,1.2913806,0.0,1.3715898,0.0,0.0,0.0,0.0,1.1627235,1.4287598,0.0
1.2870219,1.4678651,0.0,1.123493,0.0,1.5153071,1.351079,1.3236867,0.0,0.0,0.0,1.3909001,0.0,0.0,0.0,1.2066132,0.0,1.7645097,1.4876736,0.0,0.0,1.384636,1.3583341,0.0,1.4481485,0.0,0.0,0.0,0.0,1.2330306,1.4824916,0.0
1.2017789,1.2689062,0.0,1.0257788,0.0,1.6443229,1.426701,1.0455128,0.0,0.0,0.0,1.1679294,0.0,0.0,0.0,1.1951821,0.0,1.152656,0.9479551,0.0,0.0,1.221233,1.3615465,0.0,1.4310732,0.0,0.0,0.0,0.0,1.4738855,0.9370624,0.0
0.0,0.2231079,0.248996,0.005002074,0.0,0.027020507,0.0,0.28251848,0.1974636,0.09631889,0.3040399,0.0,0.21007335,0.0,0.33773062,0.039219692,0.0,0.0,0.27127048,0.24458966,0.12743819,0.0,0.05299584,0.1748623,0.0,0.0,0.27550668,0.29672268,0.32935148,0.03697184,0.006343551,0.0
0.0,0.0,1.461161,0.0,0.30777675,0.0,0.0,0.0,1.078322,1.1971799,1.1047405,0.0,1.3208014,1.2441432,1.0959132,0.0,0.31335488,0.0,0.0,1.009805,0.3030823,0.0,0.0,0.23237744,0.0,1.5038649,1.0294627,0.96310633,1.3035564,0.0,0.0,1.1547083
0.0,0.17646205,0.15032974,0.0,0.0,0.29309407,0.05434076,0.10970404,0.20775332,0.0018127263,0.0,0.0,0.23538888,0.0,0.0,0.0,0.0,0.0,0.3213877,0.07239346,0.0,0.12663089,0.07346217,0.23912206,0.0,0.0,0.15191156,0.13304365,0.3525735,0.029501025,0.05796851,0.0
0.62330985,0.009097643,0.0,0.44146767,0.0,0.7030101,0.11914768,0.76986885,0.0,0.0,0.0,0.45831084,0.0,0.0,0.0,0.4623407,0.0,0.63082117,0.62268585,0.0,0.11981696,0.47928756,0.14476916,0.0,0.75276077,0.0,0.0,0.0,0.0,0.29633003,0.099741414,0.0
0.12853882,0.2465207,0.0,0.1623829,0.0,0.49680653,0.34465456,0.4045314,0.0,0.0,0.027007595,0.510965,0.0,0.0,0.16172677,0.15777498,0.0,0.38581094,0.5403398,0.161431,0.020980772,0.25311807,0.51619375,0.0,0.24787161,0.0,0.0,0.0,0.08170144,0.45884463,0.016253604,0.0
0.0,0.0,0.73688936,0.0,0.11171102,0.0,0.0,0.0,0.64215624,0.6377256,0.53828186,0.0,0.7405907,0.4620097,0.21420811,0.0,0.45944798,0.0,0.0,0.74925804,0.5085648,0.0,0.0,0.78954434,0.0,0.6807379,0.5652708,0.086981855,0.76007944,0.0,0.0,0.72008145
0.0,0.0,1.3204806,0.0,1.1966516,0.0,0.0,0.0,1.6725315,1.296099,1.3495421,0.0,1.5102706,1.6081681,0.86381733,0.0,1.1296605,0.0,0.0,1.2438091,1.581257,0.0,0.0,1.3847973,0.0,1.4660517,1.3827255,1.1340344,1.6639564,0.0,0.0,1.499732
0.0,0.0,1.5745764,0.0,1.7545949,0.0,0.0,0.0,1.9956074,1.9199941,2.313577,0.0,1.8008956,2.073499,1.5290612,0.0,1.4518964,0.0,0.0,2.3832107,1.486413,0.0,0.0,1.7595865,0.0,2.0479145,1.3186879,1.1070224,2.2668297,0.0,0.0,1.6331594
0.20990641,0.161691,0.0,0.22688052,0.0,0.26125735,0.26128447,0.37886393,0.0,0.0,0.0,0.1921452,0.0,0.0,0.0,0.22064032,0.0,0.0,0.46935079,0.0,0.0,0.34873673,0.0,0.0,0.26362473,0.0,0.0,0.0,0.0,0.038130302,0.36229882,0.0
0.0,0.0,0.28080058,0.0,0.0,0.0194358,0.0,0.0,0.13347405,0.059336543,0.31171396,0.0,0.39548928,0.248126,0.0076138303,0.0,0.35486704,0.0,0.018577822,0.24248499,0.22818854,0.0,0.0,0.357005,0.0,0.10875053,0.15105636,0.027832292,0.21414408,0.0,0.20195152,0.20702426
1.0146345,1.3486108,0.0,1.041118,0.0,1.4751505,1.3383762,0.99596125,0.0,0.0,0.0,1.1487551,0.0,0.0,0.0,0.99114203,0.0,1.0844225,1.0624764,0.0,0.0,1.2134429,1.0280837,0.0,1.2347019,0.0,0.0,0.0,0.0,1.2800906,0.90597045,0.0
1.1177462,1.239714,0.0,0.92320454,0.0,1.3847935,1.3236424,1.018231,0.0,0.0,0.0,1.3168352,0.0,0.0,0.0,1.1985673,0.0,1.2458949,1.1501819,0.0,0.0,1.2741126,1.3527309,0.0,1.4099289,0.0,0.0,0.0,0.0,1.3132946,1.106787,0.0
0.53640544,0.5942429,0.0,0.6238541,0.0,0.59732693,0.6863618,0.7459198,0.0,0.0,0.0,0.704659,0.0,0.0,0.0,0.7641443,0.0,0.44884115,0.71678156,0.0,0.0,0.4663945,0.473871,0.0,0.78974956,0.0,0.0,0.0,0.0,0.6100066,0.5738169,0.0
0.3557992,0.6190759,0.0,0.66266674,0.0,0.6169023,0.6732739,0.5960058,0.0,0.0,0.0,0.6504211,0.0,0.0,0.0,0.6325478,0.0,0.47560015,0.8187523,0.0,0.0,0.6535763,0.5182764,0.0,0.6803935,0.0,0.0,0.0,0.0,0.5980045,0.44167042,0.0
0.0,0.0,1.2075982,0.0,0.9377895,0.0,0.0,0.0,1.344927,1.2065234,1.1970816,0.0,1.2804826,1.1514199,0.8517029,0.0,1.2208397,0.0,0.0,1.2269666,0.97756267,0.0,0.0,1.4526525,0.0,1.2312324,1.0329491,1.1000544,1.3104215,0.0,0.0,1.2742485
0.13921174,0.17928469,0.0,0.45023784,0.0,0.36204907,0.43656212,0.48671797,0.0,0.0,0.0,0.34595692,0.0,0.0,0.0,0.44960827,0.0,0.17821032,0.45711517,0.0,0.0,0.2889324,0.20731063,0.0,0.40949768,0.0,0.0,0.0,0.0,0.31296104,0.18235686,0.0
0.010955799,0.0,0.055003628,0.16785526,0.0,0.042747088,0.06486574,0.3120169,0.0,0.088318676,0.056082346,0.0055588633,0.028486073,0.0,0.0,0.081135415,0.0,0.0,0.11308246,0.0,0.039988,0.0,0.0,0.16044901,0.039598048,0.0,0.19321105,0.044127926,0.0,0.0,0.0,0.016058013
0.3920411,0.47982267,0.0,0.5351578,0.0,0.5878035,0.64997053,0.5513313,0.0,0.0,0.0,0.59397525,0.0,0.0,0.0,0.5948573,0.0,0.52627224,0.70201117,0.0,0.0,0.5027684,0.5513152,0.0,0.6923649,0.0,0.0,0.0,0.0,0.64020234,0.55342925,0.0
0.0,0.0,0.31720114,0.0,0.0,0.013389608,0.0,0.043539666,0.014725499,0.029717725,0.28595006,0.0,0.3839658,0.0,0.089228734,0.038849313,0.119221576,0.0,0.0,0.22302002,0.22915283,0.0,0.0,0.25744507,0.0,0.0,0.3361314,0.0,0.21835019,0.0,0.0,0.2419209
1.5351152,1.6069875,0.0,1.4830096,0.0,1.3676271,1.4916946,1.340786,0.0,0.0,0.0,1.4970052,0.0,0.0,0.0,1.4270355,0.0,1.4868575,1.4873551,0.0,0.0,1.2786413,1.1960295,0.0,1.6003544,0.0,0.0,0.0,0.0,1.4280589,1.4898233,0.0
1.4076742,1.7436551,0.0,1.564735,0.0,1.4791207,1.6023048,1.3274825,0.0,0.0,0.0,1.537189,0.0,0.0,0.0,1.4267315,0.0,1.5064427,1.5801648,0.0,0.0,1.5246726,1.2930704,0.0,1.7076148,0.0,0.0,0.0,0.0,1.5373034,1.4389738,0.0
0.22974977,0.25082138,0.0,0.35377282,0.0,0.32915264,0.3884272,0.44502297,0.0,0.0,0.0,0.35510582,0.0,0.0,0.0,0.42141426,0.0,0.10923211,0.45256996,0.0,0.0,0.25463477,0.14344704,0.0,0.45601964,0.0,0.0,0.0,0.0,0.3248001,0.3220273,0.0
0.0,0.0,0.7109678,0.0,1.0252366,0.0,0.0,0.0,0.81683296,0.79083955,0.93501997,0.0,0.8421958,0.68037736,1.010924,0.0,0.42162472,0.0,0.0,0.9601888,1.0315953,0.0,0.0,0.61116236,0.0,0.7468117,0.68498546,0.8744618,0.96229684,0.0,0.0,0.70101917
0.0,0.0,1.2707082,0.0,0.507555,0.0,0.0,0.0,0.922322,1.2613411,1.0258125,0.0,1.485025,1.2802477,1.0150399,0.0,0.5113082,0.0,0.0,0.8444128,0.5554814,0.0,0.0,0.36574405,0.0,1.2667305,1.2658467,1.2881209,1.2549119,0.0,0.0,1.5221549
0.0,0.12975472,0.0,0.08444685,0.0,0.14036417,0.1593118,0.29288465,0.0,0.01746881,0.0,0.0,0.088017635,0.0,0.0,0.22079802,0.0,0.0,0.5267842,0.016948745,0.0,0.13122706,0.11629824,0.1040103,0.15894389,0.0,0.042081703,0.0,0.0,0.090751745,0.40495658,0.0
0.0,0.0,0.72552454,0.0,0.2528457,0.0,0.0,0.0,0.49513686,0.3238984,0.66400063,0.0,0.45244676,0.0,0.5881879,0.0,0.34421223,0.0,0.0,0.2069889,0.42870536,0.0,0.0,0.6399732,0.0,0.42198616,0.6088151,0.7010968,0.6547833,0.0,0.0,0.29321885
0.0,0.0,0.8370657,0.0,0.50841165,0.0,0.0,0.0,1.1140214,0.99632055,1.2302574,0.0,0.9105551,0.8113146,1.1788357,0.0,0.80647904,0.0,0.0,1.2944224,0.8719939,0.0,0.0,1.4212028,0.0,1.0553067,0.8137388,1.2225088,1.0393728,0.0,0.0,0.67133933
0.63994366,0.7846181,0.0,0.6600356,0.0,1.2546326,1.0455633,0.77626,0.0,0.0,0.0,0.97849065,0.0,0.0,0.0,0.67213166,0.0,0.8612986,0.78660077,0.0,0.0,0.9046344,0.73635566,0.0,0.7177837,0.0,0.0,0.0,0.0,0.9060108,0.7635193,0.0
0.9597643,1.2959217,0.0,0.90458035,0.0,1.5137753,1.3667883,1.169325,0.0,0.0,0.0,1.2343581,0.0,0.0,0.0,1.1054488,0.0,1.0624284,0.92225206,0.0,0.0,1.100202,1.207594,0.0,1.115096,0.0,0.0,0.0,0.0,1.3892468,0.8697752,0.0
0.11298406,0.43115327,0.0,0.35205457,0.0,0.43843326,0.511525,0.38551587,0.0,0.0,0.0,0.5700116,0.0,0.0,0.0,0.44533724,0.0,0.41951334,0.44785175,0.06994611,0.0,0.4844642,0.43269253,0.0,0.4935574,0.0,0.0,0.0,0.0,0.4691431,0.33845025,0.0
0.44601226,0.65202767,0.0,0.7109857,0.0,0.53278965,0.7529129,0.6102673,0.0,0.0,0.0,0.70957536,0.0,0.0,0.0,0.7713045,0.0,0.50470823,0.67717636,0.0,0.0,0.6343846,0.75544786,0.0,0.8442848,0.0,0.0,0.0,0.0,0.8250274,0.49111447,0.0
0.0,0.0,0.46138224,0.060616862,0.22646743,0.0,0.3136739,0.0,0.6677406,0.34151813,0.9037907,0.047433008,0.23887746,0.55792296,0.6331773,0.0075134784,0.40450904,0.0,0.16994637,0.7556912,0.3320956,0.25658187,0.0,0.7608624,0.0,0.58888185,0.39224297,0.718706,0.9293344,0.1183954,0.0,0.11705052
0.2795897,0.29140016,0.0,0.4382833,0.0,0.29524234,0.35775888,0.40336832,0.0,0.0,0.0,0.43063897,0.0,0.0,0.0,0.54940736,0.0,0.09885545,0.23649743,0.0,0.0,0.10620701,0.25099906,0.0,0.4833632,0.0,0.0,0.0,0.0,0.28272343,0.15365537,0.0
0.0,0.0,0.63380015,0.0,0.17527008,0.0,0.0,0.0,0.32637423,0.18598273,0.6058241,0.0,0.42290348,0.0,0.43033722,0.0,0.38537037,0.0,0.0,0.119931296,0.33563417,0.0,0.0,0.5476182,0.0,0.36211044,0.48541838,0.605408,0.547831,0.0,0.0,0.17609632
0.0,0.0,0.89357567,0.0,1.1700647,0.0,0.0,0.0,1.1979251,1.2171602,1.099885,0.0,0.6899227,0.5729618,1.3224802,0.0,0.74400467,0.0,0.0,0.97071606,1.3359879,0.0,0.0,1.2929515,0.0,0.7596075,1.1046202,1.4407474,1.1936831,0.0,0.0,0.8477489
1.036981,1.3246737,0.0,0.9624794,0.0,1.4530216,1.3593177,1.2401696,0.0,0.0,0.0,1.434103,0.0,0.0,0.0,1.0879364,0.0,1.2065725,1.179588,0.0,0.0,1.2808673,1.27094,0.0,1.2401912,0.0,0.0,0.0,0.0,1.3156526,1.1310453,0.0
0.0,0.0,1.2957629,0.0,1.0649506,0.0,0.0,0.0,1.3573729,1.2078544,1.4113518,0.0,0.7395235,0.8071295,1.6945812,0.0,1.1031626,0.0,0.0,0.9492538,1.1754223,0.0,0.0,1.1512207,0.0,1.1047351,1.3481852,2.3660862,1.3702452,0.0,0.0,0.9478613
0.0,0.0,0.22757104,0.015964024,0.0,0.0282247,0.0,0.10145808,0.08238323,0.2362768,0.29592773,0.0,0.2414192,0.059483074,0.14475031,0.0,0.17010935,0.0,0.0221721,0.18369108,0.18613446,0.0,0.0,0.30511197,0.0,0.010283306,0.20949608,0.15025249,0.13044447,0.0,0.0,0.13026617
0.0,0.0,0.6873889,0.0,0.8085674,0.0,0.0,0.0,0.73479515,0.6629125,0.8336536,0.0,0.9147624,0.75327533,0.6582903,0.0,0.51762843,0.0,0.0,0.8615473,0.50688857,0.0,0.21309738,0.46229348,0.0,0.857088,0.5414687,1.0625558,0.6981954,0.0,0.0,0.6962952
0.6145408,0.47088596,0.0,0.56437594,0.0,0.48108187,0.23270118,0.501671,0.0,0.0,0.0,0.39839876,0.0,0.0,0.0,0.63732874,0.0,0.46510565,0.32608852,0.0,0.26097363,0.40750816,0.6004993,0.0,0.60099524,0.0,0.0,0.0,0.0,0.6882845,0.054744087,0.0
0.70731777,0.21417361,0.0,0.5301441,0.0,0.35240123,0.19992277,0.6627468,0.0,0.0,0.0,0.4441014,0.0,0.0,0.0,0.73896927,0.0,0.48734826,0.65725464,0.0,0.0,0.47886074,0.6250459,0.0,0.6741297,0.0,0.0,0.0,0.0,0.51813495,0.25878966,0.0
0.0,0.008865319,0.66539264,0.0,0.39035666,0.0,0.0,0.0,0.63502485,0.52582645,0.61575806,0.0,0.47377813,0.14652967,0.47388166,0.0,0.01405859,0.0,0.0,0.2952231,0.51811165,0.0,0.02789149,0.7355471,0.0,0.43550253,0.6350582,0.27439338,0.8133951,0.0,0.0,0.5494822
0.0,0.0,0.6108227,0.0,0.25021553,0.0,0.0,0.0,0.563814,0.43581605,0.61354584,0.0,0.47621542,0.0,0.5778371,0.0,0.04748235,0.0,0.0,0.29064584,0.4276842,0.0,0.0,0.72599447,0.0,0.32036614,0.64545375,0.516429,0.6804402,0.0,0.0,0.28383774
0.0,0.0,0.9415934,0.0,0.5373173,0.0,0.0,0.0,1.1542649,0.71233696,1.3706592,0.0,0.89791656,0.6752418,0.78151304,0.0,1.0310965,0.0,0.0,0.91846365,0.63942194,0.0,0.0,1.203702,0.0,1.0520648,0.7416032,0.9548911,1.3807924,0.0,0.0,0.55877763
0.0,0.14327423,0.0,0.37975234,0.0,0.0,0.5633398,0.0,0.0,0.0,0.49003035,0.2662289,0.0696685,0.0,0.07215069,0.4567594,0.0,0.0,0.69039047,0.3831904,0.0,0.23876484,0.0,0.47869673,0.0,0.0,0.04609558,0.0,0.16641155,0.21596971,0.5158468,0.0
0.61292267,0.6416941,0.0,0.7674815,0.0,0.63089156,0.7351667,0.75707537,0.0,0.0,0.0,0.73694146,0.0,0.0,0.0,0.85089034,0.0,0.55175155,0.7309898,0.0,0.0,0.5468347,0.59733486,0.0,0.91924053,0.0,0.0,0.0,0.0,0.670878,0.5770346,0.0
0.0,0.0,0.21684706,0.0,0.0,0.07532205,0.039381355,0.0,0.060062643,0.053781938,0.20616202,0.020559072,0.4136384,0.37632906,0.0,0.030747317,0.40406173,0.0,0.1265123,0.26154453,0.22652876,0.05079253,0.0,0.10426947,0.0,0.14580332,0.03804759,0.0,0.14510976,0.047750115,0.17835477,0.2342514
0.3202538,0.36437178,0.0,0.53939015,0.0,0.54620177,0.5937843,0.70101863,0.0,0.0,0.0,0.59446937,0.0,0.0,0.0,0.63433415,0.0,0.43894342,0.6797584,0.0,0.0,0.46192577,0.47102368,0.0,0.6031693,0.0,0.0,0.0,0.0,0.43683946,0.45200253,0.0
0.0,0.0,1.2773048,0.0,0.8870688,0.0,0.0,0.0,1.1571587,0.92068833,0.8153149,0.0,1.0290446,1.7016493,0.54370606,0.0,1.436464,0.0,0.0,1.2701162,1.3452989,0.0,0.0,1.1084075,0.0,1.4173937,0.3842309,0.22692317,1.2903436,0.0,0.0,1.1171585
0.0,0.4525596,0.22205795,0.21715263,0.0,0.20278023,0.21768942,0.36658165,0.15024716,0.0,0.23083663,0.39733827,0.17161271,0.07052423,0.2914012,0.17141432,0.2793524,0.0,0.35479495,0.31183094,0.26665542,0.075329036,0.22623992,0.108559206,0.0990098,0.022916578,0.18546882,0.14998916,0.21425709,0.41956627,0.050834954,0.0
0.0,0.0,1.6126158,0.0,0.5939052,0.0,0.0,0.0,1.5227134,1.3762612,1.3386298,0.0,1.6880122,2.0300407,1.5494947,0.0,0.7983105,0.0,0.0,1.6162997,1.0430473,0.0,0.0,1.1327881,0.0,1.7357814,1.4601427,1.2489215,1.6408232,0.0,0.0,1.834463
0.7277956,0.92856437,0.0,0.9733822,0.0,0.8191023,0.97087485,0.7872616,0.0,0.0,0.0,0.95301735,0.0,0.0,0.0,0.9107776,0.0,0.6449226,0.99338436,0.0,0.0,0.7951747,0.72658956,0.0,1.0206729,0.0,0.0,0.0,0.0,0.961677,0.69611377,0.0
0.0,0.0,1.4808652,0.0,0.0,0.0,0.0,0.0,1.1344639,1.0332562,1.4133519,0.0,1.1594303,0.74419546,1.3367022,0.0,0.58025044,0.0,0.0,1.3777717,0.45468152,0.0,0.0,1.1656985,0.0,1.3726639,0.7764022,1.082587,1.5335723,0.0,0.0,1.0018085
0.42456383,0.5236419,0.0,0.62311804,0.0,0.5343979,0.61152107,0.59951425,0.0,0.0,0.0,0.67652696,0.0,0.0,0.0,0.6432282,0.0,0.42063302,0.70421255,0.0,0.0,0.5073712,0.52641094,0.0,0.7254027,0.0,0.0,0.0,0.0,0.6324137,0.5081288,0.0
0.0,0.0,0.7287779,0.0,0.6018319,0.0,0.0,0.0,1.2232926,0.82060516,1.3671197,0.0,1.0814207,0.53977007,1.0515996,0.0,0.48238903,0.0,0.0,0.8548935,1.0340332,0.0,0.0,1.0005552,0.0,0.9141037,1.126226,1.3551021,1.162858,0.0,0.0,0.97787076
0.9898223,1.2140232,0.0,0.9005915,0.0,1.2948537,1.241132,0.9807765,0.0,0.0,0.0,1.0846174,0.0,0.0,0.0,0.9510553,0.0,0.976512,0.96845937,0.0,0.0,0.9612414,0.9022058,0.0,1.0274565,0.0,0.0,0.0,0.0,1.2178621,0.8635385,0.0
0.0,0.22624001,0.5017908,0.0,0.3447988,0.0,0.16438743,0.093505576,0.45325142,0.086848035,0.31118762,0.2444209,0.4032926,0.4948517,0.3487558,0.0,0.16506425,0.0,0.20811853,0.56038296,0.40115124,0.0,0.19643462,0.07429102,0.0,0.49757767,0.037932612,0.23991191,0.47090793,0.17770544,0.0,0.1821717
0.0,0.0,0.95586526,0.0,0.42853403,0.0,0.0,0.0,0.67063785,0.83021295,0.7382934,0.0,0.9600106,0.87992316,0.5456798,0.0,0.90683997,0.0,0.0,0.8930727,0.7532338,0.0,0.0,0.8765476,0.0,0.7273968,0.7135269,0.437693,0.5428639,0.0,0.0,0.8284139
0.4286939,0.5438852,0.0,0.4919851,0.0,0.5206794,0.6571096,0.6771556,0.0,0.0,0.0,0.68050903,0.0,0.0,0.0,0.66355735,0.0,0.50758964,0.64949524,0.0,0.0,0.5282881,0.524032,0.0,0.65909386,0.0,0.0,0.0,0.0,0.56034744,0.49975973,0.0
0.9881428,1.653439,0.0,1.4460666,0.0,0.63868344,1.6342895,0.0,0.0,0.0,0.0,1.3020949,0.0,0.0,0.0,1.3661315,0.0,0.99932075,1.5020576,0.0,0.0,1.5845371,0.9806441,0.0,1.2382435,0.0,0.0,0.0,0.0,1.5176493,1.1949065,0.0
0.8970935,1.6868889,0.0,1.5425155,0.0,0.5531594,1.6990535,0.0,0.0,0.0,0.0,1.3753656,0.0,0.0,0.0,1.3807931,0.0,0.9444642,1.6043012,0.0,0.0,1.6599616,1.0723689,0.0,1.2815725,0.0,0.0,0.0,0.0,1.5806403,1.2215115,0.0
0.78497475,0.0,0.0,0.37681124,0.0,0.83451617,1.2067777,0.39689064,0.0,0.0,0.0,1.2170303,0.0,0.0,0.0,0.7037355,0.0,1.2693748,0.52003986,0.0,0.0,1.2279718,0.376473,0.0,0.7634917,0.0,0.0,0.0,0.0,0.5613403,0.54024416,0.0
1.5763371,1.7770157,0.0,1.571235,0.0,1.7021607,1.712373,1.2887417,0.0,0.0,0.0,1.572128,0.0,0.0,0.0,1.5033133,0.0,1.403563,1.4820997,0.0,0.0,1.5370356,1.3995872,0.0,1.7782068,0.0,0.0,0.0,0.0,1.6750857,1.457981,0.0
0.83396107,0.99357736,0.0,1.06608,0.0,0.9310722,1.0970335,1.0866988,0.0,0.0,0.0,1.1180319,0.0,0.0,0.0,1.0056869,0.0,0.8244573,1.1648144,0.0,0.0,1.0268574,0.6543137,0.0,1.1722728,0.0,0.0,0.0,0.0,0.9263261,0.78386474,0.0
0.0,0.0,1.1294914,0.0,0.84069014,0.0,0.0,0.0,1.3960541,1.3810172,1.1988057,0.0,1.3520354,1.2797658,0.8289332,0.0,0.8878024,0.0,0.0,1.2774385,0.81602865,0.0,0.0,1.3215567,0.0,1.4207683,1.1936723,0.90020424,1.3352388,0.0,0.0,1.6017978
0.0,0.067219496,0.5117656,0.0,0.13749832,0.0,0.0,0.018079609,0.39009094,0.3726901,0.46686947,0.0,0.32880074,0.0,0.5470915,0.0,0.0,0.0,0.0,0.17404723,0.33343035,0.0,0.0,0.5242862,0.0,0.20279026,0.5236611,0.43764603,0.5195702,0.0,0.0,0.06496148
0.34374648,0.6081739,0.0,0.3814197,0.0,0.42827082,0.487328,0.519176,0.0,0.0,0.0,0.58956724,0.0,0.0,0.0,0.4106115,0.0,0.3609515,0.72011334,0.0,0.0,0.5782775,0.29385966,0.0,0.5379665,0.0,0.0,0.0,0.0,0.501942,0.24048957,0.0
0.0,0.0,0.4311346,0.0,0.0,0.0,0.0,0.0,0.42408013,0.55737066,0.051364828,0.0,0.5248022,0.7385697,0.0,0.0,0.37588888,0.0,0.0,0.5362371,0.26305133,0.0,0.0,0.44262707,0.0,0.53368104,0.09745131,0.0,0.36084253,0.0,0.0,0.37487018
1.4625528,1.5390285,0.0,1.3753368,0.0,1.147142,1.3374561,1.3881292,0.0,0.0,0.0,1.3573278,0.0,0.0,0.0,1.4872179,0.0,1.295184,1.5343195,0.0,0.0,1.1311464,1.1285346,0.0,1.4760994,0.0,0.0,0.0,0.0,1.3218999,1.3476636,0.0
0.34363455,0.5206844,0.0,0.6348025,0.0,0.4565202,0.69614863,0.5897603,0.0,0.0,0.0,0.6625207,0.0,0.0,0.0,0.66934365,0.0,0.47990415,0.6915309,0.0,0.0,0.5595731,0.6479726,0.0,0.72339624,0.0,0.0,0.0,0.0,0.6960657,0.42874438,0.0
0.0,0.0,0.48611018,0.0,0.17140757,0.070084326,0.0,0.0,0.46295607,0.19877073,0.19496614,0.0,0.40720856,0.4044769,0.16418612,0.0,0.5395865,0.0,0.05463118,0.4259173,0.40457177,0.0900849,0.0,0.5196831,0.0,0.49676085,0.29901046,0.12924173,0.58755404,0.0,0.0,0.19905467
0.14679988,0.28573716,0.1449759,0.09539383,0.027976818,0.21355934,0.13822745,0.3794277,0.0,0.0,0.30931807,0.40877134,0.106525116,0.0,0.2955345,0.10549457,0.26367438,0.082653254,0.39345276,0.1029531,0.24587399,0.030007564,0.3821697,0.08003005,0.08965407,0.05457338,0.0,0.23861405,0.07233534,0.13683677,0.2165202,0.0
0.08867449,0.44757846,0.0418059,0.50313765,0.0,0.077124596,0.49688947,0.31917933,0.0,0.0,0.0,0.3414523,0.0,0.08511877,0.0,0.49652946,0.0,0.024371298,0.34600785,0.0,0.032659903,0.25312367,0.44855905,0.0,0.48159802,0.0,0.0,0.0,0.0,0.6151976,0.08397703,0.0
0.10106659,0.21730423,0.11166818,0.22352126,0.0,0.0,0.27838552,0.34138075,0.0,0.0,0.0,0.06973509,0.0,0.0,0.0,0.43954784,0.0,0.0,0.23410702,0.0,0.0,0.016417414,0.06937826,0.0062608495,0.42548257,0.0,0.12140206,0.0,0.0,0.36053392,0.0,0.0
1.1728675,1.6481048,0.0,1.3014872,0.0,1.140426,1.2020051,1.2108991,0.0,0.0,0.0,1.2346472,0.0,0.0,0.0,1.3209022,0.0,1.2294875,1.3968033,0.0,0.0,1.1119734,1.1807669,0.0,1.3104032,0.0,0.0,0.0,0.0,1.3222604,1.1388091,0.0
0.0,0.0,0.71285915,0.0,0.20985189,0.0,0.0,0.0,0.46434867,0.2712137,0.64164454,0.0,0.548764,0.0,0.55758923,0.0,0.36353323,0.0,0.0,0.30342504,0.38455984,0.0,0.0,0.63955486,0.0,0.3589766,0.67883503,0.62344664,0.67944556,0.0,0.0,0.33419368
0.0070327627,0.3302545,0.0,0.3778092,0.0,0.46647453,0.4370662,0.31329906,0.0,0.0,0.0,0.32223076,0.0,0.0,0.0,0.30737543,0.0,0.07330778,0.67454356,0.0,0.0,0.5632274,0.17171484,0.0,0.28541824,0.0,0.0,0.0,0.0,0.35162222,0.23639429,0.0
0.0,0.077702165,0.4570886,0.0,0.20733953,0.13003208,0.0,0.021920139,0.30002254,0.18623048,0.4960615,0.0,0.34434813,0.036397044,0.48002052,0.0,0.12909459,0.0,0.0,0.27569458,0.4106062,0.0,0.0453312,0.41731128,0.0,0.24701576,0.3619401,0.17990029,0.4607515,0.0,0.0,0.28237897
0.29493648,0.60144997,0.0,0.52892345,0.0,0.30880615,0.69443375,0.5067488,0.0,0.0,0.0,0.5963533,0.0,0.12600553,0.0,0.564755,0.0,0.22494377,0.31759077,0.0,0.0,0.2897687,0.48180902,0.0,0.65512,0.0,0.0,0.0,0.0,0.73876864,0.29946622,0.0
0.01840974,0.07243354,0.17191587,0.026756588,0.0,0.0,0.043156736,0.0,0.048656188,0.25296414,0.0,0.0,0.29578164,0.47375503,0.0,0.12655644,0.26027218,0.033226185,0.21043174,0.31921497,0.08632477,0.0,0.0,0.122065455,0.11205214,0.17958942,0.0,0.0,0.015429519,0.11394495,0.23745449,0.17030019
1.4714661,1.753081,0.0,1.5208801,0.0,1.6764395,1.6665796,1.2222259,0.0,0.0,0.0,1.577692,0.0,0.0,0.0,1.5101337,0.0,1.4061984,1.4564853,0.0,0.0,1.5303719,1.3463901,0.0,1.7559125,0.0,0.0,0.0,0.0,1.6118153,1.3982319,0.0
0.18225805,0.52685034,0.0,0.43664584,0.0,0.4136396,0.50860316,0.45844597,0.0,0.0,0.0,0.46161962,0.0,0.0,0.0,0.52182406,0.0,0.41015983,0.5636463,0.0,0.0,0.5332713,0.56158864,0.0,0.60254544,0.0,0.0,0.0,0.0,0.59473574,0.28252319,0.0
0.0,0.0,0.46358466,0.0,0.31649625,0.0,0.0,0.0,0.37941206,0.2384986,0.5519537,0.0,0.41904467,0.1522677,0.35938072,0.0,0.50684357,0.0,0.0,0.27896127,0.26071256,0.0,0.0,0.3917658,0.0,0.5385454,0.22712731,0.26200357,0.5522964,0.0,0.0,0.16458249
0.6923821,0.87516326,0.0,1.0105114,0.0,0.95288414,0.8799502,0.66809255,0.0,0.0,0.0,1.0045421,0.0,0.0,0.0,0.74472964,0.0,0.79994905,0.9063409,0.0,0.0,0.98159564,0.8540304,0.0,1.0716984,0.0,0.0,0.0,0.0,0.92832476,0.64120895,0.0
0.0,0.0,0.781054,0.0,0.2506014,0.0,0.0,0.0,1.0030636,0.9160769,0.8934406,0.0,1.2096729,0.49949938,0.7448745,0.0,0.26398188,0.0,0.0,1.1070951,0.0,0.0,0.0,0.506562,0.0,0.75822884,0.8773148,0.9866272,0.8235431,0.0,0.0,0.9547071
0.3421783,0.46135432,0.0,0.35219193,0.0,0.44562218,0.43273628,0.52615434,0.0,0.0,0.0,0.59452236,0.0,0.0,0.0,0.39292604,0.0,0.25960636,0.5824437,0.0,0.08812856,0.34886727,0.353507,0.0,0.39467233,0.0,0.0,0.0,0.0,0.41674146,0.3165258,0.0
0.0,0.0,0.5893196,0.0,0.31839865,0.0,0.0,0.0112753995,0.43522662,0.31839302,0.65345997,0.0,0.36588055,0.0,0.62489104,0.0,0.039125018,0.0,0.0,0.10944152,0.35022825,0.0,0.0,0.5804821,0.0,0.3412699,0.5156876,0.5563128,0.64027053,0.0,0.0,0.091553435
0.44540936,0.6857386,0.0,0.7283305,0.0,0.5713244,0.659251,0.63111246,0.0,0.0,0.0,0.7816965,0.0,0.0,0.0,0.6236058,0.0,0.5573002,0.7664552,0.0,0.0,0.6871543,0.59033895,0.0,0.73050845,0.0,0.0,0.0,0.0,0.68716043,0.5058584,0.0
1.1530973,1.5959356,0.0,1.2514712,0.0,1.0922314,1.2559408,0.9891705,0.0,0.0,0.0,1.2918364,0.0,0.0,0.0,1.3174063,0.0,1.087167,1.3022835,0.0,0.0,1.1248798,0.98859847,0.0,1.3207742,0.0,0.0,0.0,0.0,1.2487193,0.9854849,0.0
1.3613778,1.469643,0.0,1.2620816,0.0,1.1626955,1.4206622,1.166265,0.0,0.0,0.0,1.4552662,0.0,0.0,0.0,1.3172309,0.0,1.1334172,1.4536761,0.0,0.0,1.1194781,1.0067817,0.0,1.3447219,0.0,0.0,0.0,0.0,1.2902054,1.1612598,0.0
0.21249561,0.4237345,0.0,0.25639576,0.0,0.36225206,0.42812443,0.3502045,0.0,0.0,0.0,0.4828949,0.0,0.0,0.0,0.4535017,0.0,0.2985778,0.7255025,0.0,0.0,0.37984383,0.32455245,0.0,0.31531435,0.0,0.0,0.0,0.0,0.4328407,0.19859111,0.0
1.1723801,1.5182767,0.0,1.2181824,0.0,1.3819796,1.3996296,1.0448319,0.0,0.0,0.0,1.3435675,0.0,0.0,0.0,1.4020882,0.0,1.3012974,1.2879988,0.0,0.0,1.4081258,1.2874496,0.0,1.5050355,0.0,0.0,0.0,0.0,1.4091618,1.1923989,0.0
0.0,0.0,1.2547439,0.0,0.56741923,0.0,0.0,0.0,1.2674025,1.1293464,1.0211082,0.0,1.2738518,1.4095896,0.51484704,0.0,1.3746165,0.0,0.0,1.1594586,0.9871984,0.0,0.0,1.2913276,0.0,1.2317399,0.9595171,0.45527303,1.2690043,0.0,0.0,1.3026329
0.4657249,0.6322434,0.0,0.6642496,0.0,0.9191825,0.7899231,0.63928777,0.0,0.0,0.0,0.91538185,0.0,0.0,0.0,0.63543785,0.0,0.67593396,0.78317493,0.0,0.0,0.7899965,0.764946,0.0,0.78683,0.0,0.0,0.0,0.0,0.8576278,0.46334815,0.0
0.43234366,0.69207054,0.0,0.7040108,0.0,0.42274728,0.6578138,0.6489321,0.0,0.0,0.0,0.6538199,0.0,0.0,0.0,0.56022245,0.0,0.46903932,0.83496326,0.0,0.0,0.7143021,0.7369603,0.0,0.7761151,0.0,0.0,0.0,0.0,0.8090044,0.40721837,0.0
0.0,0.0,1.5318815,0.0,0.57321036,0.0,0.0,0.0,1.3432312,1.370031,1.2954086,0.0,1.5950519,1.1080445,1.6876332,0.0,0.4486876,0.0,0.0,1.2773106,0.65909076,0.0,0.0,0.8453573,0.0,1.4989657,1.4158895,1.7617772,1.4510823,0.0,0.0,1.5608325
0.68340266,0.8647641,0.0,0.540849,0.0,1.0224082,0.417719,0.95924383,0.0,0.0,0.0,0.5741479,0.0,0.0,0.0,0.28590298,0.0,0.91604006,0.8802506,0.0,0.0,0.68199515,0.3277183,0.0,0.94716805,0.0,0.0,0.0,0.0,0.55135417,0.7156995,0.0
0.48712307,0.7953724,0.0,0.1420798,0.0,0.77971995,0.026706219,0.560395,0.0,0.0,0.0,0.035442326,0.0,0.0,0.0,0.13175467,0.1004079,0.5349041,0.54121804,0.0,0.06584243,0.29344243,0.4781174,0.21994638,0.6941013,0.0,0.0,0.0,0.0,0.4569191,0.74359083,0.0
0.55544657,0.77005595,0.0,0.86150753,0.0,0.7380858,0.8033571,0.6633322,0.0,0.0,0.0,0.87184197,0.0,0.0,0.0,0.7656417,0.0,0.7130963,0.95502055,0.0,0.0,0.86662835,0.6206753,0.0,0.98307204,0.0,0.0,0.0,0.0,0.806561,0.61298156,0.0
1.1848862,1.4001468,0.0,1.1274292,0.0,1.2270342,1.3474034,1.181252,0.0,0.0,0.0,1.4511477,0.0,0.0,0.0,1.3189598,0.0,1.2719587,1.2614884,0.0,0.0,1.2098702,1.0510257,0.0,1.3068926,0.0,0.0,0.0,0.0,1.2635154,1.2144703,0.0
0.48286903,0.9130767,0.0,0.92161727,0.0,0.7530362,0.8965644,0.692478,0.0,0.0,0.0,0.7668931,0.0,0.0,0.0,0.6987009,0.0,0.3392117,0.86614615,0.0,0.0,0.85132265,0.61573744,0.0,0.8025111,0.0,0.0,0.0,0.0,0.8687968,0.47352663,0.0
0.15919363,0.6615345,0.0,0.5381606,0.0,0.5566289,0.49553865,0.35457745,0.0,0.0,0.0,0.52403104,0.0,0.0,0.0,0.32145002,0.0,0.25663272,0.70514494,0.0,0.0,0.5622608,0.607285,0.0,0.42732728,0.0,0.0,0.0,0.0,0.7390325,0.2614346,0.0
0.0,0.0,0.96852255,0.0,0.7790751,0.0,0.0,0.0,0.73228437,0.6193187,0.58973867,0.0,0.6728562,1.504021,0.28016117,0.0,1.1674311,0.0,0.0,0.83214843,1.0041597,0.0,0.0,0.6833975,0.0,0.8794133,0.0,0.26116657,0.65942544,0.0,0.0,0.4081536
1.1177655,1.456957,0.0,1.1570234,0.0,1.2854068,1.3804209,1.1159297,0.0,0.0,0.0,1.465542,0.0,0.0,0.0,1.2696334,0.0,1.1598788,1.3004986,0.0,0.0,1.2381338,1.2086468,0.0,1.3300934,0.0,0.0,0.0,0.0,1.317138,1.160029,0.0
1.1686122,1.3645222,0.0,1.0405321,0.0,0.9408613,0.7617664,1.2806687,0.0,0.0,0.0,1.1493579,0.0,0.0,0.0,1.0937276,0.0,1.3234076,1.2254132,0.0,0.0,0.9416053,1.0147058,0.0,1.3960711,0.0,0.0,0.0,0.0,1.0884193,1.0516045,0.0
0.34882045,0.5353033,0.0,0.5488633,0.0,0.5589131,0.5485306,0.51320326,0.0,0.0,0.0,0.555201,0.0,0.0,0.0,0.55543566,0.0,0.39341432,0.75383884,0.0,0.0,0.59392184,0.33814666,0.0,0.59601504,0.0,0.0,0.0,0.0,0.44899243,0.42002335,0.0
1.2506899,1.4056883,0.0,1.1709622,0.0,1.3246808,1.4579628,1.1197568,0.0,0.0,0.0,1.5076408,0.0,0.0,0.0,1.3594052,0.0,1.2751997,1.339627,0.0,0.0,1.2937317,1.2588518,0.0,1.4801518,0.0,0.0,0.0,0.0,1.4034866,1.2211534,0.0
0.0,0.0,0.9252695,0.0,0.6105834,0.0,0.0,0.0,1.1383071,0.82053405,1.0311251,0.0,1.138119,1.0107248,0.8026276,0.0,0.58822936,0.0,0.0,1.1199536,0.4408313,0.0,0.0,0.45037693,0.0,0.8891362,0.7955456,0.97467667,0.8921578,0.0,0.0,1.043802
0.0,0.46455747,0.017131038,0.27228028,0.0,0.119685665,0.8722709,0.0,0.39407796,0.029987238,0.6926863,0.7176778,0.009568155,0.11213037,0.4940396,0.3950823,0.068451345,0.0,0.64976734,0.5858992,0.25127319,0.481933,0.17649314,0.4731649,0.0,0.13695216,0.047283117,0.29877985,0.66032696,0.6036714,0.17544541,0.0
0.35945165,0.52158207,0.0,0.591776,0.0,0.53815436,0.604086,0.6768629,0.0,0.0,0.0,0.6246192,0.0,0.0,0.0,0.5614811,0.0,0.39726186,0.6206958,0.0,0.0,0.4353453,0.40361634,0.0,0.545256,0.0,0.0,0.0,0.0,0.6012427,0.34216905,0.0
1.2012075,1.2459452,0.0,1.2122245,0.0,1.2639161,1.1050302,1.2383122,0.0,0.0,0.0,1.2432474,0.0,0.0,0.0,1.1623262,0.0,1.5033439,1.3726863,0.0,0.0,1.2822422,1.1668161,0.0,1.544346,0.0,0.0,0.0,0.0,1.1758865,1.1753197,0.0
0.0,0.0,0.8368013,0.0,0.51998085,0.0,0.0,0.0,0.79985017,0.59420556,0.7580765,0.0,0.7568324,0.55092674,0.43933865,0.0,0.833583,0.0,0.0,0.57274705,0.726626,0.0,0.0,0.96430504,0.0,0.749138,0.59882176,0.4124707,0.95833164,0.0,0.0,0.5555034
0.0,0.0,1.2272872,0.0,1.0722481,0.0,0.0,0.0,1.3592061,1.0920715,1.4626958,0.0,0.5243514,0.73805994,1.5774189,0.0,1.1632732,0.0,0.0,1.1939985,1.0954915,0.0,0.0,1.2421969,0.0,1.1416079,1.2445818,2.2618203,1.7925695,0.0,0.0,0.7140679
1.2615608,1.6150975,0.0,1.4512001,0.0,1.3465904,1.4524938,1.1539323,0.0,0.0,0.0,1.4763014,0.0,0.0,0.0,1.4942383,0.0,1.3180753,1.4687146,0.0,0.0,1.3317201,1.2670877,0.0,1.6015031,0.0,0.0,0.0,0.0,1.4767402,1.3526254,0.0
1.2233778,1.607465,0.0,1.3677579,0.0,1.2668852,1.3840717,1.1670103,0.0,0.0,0.0,1.4674946,0.0,0.0,0.0,1.4460285,0.0,1.2647504,1.4176903,0.0,0.0,1.2149146,1.185746,0.0,1.4700516,0.0,0.0,0.0,0.0,1.3654103,1.3554193,0.0
0.5898368,0.79923123,0.0,0.77700984,0.0,0.4905845,0.947146,0.6573265,0.0,0.0,0.0,0.7238968,0.0,0.0,0.0,0.7560877,0.0,0.4256083,0.8362154,0.0,0.0,0.59306735,0.77004266,0.0,0.90841305,0.0,0.0,0.0,0.0,0.877955,0.59760255,0.0
0.3956219,0.6917237,0.0,0.5844236,0.0,0.48219448,0.77962965,0.47563058,0.0,0.0,0.0,0.5282185,0.0,0.008677229,0.0,0.62945646,0.0,0.37733388,0.6986143,0.0,0.0,0.48066628,0.7680094,0.0,0.71149373,0.0,0.0,0.0,0.0,0.7861307,0.4765444,0.0
0.46751422,0.48243868,0.0,0.5898264,0.0,0.5105862,0.73851544,0.72481465,0.0,0.0,0.0,0.62252945,0.0,0.0,0.0,0.7397894,0.0,0.49699223,0.62871283,0.0,0.0,0.49297914,0.60810435,0.0,0.7065097,0.0,0.0,0.0,0.0,0.6126387,0.40974015,0.0
0.4685759,0.76238537,0.0,0.82698303,0.0,0.72828346,0.7224878,0.5139579,0.0,0.0,0.0,0.8268827,0.0,0.0,0.0,0.7017217,0.0,0.7059799,0.91147923,0.0,0.0,0.8558505,0.68446887,0.0,0.8779436,0.0,0.0,0.0,0.0,0.73668885,0.5636973,0.0
0.0,0.20193449,0.0,0.3153849,0.0,0.35220277,0.33505797,0.42875853,0.0,0.0,0.0,0.24756601,0.0,0.0,0.0,0.23858298,0.0,0.12955056,0.56690186,0.0,0.022211824,0.37363937,0.31231532,0.0,0.22073214,0.0,0.058506645,0.0,0.0,0.25832653,0.20807114,0.0
0.3938638,0.50809944,0.0,0.5616602,0.0,0.5335394,0.5719648,0.6427585,0.0,0.0,0.0,0.6139813,0.0,0.0,0.0,0.58500075,0.0,0.46658978,0.62828773,0.0,0.0,0.48478618,0.4835558,0.0,0.68013465,0.0,0.0,0.0,0.0,0.61300015,0.4148653,0.0
0.0,0.11528593,0.07302352,0.17668608,0.0,0.26555353,0.039649673,0.16278872,0.0,0.0,0.0697711,0.0928281,0.06516397,0.0,0.07290918,0.26073664,0.0,0.044397436,0.16584294,0.0038295016,0.07993882,0.0,0.01703245,0.0937714,0.09171601,0.0,0.0,0.0,0.035730585,0.0,0.07075778,0.05483414
0.80019176,1.1109183,0.0,0.6915391,0.0,1.0697607,1.0843419,0.8243557,0.0,0.0,0.0,1.1388041,0.0,0.0,0.0,0.98726124,0.0,0.8026632,0.95198894,0.0,0.0,1.1916536,0.7712233,0.0,1.0199584,0.0,0.0,0.0,0.0,1.1799448,0.935538,0.0
0.98765165,1.2205739,0.0,0.8167542,0.0,1.2379869,1.1784863,0.9085964,0.0,0.0,0.0,1.3218064,0.0,0.0,0.0,1.0621789,0.0,0.91240317,1.0415148,0.0,0.0,1.252905,0.841823,0.0,1.1145988,0.0,0.0,0.0,0.0,1.2684306,1.0125971,0.0
0.4042393,0.6768023,0.0,0.77483565,0.0,0.5824452,0.7149148,0.46527714,0.0,0.0,0.0,0.6861039,0.0,0.0,0.0,0.732781,0.0,0.5039832,0.77132237,0.0,0.0,0.6492903,0.6768496,0.0,0.81706685,0.0,0.0,0.0,0.0,0.81510395,0.47844207,0.0
0.0,0.0,1.6557465,0.0,0.5817135,0.0,0.0,0.0,1.087292,1.4205092,1.2627971,0.0,1.5570656,1.0554209,1.4463928,0.0,0.17483082,0.0,0.0,1.2548863,0.4982649,0.0,0.0,0.53872615,0.0,1.9343432,0.9306076,1.1957669,1.3802029,0.0,0.0,1.4224585
0.1881343,0.2737723,0.029789366,0.33831477,0.0,0.3518012,0.28729498,0.26687747,0.0,0.0,0.0,0.19618717,0.0,0.0,0.0,0.36891496,0.0,0.07798496,0.36257008,0.0,0.0,0.122708425,0.1402635,0.0,0.27546057,0.0,0.0,0.0,0.0,0.33238456,0.09111638,0.0
0.6695146,0.68964714,0.0,0.7722592,0.0,0.65842354,0.82168376,0.798629,0.0,0.0,0.0,0.868582,0.0,0.0,0.0,0.84469956,0.0,0.51565856,0.73844016,0.0,0.0,0.6308898,0.60962486,0.0,1.018287,0.0,0.0,0.0,0.0,0.7764242,0.63910383,0.0
1.6690581,1.9689243,0.0,1.6355048,0.0,1.5272987,1.5184875,1.359468,0.0,0.0,0.0,1.5997024,0.0,0.0,0.0,1.6363467,0.0,1.4215509,1.5367299,0.0,0.0,1.5784262,1.2810676,0.0,1.8862066,0.0,0.0,0.0,0.0,1.6342367,1.2767862,0.0
0.0,0.03503438,0.6442282,0.0,0.45041305,0.0,0.0,0.0,0.8854763,0.664446,0.8872317,0.0,0.65376693,0.92045075,0.68918437,0.0,0.83903164,0.0,0.078912556,1.0597627,0.8452823,0.0,0.0,0.9936872,0.0,0.74211586,0.36111766,0.6506401,0.98325336,0.0,0.0,0.31390584
1.0169692,1.5715046,0.0,1.2790717,0.0,1.2716122,1.308956,0.9430465,0.0,0.0,0.0,1.1538756,0.0,0.0,0.0,1.2939582,0.0,1.1307108,1.093132,0.0,0.0,1.1450905,1.119479,0.0,1.3417938,0.0,0.0,0.0,0.0,1.3105938,1.0883056,0.0
0.6073183,0.801957,0.0,0.86379683,0.0,0.7465247,0.85738355,0.70690477,0.0,0.0,0.0,0.8841355,0.0,0.0,0.0,0.8144215,0.0,0.58281696,0.91497445,0.0,0.0,0.789548,0.6597496,0.0,0.97062075,0.0,0.0,0.0,0.0,0.85126305,0.5961129,0.0
0.0,0.07585107,0.38926724,0.0,0.13603392,0.0,0.0,0.10484592,0.23601504,0.08942382,0.5152362,0.0,0.37254435,0.0,0.24982625,0.03394384,0.2792326,0.0,0.08024853,0.34264946,0.27307138,0.0,0.0,0.34412855,0.0,0.13581695,0.32736927,0.266142,0.46111214,0.0,0.0,0.0
0.0,0.0,1.5301547,0.0,0.9707838,0.0,0.0,0.0,1.3475918,1.523372,1.49012,0.0,1.5187634,1.079251,2.0519452,0.0,0.70110613,0.0,0.0,1.4098889,0.65850574,0.0,0.0,1.2686019,0.0,1.1835222,1.7287084,2.2561262,1.4043574,0.0,0.0,1.6931432
0.0,0.38014954,0.13730662,0.22126919,0.0,0.3567062,0.21329708,0.20540428,0.0,0.0,0.06513168,0.2249874,0.057849005,0.0,0.20878507,0.31206262,0.0,0.022260465,0.44520363,0.12541088,0.14462769,0.1710177,0.3630418,0.08646095,0.14630437,0.0,0.030823879,0.0,0.0,0.2708146,0.16030414,0.0
0.06817851,0.0,0.079530485,0.0,0.0,0.08747251,0.12049042,0.34016606,0.019543383,0.10956792,0.25110483,0.082111076,0.10734564,0.0,0.03465136,0.17205474,0.0,0.0,0.14665031,0.0,0.0,0.0,0.0,0.22525957,0.12791055,0.0,0.1241117,0.15681016,0.2015647,0.0,0.113037035,0.0
0.3215869,0.28916162,0.0,0.2826346,0.0,0.12590823,0.38582945,0.5716688,0.0,0.0,0.0,0.24002205,0.0,0.0,0.0,0.5962896,0.0,0.14947544,0.3344064,0.0,0.0,0.083752275,0.16595262,0.0,0.59552103,0.0,0.0,0.0,0.0,0.3160949,0.14685027,0.0
0.46356636,0.59279585,0.0,0.6846244,0.0,0.5832343,0.66733915,0.6658285,0.0,0.0,0.0,0.688479,0.0,0.0,0.0,0.68652457,0.0,0.45037314,0.72572565,0.0,0.0,0.53389657,0.55065715,0.0,0.7853886,0.0,0.0,0.0,0.0,0.6727751,0.5383938,0.0
1.3553783,1.3999208,0.0,1.2942787,0.0,1.3976517,1.4728059,1.1742209,0.0,0.0,0.0,1.3627077,0.0,0.0,0.0,1.4164402,0.0,1.3287244,1.2779254,0.0,0.0,1.1300777,1.0025948,0.0,1.4544464,0.0,0.0,0.0,0.0,1.3406396,1.1869137,0.0
0.73380977,0.85823977,0.0,0.97628534,0.0,1.0514933,1.0160224,0.68999887,0.0,0.0,0.0,0.9649427,0.0,0.0,0.0,0.9295475,0.0,0.7985658,0.90127665,0.0,0.0,0.9799878,0.9696679,0.0,1.1728046,0.0,0.0,0.0,0.0,1.0810882,0.7089421,0.0
0.0,0.0,0.6905689,0.0,0.2906872,0.0,0.0,0.0,0.62050384,0.39765933,0.64839125,0.0,0.79170716,0.98989743,0.307437,0.0,0.8923999,0.0,0.0,0.70867956,0.6580212,0.0,0.0,0.4309186,0.0,0.63199246,0.4541145,0.31538844,0.7086123,0.0,0.0,0.6116015
0.0,0.0,0.9387232,0.0,0.22119664,0.0,0.0,0.0,0.54770666,0.96569145,0.79342633,0.0,1.1313515,1.3426664,0.13795316,0.0,0.5839569,0.0,0.0,0.6299278,0.78860843,0.012002718,0.0,0.0,0.0,1.3009121,0.97108227,0.23615584,0.97742987,0.0,0.0,1.25201
0.0,0.0,0.29841757,0.0,0.08857438,0.0,0.0,0.0,0.21744281,0.3478581,0.15808024,0.0,0.382452,0.546104,0.0024071708,0.074423574,0.6495215,0.0,0.25808662,0.4082582,0.47424847,0.037801675,0.0,0.49833426,0.0,0.12632927,0.21352646,0.1082359,0.27728167,0.0,0.0,0.0
0.0,0.0,1.3232263,0.0,0.69120353,0.0,0.0,0.0,1.2462832,1.8058276,1.6148385,0.0,2.1883304,2.2981305,1.1699805,0.0,1.9130911,0.0,0.0,1.4542211,1.5969431,0.0,0.0,1.0804976,0.0,1.5049379,2.0610054,1.7472044,1.5024185,0.0,0.0,2.594731
0.0,0.08592791,0.00919129,0.074529946,0.0,0.20733255,0.19861147,0.124004535,0.033318467,0.05283405,0.0060899258,0.17513826,0.2922039,0.16747215,0.0,0.1537093,0.15961963,0.022334905,0.29755473,0.14261736,0.0,0.17386046,0.0,0.0,0.13989982,0.050832845,0.044830117,0.0,0.13518134,0.118261114,0.13804251,0.0
1.2396876,1.5641042,0.0,1.34892,0.0,1.5416588,1.5275254,1.214943,0.0,0.0,0.0,1.4700953,0.0,0.0,0.0,1.2791159,0.0,1.3289791,1.2803718,0.0,0.0,1.3774619,1.1477405,0.0,1.4506338,0.0,0.0,0.0,0.0,1.4280012,1.2005303,0.0
0.0,0.0,1.6073614,0.0,1.158971,0.0,0.0,0.0,1.4719563,1.2288857,1.4490746,0.0,0.88500804,1.3147889,1.898251,0.0,1.1805205,0.0,0.0,1.3882444,0.55782,0.0,0.0,1.7050741,0.0,1.9416769,1.1830722,1.8252889,1.8192651,0.0,0.0,1.075521
0.7868187,1.1402407,0.0,1.2110027,0.0,0.58530104,1.4737873,0.0,0.0,0.0,0.0,1.2704027,0.0,0.0,0.0,1.1203086,0.0,0.54845595,1.1890075,0.0,0.0,1.3364749,0.6904808,0.0,1.1156423,0.0,0.0,0.0,0.0,1.2575755,0.9069264,0.0
0.49843872,0.627105,0.0,0.6206701,0.0,0.7619121,0.76991385,0.6819334,0.0,0.0,0.0,0.664261,0.0,0.0,0.0,0.60362166,0.0,0.51818407,0.73683023,0.0,0.0,0.68230706,0.59532714,0.0,0.8094114,0.0,0.0,0.0,0.0,0.80157727,0.5223138,0.0
0.0,0.0,0.6916437,0.0,0.13178778,0.0,0.0,0.0,0.616534,0.7522022,0.1856457,0.0,0.60260916,1.0878026,0.0,0.0,0.74883384,0.0,0.0,0.6019694,0.6076248,0.0,0.0,0.7927702,0.0,0.82701135,0.1427387,0.0,0.6065263,0.0,0.0,0.53093404
1.4229441,1.6627985,0.0,1.4897358,0.0,1.3725835,1.5729549,1.258458,0.0,0.0,0.0,1.6283815,0.0,0.0,0.0,1.8262069,0.0,1.4987168,1.5198987,0.0,0.0,1.3090247,1.4058379,0.0,1.7246931,0.0,0.0,0.0,0.0,1.5405011,1.4535093,0.0
1.6452867,1.8695923,0.0,1.7280667,0.0,1.5758789,1.8368375,1.4553163,0.0,0.0,0.0,1.679778,0.0,0.0,0.0,1.849839,0.0,1.5251377,1.6476424,0.0,0.0,1.5957778,1.6035863,0.0,1.9048194,0.0,0.0,0.0,0.0,1.7422732,1.6448944,0.0
0.0,0.0,0.70040035,0.0,0.27300477,0.0,0.0,0.0,0.5845553,0.33071652,0.5719737,0.0,0.76251566,0.8254802,0.4705192,0.0,0.9595116,0.0,0.0,0.8667248,0.57657546,0.0,0.0,0.48024702,0.0,0.5002684,0.49451417,0.4987377,0.6042629,0.0,0.0,0.36352074
1.3820066,1.409493,0.0,1.314746,0.0,1.1393983,1.4466395,1.2835151,0.0,0.0,0.0,1.4922149,0.0,0.0,0.0,1.58403,0.0,1.2736136,1.5490724,0.0,0.0,1.3268118,1.2623621,0.0,1.5657182,0.0,0.0,0.0,0.0,1.4432323,1.2960985,0.0
1.30956,1.5994892,0.0,1.314498,0.0,1.1764569,1.2343407,1.2903782,0.0,0.0,0.0,1.4830077,0.0,0.0,0.0,1.4050252,0.0,1.1685091,1.3749435,0.0,0.0,1.1813507,1.2059457,0.0,1.291909,0.0,0.0,0.0,0.0,1.3662897,1.2099468,0.0
0.398246,0.44878912,0.0,0.6729324,0.0,0.47422183,0.7312671,0.72939765,0.0,0.0,0.0,0.67751664,0.0,0.0,0.0,0.59600836,0.0,0.34574178,0.57005155,0.0,0.0,0.44155502,0.4554562,0.0,0.6524359,0.0,0.0,0.0,0.0,0.607444,0.29981205,0.0
0.0,0.0,0.9171661,0.0,0.15152603,0.0,0.0,0.0,1.0603483,1.0317652,0.8843231,0.0,0.99063027,0.19661224,0.7626519,0.0,0.16318908,0.0,0.0,0.7614232,0.74666697,0.0,0.0,1.5891622,0.0,0.6497672,1.2600789,1.0903801,0.92533326,0.0,0.0,0.6138682
0.3879038,0.43346712,0.0,0.3699607,0.0,0.47955403,0.5346118,0.45714876,0.0,0.0,0.0,0.4748441,0.0,0.0,0.0,0.4737113,0.0,0.3271074,0.6367371,0.0,0.0,0.38537925,0.3736438,0.0,0.45963103,0.0,0.0,0.0,0.0,0.4991825,0.39846876,0.0
0.25197133,0.37245154,0.0,0.17287341,0.0,0.32206437,0.14959091,0.463199,0.0,0.060110316,0.0,0.34656382,0.0,0.16367787,0.21895136,0.25951833,0.19217172,0.3635321,0.34591955,0.22633597,0.3212394,0.23637886,0.19774714,0.029698353,0.40586174,0.0,0.09809108,0.11794871,0.0,0.31981096,0.1326844,0.0
0.0,0.0,1.4042103,0.0,1.0574698,0.0,0.0,0.0,1.354821,1.8185648,1.5132501,0.0,1.6540985,2.3853393,1.2518806,0.0,1.4746308,0.0,0.0,1.3501686,1.1081654,0.0,0.0,0.96869177,0.0,1.5372561,1.6544062,1.63906,1.7503145,0.0,0.0,2.079465
1.2452766,1.3372988,0.0,1.2900027,0.0,1.4674072,1.0944617,1.3048155,0.0,0.0,0.0,1.2721295,0.0,0.0,0.0,1.2848837,0.0,1.5243378,1.4232409,0.0,0.0,1.3077903,1.115722,0.0,1.6080599,0.0,0.0,0.0,0.0,1.2784438,1.1441826,0.0
0.8588519,0.9443815,0.0,0.69924355,0.0,0.6387269,0.73259956,0.9798368,0.0,0.0,0.0,0.83284986,0.0,0.0,0.0,0.86248004,0.0,1.079075,0.9010814,0.0,0.0,0.6432008,0.87843454,0.0,0.9029463,0.0,0.0,0.0,0.0,0.84356207,1.1354641,0.0
0.8021839,0.821093,0.0,1.0445807,0.0,0.8423365,1.1095213,0.90620184,0.0,0.0,0.0,1.0637884,0.0,0.0,0.0,0.9789471,0.0,0.6614964,1.1376442,0.0,0.0,0.9784097,0.6845616,0.0,1.0684538,0.0,0.0,0.0,0.0,0.88606036,0.77151185,0.0
0.0,0.0,1.0521758,0.0,0.27914095,0.0,0.0,0.0,1.1304909,1.0911239,1.0171982,0.0,1.3637122,1.2197428,0.4720221,0.0,1.3088889,0.0,0.0,1.3593668,0.65080106,0.0,0.0,0.93247926,0.0,1.0279051,0.86658067,0.7429085,0.9212168,0.0,0.0,1.0954621
0.0,0.0,0.5530419,0.0,0.11750353,0.0,0.0,0.0,0.46503282,0.46075854,0.36091855,0.0,0.62294245,0.9930651,0.1057903,0.0,1.1483443,0.0,0.0,0.6870213,0.6585659,0.0,0.0,0.5392527,0.0,0.46995664,0.34325784,0.0,0.46539366,0.0,0.0,0.20317076
0.0,0.0,0.51506853,0.0,0.020297019,0.0,0.0,0.0,0.39466077,0.23849213,0.3268587,0.0,0.56469226,0.86243993,0.08645792,0.0,0.93718135,0.0,0.060772546,0.5866319,0.57005036,0.012328524,0.0,0.33408293,0.0,0.26372772,0.39441365,0.0,0.29738927,0.0,0.0,0.2563131
0.0,0.0,0.56378746,0.0,0.14177874,0.0,0.0,0.0,0.31161577,0.3448901,0.4573694,0.0,0.39350706,0.0,0.5514057,0.0,0.0,0.0,0.0,0.18490168,0.3223614,0.0,0.0,0.5329261,0.0,0.25351527,0.423492,0.3363407,0.45070037,0.0,0.0,0.25545442
1.2470634,1.48024,0.0,1.1523896,0.0,1.6049582,1.5530736,1.1008692,0.0,0.0,0.0,1.4075235,0.0,0.0,0.0,1.2514964,0.0,1.3403151,1.2684147,0.0,0.0,1.3580953,1.23513,0.0,1.4436524,0.0,0.0,0.0,0.0,1.4256397,1.2520406,0.0
0.27716112,0.3319568,0.0,0.52397037,0.0,0.5149627,0.5014803,0.51559216,0.0,0.0,0.0,0.43039405,0.0,0.0,0.0,0.47912878,0.0,0.33309534,0.64123964,0.0,0.0,0.3665299,0.33675322,0.0,0.43191856,0.0,0.0,0.0,0.0,0.42449215,0.41479316,0.0
1.0679108,1.293907,0.0,1.128867,0.0,1.0618129,1.0859389,1.0673348,0.0,0.0,0.0,1.2420398,0.0,0.0,0.0,1.1740369,0.0,1.2690725,1.2419705,0.0,0.0,1.1206079,0.97482085,0.0,1.3906771,0.0,0.0,0.0,0.0,1.1483567,1.1200596,0.0
1.034876,1.3232874,0.0,1.2243849,0.0,1.1051587,1.09142,1.041082,0.0,0.0,0.0,1.277864,0.0,0.0,0.0,1.2447473,0.0,1.2341093,1.2845771,0.0,0.0,1.1359352,1.2583354,0.0,1.4213872,0.0,0.0,0.0,0.0,1.2121636,1.213428,0.0
0.52663255,0.5726695,0.0,0.69656956,0.0,0.59267545,0.7240175,0.78427035,0.0,0.0,0.0,0.708766,0.0,0.0,0.0,0.77294445,0.0,0.48088107,0.74648166,0.0,0.0,0.49902695,0.66478264,0.0,0.814731,0.0,0.0,0.0,0.0,0.67157704,0.59937525,0.0
1.4421979,1.8694094,0.0,1.5848641,0.0,1.4203357,1.4710507,1.212734,0.0,0.0,0.0,1.4380193,0.0,0.0,0.0,1.5441399,0.0,1.3728054,1.4076462,0.0,0.0,1.4256428,1.198582,0.0,1.7338767,0.0,0.0,0.0,0.0,1.5312878,1.2559441,0.0
0.20165989,0.32109448,0.0,0.13165063,0.0,0.36711743,0.3690204,0.29870796,0.0,0.017949633,0.0,0.31132,0.0127755925,0.09978823,0.0,0.3946817,0.0,0.44017375,0.4832562,0.018351704,0.0,0.24710402,0.3315241,0.0,0.39418542,0.0,0.0,0.0,0.0,0.3888293,0.33577228,0.0
0.064064175,0.16252086,0.18048479,0.0,0.041555572,0.15189089,0.1707705,0.18048558,0.1167699,0.31966564,0.09190592,0.20862666,0.15822901,0.28933764,0.0,0.20452029,0.14026026,0.22702187,0.19871384,0.3225355,0.0058203563,0.039944775,0.10652432,0.18136963,0.0979735,0.22295384,0.0,0.13360636,0.09286675,0.14189388,0.09895918,0.12066194
0.0,0.0,0.0,0.0,0.0,0.20219442,0.23122646,0.2641531,0.0,0.043528013,0.0,0.23101065,0.2534349,0.17141137,0.0,0.22046325,0.0,0.19631544,0.18667161,0.17407946,0.07355531,0.0,0.11675754,0.0,0.2180901,0.075620346,0.0,0.0,0.0,0.30120295,0.28529277,0.0
0.0,0.15418462,0.058841348,0.04690288,0.0,0.26160508,0.20215656,0.06542021,0.10758924,0.07234622,0.034516007,0.0348883,0.20347759,0.24056965,0.0,0.14918709,0.1777738,0.047937457,0.3617531,0.10232276,0.0,0.122538686,0.0,0.15859097,0.030302241,0.0,0.11043379,0.0,0.22022584,0.15628797,0.15185168,0.0
1.3541485,1.7076975,0.0,1.4428185,0.0,1.148091,1.383229,1.2114749,0.0,0.0,0.0,1.277384,0.0,0.0,0.0,1.5806638,0.0,1.3048717,1.4715924,0.0,0.0,1.1773,1.0865601,0.0,1.545642,0.0,0.0,0.0,0.0,1.4154307,1.2628182,0.0
1.3210331,1.7167313,0.0,1.408696,0.0,1.085207,1.2843071,1.22715,0.0,0.0,0.0,1.2510942,0.0,0.0,0.0,1.51296,0.0,1.2609168,1.3997053,0.0,0.0,1.1011083,1.0010742,0.0,1.4227954,0.0,0.0,0.0,0.0,1.3145033,1.2198359,0.0
0.58274084,0.9549148,0.0,0.6226956,0.0,0.63417983,0.8246237,0.28933004,0.0,0.0,0.0,0.85495347,0.0,0.0,0.0,1.0566422,0.0,0.9611673,0.8585775,0.0,0.0,0.60492706,0.4940585,0.0,0.79018915,0.0,0.0,0.0,0.0,0.83689475,0.9525529,0.0
0.3516146,0.38868508,0.0,0.50002766,0.0,0.46342966,0.6229535,0.6515591,0.0,0.0,0.0,0.5117356,0.0,0.0,0.0,0.6354953,0.0,0.4381487,0.61002415,0.0,0.0,0.41579044,0.5089567,0.0,0.59245604,0.0,0.0,0.0,0.0,0.46960253,0.33673444,0.0
0.0,0.0,1.132841,0.0,1.0938189,0.0,0.0,0.0,1.1756817,1.0398334,1.3149005,0.0,0.8237768,0.6011023,1.5118116,0.0,0.9739906,0.0,0.0,0.9036824,1.2022073,0.0,0.0,0.76819885,0.0,1.0156386,1.214877,2.3109405,1.2918941,0.0,0.0,0.84876835
0.022878166,0.041761965,0.040330485,0.19205225,0.0,0.017973468,0.14310297,0.34065354,0.0,0.0,0.013250604,0.044017125,0.011081532,0.0,0.0,0.36349642,0.0,0.0,0.15775149,0.0,0.0,0.0,0.0,0.026037402,0.27918512,0.0,0.08303878,0.0,0.0,0.08739451,0.0,0.0
0.273394,0.461137,0.0,0.34288487,0.0,0.31070247,0.4698258,0.5769943,0.0,0.0,0.0,0.34125024,0.0,0.0,0.0,0.44253826,0.0,0.18892503,0.532602,0.0,0.0,0.31997275,0.3540715,0.0,0.46220517,0.0,0.0,0.0,0.0,0.4399368,0.23507017,0.0
1.0183171,1.047455,0.0,1.2890096,0.0,1.0406657,1.2222147,1.0221549,0.0,0.0,0.0,1.2211905,0.0,0.0,0.0,1.1557719,0.0,1.0239667,1.2925652,0.0,0.0,1.1341356,0.92132616,0.0,1.4174352,0.0,0.0,0.0,0.0,1.1302618,1.0037087,0.0
1.314474,1.7266794,0.0,1.6245196,0.0,1.2920779,1.3319298,1.182173,0.0,0.0,0.0,1.1987683,0.0,0.0,0.0,1.4862014,0.0,1.3406053,1.4186264,0.0,0.0,1.2812811,1.0278052,0.0,1.676242,0.0,0.0,0.0,0.0,1.4122679,1.1282943,0.0
1.2767775,1.6280396,0.0,1.4324509,0.0,1.1683125,1.3074397,1.1565241,0.0,0.0,0.0,1.2363789,0.0,0.0,0.0,1.4682407,0.0,1.2762654,1.3177762,0.0,0.0,1.031946,1.0597633,0.0,1.4352745,0.0,0.0,0.0,0.0,1.3584318,1.2760525,0.0
0.9981171,1.4120961,0.0,1.106924,0.0,1.2045813,1.0690097,0.8904655,0.0,0.0,0.0,1.1880888,0.0,0.0,0.0,1.1788362,0.0,1.3680339,1.2580096,0.0,0.0,1.1312516,1.4221009,0.0,1.2855566,0.0,0.0,0.0,0.0,1.2555689,1.2253903,0.0
1.4586871,1.4586797,0.0,1.4578997,0.0,1.1760472,1.410481,1.4565691,0.0,0.0,0.0,1.5026191,0.0,0.0,0.0,1.5061142,0.0,1.4011658,1.61407,0.0,0.0,1.1915768,1.2463317,0.0,1.4776951,0.0,0.0,0.0,0.0,1.3435636,1.3946587,0.0
0.76290214,0.9637073,0.0,0.6730861,0.0,0.6956602,0.6923964,0.9371181,0.0,0.0,0.0,0.75794744,0.0,0.0,0.0,0.97421455,0.0,0.8873313,0.86745495,0.0,0.0,0.7457098,0.93834925,0.0,0.96566504,0.0,0.0,0.0,0.0,0.859024,0.65750736,0.0
0.78794706,0.8815609,0.0,0.64059335,0.0,0.57890826,0.659927,1.0454333,0.0,0.0,0.0,0.7215944,0.0,0.0,0.0,0.90118814,0.0,0.8322306,0.77265537,0.0,0.0,0.5952068,0.64822173,0.0,0.84685993,0.0,0.0,0.0,0.0,0.7365356,0.6103732,0.0
0.0,0.0,0.6471163,0.0,0.24403478,0.0,0.0,0.0,0.38919687,0.34847507,0.5048101,0.0,0.5152904,0.24375042,0.5543324,0.0,0.4849775,0.0,0.0,0.38163617,0.5060489,0.0,0.0,0.58104485,0.0,0.50238526,0.40626866,0.39832085,0.5070315,0.0,0.0,0.42207754
0.0,0.36520946,0.09539564,0.14037576,0.0,0.4640569,0.16273293,0.32112488,0.016672187,0.0,0.1211859,0.36289054,0.12602164,0.0,0.14144437,0.17660874,0.079548694,0.0,0.12845884,0.23530304,0.23023444,0.30020365,0.484953,0.008752346,0.15027268,0.0,0.27350628,0.0,0.13248457,0.5335944,0.09341563,0.022444598
1.0775253,1.0887249,0.0,1.3270978,0.0,0.99142635,1.1808981,0.9931316,0.0,0.0,0.0,1.2473232,0.0,0.0,0.0,1.148366,0.0,0.95645326,1.2504283,0.0,0.0,1.1745975,1.0064532,0.0,1.4749695,0.0,0.0,0.0,0.0,1.122784,0.9667703,0.0
1.3119137,1.5956811,0.0,1.3885751,0.0,1.4990076,1.4901239,1.3000423,0.0,0.0,0.0,1.4388105,0.0,0.0,0.0,1.531083,0.0,1.6253796,1.485647,0.0,0.0,1.38058,1.3992041,0.0,1.6509501,0.0,0.0,0.0,0.0,1.5019574,1.42069,0.0
1.1879358,1.5419037,0.0,1.2519977,0.0,1.2939523,1.286515,1.178003,0.0,0.0,0.0,1.2911385,0.0,0.0,0.0,1.395586,0.0,1.4296142,1.3162414,0.0,0.0,1.132703,1.3159016,0.0,1.4069593,0.0,0.0,0.0,0.0,1.3429,1.3641016,0.0
0.0,0.0,0.7735617,0.0,0.3648522,0.0,0.0,0.0,0.8030318,0.5358331,0.64677393,0.0,0.77996975,0.94423985,0.3139428,0.0,1.1116939,0.0,0.0,0.7746987,0.79843503,0.0,0.0,0.7544819,0.0,0.6797361,0.50456446,0.33389914,0.90390253,0.0,0.0,0.5386545
0.0,0.0,0.26070502,0.0116218515,0.0,0.0,0.0,0.04750491,0.061535288,0.17317241,0.23737687,0.0,0.29248106,0.05615256,0.09590536,0.09036185,0.27724338,0.0,0.0,0.1998614,0.2003858,0.0,0.0,0.2582307,0.0,0.15673167,0.15398219,0.0,0.19699258,0.0,0.0,0.19864191
0.31525975,0.46202672,0.0,0.4833515,0.0,0.3389586,0.5826682,0.5552162,0.0,0.0,0.0,0.49223334,0.0,0.0,0.0,0.58179224,0.0,0.25584918,0.4498141,0.0,0.0,0.29454795,0.43673843,0.0,0.5820348,0.0,0.0,0.0,0.0,0.5519036,0.29149258,0.0
0.06339861,0.1757339,0.06232985,0.37059286,0.0,0.2353296,0.25369883,0.07091044,0.0,0.0,0.099669494,0.20713493,0.18342265,0.19623342,0.0,0.25677964,0.42701197,0.043321174,0.3272292,0.20092766,0.020182952,0.24138896,0.024264684,0.0,0.24267295,0.0,0.0,0.0,0.0,0.27051848,0.16269319,0.0
0.8293952,1.410474,0.0,1.2042887,0.0,0.4925137,1.4674255,0.0,0.0,0.0,0.0,1.3230151,0.0,0.0,0.0,1.2267838,0.0,0.68689114,1.4476318,0.0,0.0,1.4538848,0.78253067,0.0,0.9993301,0.0,0.0,0.0,0.0,1.3134867,1.1214877,0.0
1.0045682,1.0685194,0.0,1.228357,0.0,1.0168763,1.275364,1.1343292,0.0,0.0,0.0,1.3494096,0.0,0.0,0.0,1.125939,0.0,0.9126077,1.2020322,0.0,0.0,1.1526242,0.89260256,0.0,1.3718177,0.0,0.0,0.0,0.0,1.0990992,0.92741275,0.0
0.4079092,0.5238434,0.0,0.5584934,0.0,0.472548,0.47580212,0.6068692,0.0,0.0,0.0,0.49764204,0.0,0.0,0.0,0.52680856,0.0,0.34823868,0.5725335,0.0,0.0,0.37252897,0.3264852,0.0,0.58264995,0.0,0.0,0.0,0.0,0.5198308,0.32938015,0.0
1.6262935,1.6355302,0.0,1.486226,0.0,1.5089842,1.5873343,1.5170438,0.0,0.0,0.0,1.4795247,0.0,0.0,0.0,1.5989497,0.0,1.6138769,1.5695567,0.0,0.0,1.3797491,1.3383975,0.0,1.7063503,0.0,0.0,0.0,0.0,1.5125861,1.5364579,0.0
1.1437395,1.0978627,0.0,1.3179091,0.0,1.0479732,1.2392602,0.9853904,0.0,0.0,0.0,1.1991055,0.0,0.0,0.0,1.1820219,0.0,0.90097106,1.2173063,0.0,0.0,1.1132306,1.0670525,0.0,1.4918627,0.0,0.0,0.0,0.0,1.252101,1.0487216,0.0
0.6468395,0.7671569,0.0,0.9126233,0.0,0.8967653,0.8132413,0.63974875,0.0,0.0,0.0,0.7302682,0.0,0.0,0.0,0.71135753,0.0,0.61670494,0.8022492,0.0,0.0,0.811598,0.83011794,0.0,0.95447177,0.0,0.0,0.0,0.0,0.9156134,0.6173561,0.0
0.32849896,0.676958,0.0,0.6864028,0.0,0.6126338,0.65655315,0.54887545,0.0,0.0,0.0,0.5456605,0.0,0.0,0.0,0.60571975,0.0,0.43720385,0.7524649,0.0,0.0,0.6262933,0.56290317,0.0,0.6998987,0.0,0.0,0.0,0.0,0.638017,0.50528723,0.0
0.0,0.0,0.7962228,0.0,0.50940883,0.0,0.0,0.0,0.6835192,0.60212594,0.77786314,0.0,0.66539633,0.1307246,0.6967111,0.0,0.3805364,0.0,0.0,0.39036924,0.5287399,0.0,0.0,0.765719,0.0,0.6415177,0.7351534,0.68119574,0.8371811,0.0,0.0,0.5659151
1.4424936,1.7791764,0.0,1.5833141,0.0,1.2400227,1.4391394,1.4072781,0.0,0.0,0.0,1.4551541,0.0,0.0,0.0,1.5503623,0.0,1.5439893,1.5597603,0.0,0.0,1.4777435,1.2668823,0.0,1.756297,0.0,0.0,0.0,0.0,1.4684714,1.4182214,0.0
0.0,0.0,1.2434331,0.0,0.4773922,0.0,0.0,0.0,1.1511484,1.1126448,0.83830166,0.0,1.0497988,1.3825412,0.32963893,0.0,1.3890567,0.0,0.0,0.9775243,1.0889133,0.0,0.0,1.2550592,0.0,1.2462204,0.7111173,0.0,1.2280188,0.0,0.0,1.0869452
0.27842057,0.27180335,0.0,0.43368956,0.0,0.32497823,0.43512392,0.61047375,0.0,0.0,0.0,0.32918373,0.0,0.0,0.0,0.5166857,0.0,0.22604816,0.50123745,0.0,0.0,0.20484251,0.27866623,0.0,0.46721548,0.0,0.0,0.0,0.0,0.3428626,0.2559037,0.0
0.434291,0.5360827,0.0,0.6561943,0.0,0.48465186,0.8065752,0.7115963,0.0,0.0,0.0,0.6879468,0.0,0.0,0.0,0.714195,0.0,0.4999218,0.7044292,0.0,0.0,0.56467116,0.6350844,0.0,0.7303654,0.0,0.0,0.0,0.0,0.72062635,0.33396566,0.0
0.9953995,1.3564659,0.0,0.7734876,0.0,0.9327393,0.49162674,0.962158,0.0,0.0,0.0,0.6191219,0.0,0.0,0.0,0.75191015,0.0,1.1411932,1.0170287,0.0,0.104806386,0.74710906,0.6983013,0.0,1.1581358,0.0,0.0,0.0,0.0,0.87896574,0.70463127,0.0
1.2917646,1.6771852,0.0,1.3114508,0.0,1.3733274,1.2774878,1.2762632,0.0,0.0,0.0,1.3729955,0.0,0.0,0.0,1.3405459,0.0,1.6182997,1.4827138,0.0,0.0,1.4984555,1.2925175,0.0,1.692816,0.0,0.0,0.0,0.0,1.3103502,1.2896867,0.0
0.5147569,0.69116616,0.0,0.7073814,0.0,0.87340176,0.9018668,0.60619366,0.0,0.0,0.0,0.8135697,0.0,0.0,0.0,0.8194942,0.0,0.6040655,0.6879227,0.0,0.0,0.71655875,0.8224156,0.0,0.97185266,0.0,0.0,0.0,0.0,0.93223166,0.5807085,0.0
0.6114582,0.7754141,0.0,0.88980514,0.0,0.71912575,0.70567065,0.60646343,0.0,0.0,0.0,0.70377535,0.0,0.0,0.0,0.640124,0.0,0.5658877,0.80624247,0.0,0.0,0.7566663,0.7398547,0.0,0.8989679,0.0,0.0,0.0,0.0,0.7879526,0.54861826,0.0
1.0250975,1.055854,0.0,1.2410573,0.0,1.0259049,1.1571583,0.87813234,0.0,0.0,0.0,1.0904232,0.0,0.0,0.0,1.1201396,0.0,0.8539777,1.1168545,0.0,0.0,1.0523764,0.9883468,0.0,1.408869,0.0,0.0,0.0,0.0,1.2300035,0.94919413,0.0
0.9937466,1.3863108,0.0,1.0447615,0.0,1.5059408,1.3199964,1.1522958,0.0,0.0,0.0,0.95659775,0.0,0.0,0.0,1.1176534,0.0,1.4491513,1.1002696,0.0,0.0,0.9953563,1.4676127,0.0,1.2036033,0.0,0.0,0.0,0.0,1.3421717,1.4205137,0.0
0.0,0.0,1.2709755,0.0,0.0,0.0,0.0,0.0,0.8962336,1.0148379,1.0175257,0.0,0.9677099,0.65430987,1.0693887,0.0,0.13563469,0.0,0.0,1.105327,0.433007,0.0,0.0,0.6373944,0.0,1.3412535,0.67478865,0.82568914,1.2352237,0.0,0.0,0.8163624
0.39408302,0.5356607,0.0,0.6963383,0.0,1.0067325,0.926484,0.6754538,0.0,0.0,0.0,0.91261023,0.0,0.0,0.0,0.59836423,0.0,0.66879046,0.8020819,0.0,0.0,0.8683022,0.8781735,0.0,0.6345594,0.0,0.0,0.0,0.0,0.8966635,0.22359213,0.0
0.07300552,0.20678672,0.0,0.28471795,0.0,0.574414,0.4817906,0.36560407,0.0,0.0,0.0,0.36634064,0.0,0.0,0.0,0.3235106,0.0,0.32003215,0.6465777,0.0,0.0,0.45409387,0.41613907,0.0,0.28786778,0.0,0.0,0.0,0.0,0.3753753,0.2273007,0.0
0.49572963,0.5495567,0.0,0.58990985,0.0,0.6308848,0.544717,0.608082,0.0,0.0,0.0,0.666218,0.0,0.0,0.0,0.54232776,0.0,0.41597557,0.52892673,0.0,0.0,0.38831958,0.50588036,0.0,0.6748689,0.0,0.0,0.0,0.0,0.48463237,0.45858943,0.0
0.0,0.0,0.27808398,0.0,0.0,0.0,0.0,0.0,0.30172625,0.271799,0.18144462,0.0,0.3841201,0.39579397,0.0,0.0,0.5507906,0.0,0.057629097,0.29331765,0.23403129,0.0,0.0,0.4172439,0.0,0.11593321,0.3547321,0.0,0.27764848,0.0,0.11785656,0.16769877
0.57993734,0.74190474,0.0,0.7518375,0.0,0.806616,0.79002976,0.83086073,0.0,0.0,0.0,0.9407035,0.0,0.0,0.0,0.6513611,0.0,0.67407185,0.8230856,0.0,0.0,0.75800294,0.56613207,0.0,0.83725023,0.0,0.0,0.0,0.0,0.74781835,0.5714341,0.0
0.0,0.0,0.9304222,0.0,0.93797916,0.0,0.0,0.0,0.8927166,1.0245726,0.7994554,0.0,0.5594458,0.38258588,1.2089292,0.0,0.4844629,0.0,0.0,0.7916946,1.2569805,0.0,0.0,1.0791943,0.0,0.59672827,1.0221187,1.1071962,0.9110455,0.0,0.0,0.6462475
0.0,0.0,0.536818,0.0,0.0,0.0,0.0,0.0,0.33591247,0.45729184,0.37345883,0.0,0.7261753,0.42204896,0.0,0.0,0.04505974,0.0,0.0,0.5287003,0.24852273,0.0,0.0,0.5422416,0.0,0.31384772,0.41745108,0.0,0.3865493,0.0,0.0298197,0.7057147
1.3643076,1.6305234,0.0,1.3487163,0.0,1.0993129,1.1982633,1.2971032,0.0,0.0,0.0,1.3288965,0.0,0.0,0.0,1.4977158,0.0,1.5003455,1.5574293,0.0,0.0,1.2549442,1.2023857,0.0,1.6197908,0.0,0.0,0.0,0.0,1.3315057,1.3204681,0.0
1.0729513,1.152684,0.0,1.3235178,0.0,1.0571489,1.3053118,1.0501779,0.0,0.0,0.0,1.1905632,0.0,0.0,0.0,1.0943846,0.0,0.8240748,1.1649966,0.0,0.0,1.2096388,0.9826621,0.0,1.4488983,0.0,0.0,0.0,0.0,1.236536,0.8672649,0.0
0.7859248,0.80537033,0.0,0.9719524,0.0,1.0022616,0.9340803,0.74964786,0.0,0.0,0.0,0.82307786,0.0,0.0,0.0,0.83923835,0.0,0.7473586,0.9288053,0.0,0.0,0.892997,0.8147422,0.0,1.0607549,0.0,0.0,0.0,0.0,1.0088824,0.7061167,0.0
1.268907,1.5077554,0.0,1.3287256,0.0,1.7443078,1.5165799,1.4012336,0.0,0.0,0.0,1.2438686,0.0,0.0,0.0,1.2347121,0.0,1.7505692,1.4185506,0.0,0.0,1.3446045,1.5588033,0.0,1.4676508,0.0,0.0,0.0,0.0,1.4039351,1.6429994,0.0
0.90248936,1.5024152,0.0,1.3121821,0.0,1.2513511,1.2717328,1.015468,0.0,0.0,0.0,1.2813988,0.0,0.0,0.0,1.1803759,0.0,1.4966123,1.2479959,0.0,0.0,1.516912,1.2339733,0.0,1.4717236,0.0,0.0,0.0,0.0,1.2475972,1.324004,0.0
1.5188918,1.6007571,0.0,1.6333214,0.0,1.8383558,1.6918006,1.561483,0.0,0.0,0.0,1.5216163,0.0,0.0,0.0,1.3631876,0.0,1.9809453,1.7520182,0.0,0.0,1.6934631,1.5452726,0.0,1.7598093,0.0,0.0,0.0,0.0,1.4530118,1.8464208,0.0
1.1413246,1.4522388,0.0,1.2539521,0.0,0.9995399,1.1716505,1.031591,0.0,0.0,0.0,1.1706843,0.0,0.0,0.0,1.2162979,0.0,1.1629627,1.2853392,0.0,0.0,0.9416951,1.1303085,0.0,1.1033086,0.0,0.0,0.0,0.0,1.2888291,1.2028354,0.0
1.4358381,1.4617047,0.0,1.5614847,0.0,1.1799299,1.4227161,1.28926,0.0,0.0,0.0,1.4399644,0.0,0.0,0.0,1.5285821,0.0,1.2971356,1.5909212,0.0,0.0,1.2006352,1.1658424,0.0,1.4747957,0.0,0.0,0.0,0.0,1.499862,1.3590099,0.0
0.28939134,0.3805658,0.0,0.51400405,0.0,0.57778096,0.57100856,0.6128791,0.0,0.0,0.0,0.54057926,0.0,0.0,0.0,0.5966444,0.0,0.43966258,0.59817344,0.0,0.0,0.49819362,0.34185526,0.0,0.60370845,0.0,0.0,0.0,0.0,0.44044644,0.3722136,0.0
0.22121419,0.33776605,0.0,0.47387522,0.0,0.30645376,0.45092827,0.5627894,0.0,0.0,0.0,0.33828098,0.0,0.0,0.0,0.5466966,0.0,0.27014932,0.43730286,0.0,0.0,0.22922903,0.3519995,0.0,0.51688415,0.0,0.0,0.0,0.0,0.44893122,0.18444934,0.0
0.69067544,0.0,0.0,0.0,0.0,0.2019015,0.0,0.3454646,0.74159455,0.0,0.44301257,0.24568525,0.0,0.0,0.70009947,0.24243458,0.0,0.24294743,0.38272905,0.067079484,0.9968143,0.050937355,0.82763004,0.40558726,0.062344484,0.39461172,0.085963726,0.24687956,0.68450135,0.5261969,0.42264232,0.0
0.31227887,0.21155463,0.0,0.34477296,0.0,0.32653493,0.33021143,0.5346437,0.0,0.0,0.0,0.3534932,0.0,0.0,0.0,0.44368654,0.0,0.11873987,0.32595363,0.0,0.0,0.13302329,0.097419,0.0,0.41669613,0.0,0.0,0.0,0.0,0.21391621,0.22740209,0.0
0.23063551,0.20926167,0.0,0.19869488,0.0,0.0991591,0.3275902,0.56358093,0.0,0.0,0.0,0.1754876,0.0,0.0,0.0,0.4056368,0.0,0.0,0.35275942,0.0,0.0,0.0,0.20172897,0.0,0.33459234,0.0,0.011540458,0.0,0.0,0.26217535,0.09202373,0.0
0.0,0.0,2.1032755,0.0,1.0608402,0.0,0.0,0.0,1.6553087,1.8599827,1.687099,0.0,1.2442852,2.5127952,1.0402305,0.0,1.7943666,0.0,0.0,1.2642807,1.1193802,0.0,0.0,1.754794,0.0,2.4004452,0.710728,0.6398431,2.0097275,0.0,0.0,1.6919719
1.4827765,1.6587026,0.0,1.6264713,0.0,1.1071235,1.4428974,1.357881,0.0,0.0,0.0,1.6149031,0.0,0.0,0.0,1.7298505,0.0,1.5593092,1.6815208,0.0,0.0,1.4073766,1.482217,0.0,1.8379062,0.0,0.0,0.0,0.0,1.5357833,1.5148789,0.0
0.20508665,0.5825797,0.0,0.49559668,0.0,0.49087176,0.43560195,0.39594978,0.0,0.0,0.0,0.64657015,0.0,0.0,0.0,0.36066353,0.0,0.3268832,0.6209909,0.085712254,0.0,0.5152823,0.36192748,0.0,0.45982265,0.0,0.0,0.0,0.0,0.496351,0.22397359,0.0
0.0,0.0,1.3887529,0.0,0.0,0.0,0.0,0.0,1.2324247,1.0374422,1.7180412,0.0,1.2674685,1.3469522,1.1996417,0.0,0.5443265,0.0,0.0,1.8282437,0.5474142,0.0,0.0,1.0888748,0.0,1.4766959,0.72575754,0.392013,1.709191,0.0,0.0,1.1364002
1.3505125,1.649327,0.0,1.4637928,0.0,1.3023795,1.3212062,1.1930113,0.0,0.0,0.0,1.311649,0.0,0.0,0.0,1.5597663,0.0,1.3262683,1.4428763,0.0,0.0,1.3113775,1.237703,0.0,1.6904958,0.0,0.0,0.0,0.0,1.4648299,1.2570173,0.0
1.2780801,1.5077395,0.0,1.2822253,0.0,1.0489234,1.2715087,1.2280853,0.0,0.0,0.0,1.3518193,0.0,0.0,0.0,1.391353,0.0,1.2639781,1.3198345,0.0,0.0,1.084426,1.0115438,0.0,1.3933742,0.0,0.0,0.0,0.0,1.3276747,1.2819968,0.0
0.8825686,1.010363,0.0,1.150683,0.0,0.8816571,1.1363856,0.82440037,0.0,0.0,0.0,1.0385412,0.0,0.0,0.0,1.0116385,0.0,0.7759472,1.0043757,0.0,0.0,1.0468639,0.8203237,0.0,1.3298838,0.0,0.0,0.0,0.0,1.0893507,0.79958445,0.0
0.0,0.0,0.4406251,0.0,0.03563856,0.0,0.0,0.0,0.22455494,0.2539467,0.4511013,0.0,0.5196114,0.0,0.19093117,0.0,0.0,0.0,0.0,0.43334907,0.016775455,0.0,0.0,0.35037053,0.0,0.2514005,0.3495332,0.21554935,0.27112624,0.0,0.0,0.5690171
0.99942863,1.514209,0.0,1.2729638,0.0,0.64565265,1.5766357,0.0,0.0,0.0,0.0,1.2902392,0.0,0.0,0.0,1.2164499,0.0,1.0519361,1.3656578,0.0,0.0,1.3989282,0.7746856,0.0,1.1010883,0.0,0.0,0.0,0.0,1.2793523,1.3167161,0.0
0.66181475,0.8199011,0.0,0.81401074,0.0,0.78321004,0.8911496,0.85498637,0.0,0.0,0.0,0.9631707,0.0,0.0,0.0,0.8599033,0.0,0.62707585,0.9239771,0.0,0.0,0.6934759,0.64373875,0.0,0.8991095,0.0,0.0,0.0,0.0,0.86136323,0.6584681,0.0
0.442761,0.54837143,0.0,0.6649133,0.0,0.50257367,0.6103233,0.7101201,0.0,0.0,0.0,0.65067023,0.0,0.0,0.0,0.61118406,0.0,0.4238259,0.8116817,0.0,0.0,0.5212335,0.50400966,0.0,0.7132989,0.0,0.0,0.0,0.0,0.5850441,0.63073796,0.0
1.4350626,1.7028182,0.0,1.3373446,0.0,1.2517586,1.2912173,1.1506695,0.0,0.0,0.0,1.4743727,0.0,0.0,0.0,1.4787186,0.0,1.5191449,1.5182083,0.0,0.0,1.4740572,1.2268835,0.0,1.7481335,0.0,0.0,0.0,0.0,1.3428392,1.3260329,0.0
0.588441,1.1299707,0.0,0.6888634,0.0,0.9878811,0.778866,0.9330471,0.0,0.0,0.0,0.94991124,0.0,0.0,0.0,0.9395937,0.0,0.94174564,1.1565907,0.0,0.0,0.8095208,0.8498181,0.0,0.71065843,0.0,0.0,0.020814225,0.0,0.8548299,0.69311154,0.0
0.0,0.0,0.7866627,0.0,0.41968274,0.0,0.0,0.0,0.7371764,0.48730576,0.871061,0.0,0.6579931,0.14128181,0.6771643,0.0,0.7164225,0.0,0.0,0.56083965,0.4443438,0.0,0.0,0.8311028,0.0,0.5473673,0.71450305,0.8765997,0.8732226,0.0,0.0,0.38495648
0.0,0.0,1.6662463,0.0,0.27287823,0.0,0.0,0.0,1.0369608,1.6115072,0.978519,0.0,1.6026382,1.412227,0.8662119,0.0,0.0,0.0,0.0,0.9924773,0.2280243,0.0,0.0,0.0,0.0,1.9151673,1.2779254,0.66064566,1.2801257,0.0,0.0,1.5207789
1.4568386,1.6872153,0.0,1.6278372,0.0,1.2325294,1.5698456,1.3356094,0.0,0.0,0.0,1.528277,0.0,0.0,0.0,1.5906968,0.0,1.5169775,1.5595688,0.0,0.0,1.3682451,1.1722447,0.0,1.6503451,0.0,0.0,0.0,0.0,1.4779481,1.4883615,0.0
1.1483934,1.4659679,0.0,1.2962526,0.0,0.97319156,1.1660868,1.198129,0.0,0.0,0.0,1.3283283,0.0,0.0,0.0,1.4377942,0.0,1.2853091,1.447163,0.0,0.0,1.1537364,1.1009802,0.0,1.5440416,0.0,0.0,0.0,0.0,1.3140479,1.1858871,0.0
1.3892088,1.6460967,0.0,1.4400096,0.0,1.0431019,1.427715,1.181374,0.0,0.0,0.0,1.4563521,0.0,0.0,0.0,1.661969,0.0,1.4452982,1.4661412,0.0,0.0,1.2260182,1.2134398,0.0,1.639077,0.0,0.0,0.0,0.0,1.4153581,1.4031936,0.0
1.3169836,1.1968333,0.0,1.2909542,0.0,1.3185517,1.0898184,1.215509,0.0,0.0,0.0,1.2267135,0.0,0.0,0.0,1.1331396,0.0,1.4590024,1.4353099,0.0,0.0,1.3607899,1.0930109,0.0,1.6741343,0.0,0.0,0.0,0.0,1.184952,0.9800823,0.0
0.0,0.49119663,0.0,0.035538968,0.0,0.6093102,0.72043204,0.071044765,0.07475567,0.0,0.50917464,0.20482624,0.0,0.0,0.37985995,0.17067812,0.0,0.22821641,0.42512152,0.21273902,0.36976594,0.2757471,0.9290664,0.18872334,0.0,0.0,0.0,0.63912064,0.27119693,0.67314523,0.3045662,0.0
0.69638944,0.7032047,0.0,0.80309296,0.0,0.58020264,0.79354596,0.62614655,0.0,0.0,0.0,0.73713917,0.0,0.0,0.0,0.8002021,0.0,0.6414096,0.85237795,0.0,0.0,0.66775423,0.569106,0.0,1.0236241,0.0,0.0,0.0,0.0,0.7596789,0.69083655,0.0
0.0,0.0,1.3342606,0.0,1.3191248,0.0,0.0,0.0,1.1842058,1.2091267,1.1356617,0.0,1.1880913,1.0546055,1.1914878,0.0,1.2343029,0.0,0.0,1.3029857,1.2522197,0.0,0.0,1.4321043,0.0,1.0917798,1.0855856,1.1477512,1.1373166,0.0,0.0,0.97170216
1.065624,1.4022033,0.0,1.1421896,0.0,1.5403318,1.3633521,1.1257045,0.0,0.0,0.0,1.2679482,0.0,0.0,0.0,1.0755779,0.0,1.549605,1.3012265,0.0,0.0,1.3114718,1.093726,0.0,1.3243563,0.0,0.0,0.0,0.0,1.2050612,1.3652492,0.0
0.814517,1.4403461,0.0,1.0790548,0.0,1.0913703,1.1258274,1.1703014,0.0,0.0,0.0,1.0451674,0.0,0.0,0.0,1.1726444,0.0,1.1373063,1.1583338,0.0,0.0,1.033714,1.2336166,0.0,1.1052067,0.0,0.0,0.0,0.0,1.289083,1.0708418,0.0
0.91473013,1.0212966,0.0,1.2058437,0.0,0.86564887,1.1467394,0.87593615,0.0,0.0,0.0,1.0777053,0.0,0.0,0.0,1.1034346,0.0,0.8763656,1.1006496,0.0,0.0,1.0413663,0.9598447,0.0,1.353698,0.0,0.0,0.0,0.0,1.0954806,0.8462419,0.0
0.3195426,0.7600758,0.0,0.7136349,0.0,0.61337614,0.35890526,0.42531702,0.0,0.0,0.0,0.3035792,0.0,0.0,0.0,0.32336748,0.0,0.3688274,0.63619286,0.0,0.0,0.5640251,0.42336696,0.0,0.55227524,0.0,0.0,0.0,0.0,0.6279966,0.24589574,0.0
1.1746856,1.1381785,0.0,1.391338,0.0,1.0204705,1.2839209,1.0115118,0.0,0.0,0.0,1.2752373,0.0,0.0,0.0,1.2473028,0.0,0.98083234,1.2339689,0.0,0.0,1.222304,1.1412266,0.0,1.6088963,0.0,0.0,0.0,0.0,1.2818065,1.089831,0.0
1.3596148,1.4237423,0.0,1.4107071,0.0,1.2343234,1.3775765,1.4819701,0.0,0.0,0.0,1.4689605,0.0,0.0,0.0,1.5747933,0.0,1.5826005,1.55049,0.0,0.0,1.2976922,1.3672737,0.0,1.5836538,0.0,0.0,0.0,0.0,1.4187484,1.4207377,0.0
0.3258474,0.60418963,0.0,0.32320383,0.0,0.43376914,0.46609515,0.7624931,0.0,0.0,0.0,0.46916848,0.0,0.0,0.0,0.76110005,0.0,0.46629393,0.67477834,0.0,0.0,0.398757,0.8355502,0.0,0.5931841,0.0,0.0,0.0,0.0,0.8321307,0.54327077,0.0
0.8930105,0.9590709,0.0,1.0827776,0.0,0.89009076,1.0721086,0.8634664,0.0,0.0,0.0,1.0761672,0.0,0.0,0.0,1.0934254,0.0,0.89589244,1.0372039,0.0,0.0,0.9666415,0.94960356,0.0,1.3071083,0.0,0.0,0.0,0.0,1.0690554,0.87621886,0.0
1.0206271,1.2488571,0.0,0.9812348,0.0,1.3685362,1.2678679,0.99332935,0.0,0.0,0.0,1.1104664,0.0,0.0,0.0,0.89177257,0.0,0.98631036,1.0419661,0.0,0.0,1.0451386,0.8771781,0.0,1.0802464,0.0,0.0,0.0,0.0,1.1901166,0.861151,0.0
0.99652535,1.1919863,0.0,0.9071457,0.0,0.75795126,0.7767976,1.2527497,0.0,0.0,0.0,0.9618358,0.0,0.0,0.0,1.1233168,0.0,1.181434,1.2477554,0.0,0.0,0.93165976,1.0735456,0.0,1.3063327,0.0,0.0,0.0,0.0,0.99394643,1.0529821,0.0
0.4456392,0.46560618,0.0,0.688826,0.0,0.5484338,0.66276014,0.5280503,0.0,0.0,0.0,0.70411307,0.0,0.0,0.0,0.66648835,0.0,0.45534486,0.6883648,0.0,0.0,0.5489558,0.42980877,0.0,0.71799237,0.0,0.0,0.0,0.0,0.5851674,0.5604505,0.0
1.1944304,1.5129727,0.0,1.2310511,0.0,1.3526046,1.3748598,1.2001967,0.0,0.0,0.0,1.3709928,0.0,0.0,0.0,1.1574907,0.0,1.3797629,1.3957071,0.0,0.0,1.3294848,1.0121509,0.0,1.3737953,0.0,0.0,0.0,0.0,1.2146488,1.2483069,0.0
0.14548185,0.19975385,0.2415882,0.13551433,0.04509938,0.097824365,0.022896029,0.1936106,0.016270861,0.119063035,0.079189315,0.094324335,0.17587024,0.32931766,0.20582032,0.092273384,0.4883624,0.21353823,0.21264121,0.41979426,0.3526011,0.112938076,0.0,0.1958568,0.212089,0.025711246,0.17398757,0.1408416,0.02728235,0.092435166,0.0,0.014999904
1.4582922,1.7758231,0.0,1.7080904,0.0,1.3677359,1.7466437,0.99065596,0.0,0.0,0.0,1.697616,0.0,0.0,0.0,1.7720568,0.0,1.3961684,1.7389948,0.0,0.0,1.6903466,1.4139405,0.0,1.8289688,0.0,0.0,0.0,0.0,1.7191817,1.7101756,0.0
1.5908347,1.6972413,0.0,1.6336769,0.0,1.3703585,1.801344,1.0817624,0.0,0.0,0.0,1.7124323,0.0,0.0,0.0,1.7824584,0.0,1.4272902,1.7384322,0.0,0.0,1.6249824,1.4471599,0.0,1.8200747,0.0,0.0,0.0,0.0,1.7369245,1.7679751,0.0
1.3657562,1.7286514,0.0,1.5467713,0.0,1.2064849,1.6752632,0.89045006,0.0,0.0,0.0,1.5582306,0.0,0.0,0.0,1.6306299,0.0,1.2381539,1.5809306,0.0,0.0,1.5615921,1.569316,0.0,1.6774354,0.0,0.0,0.0,0.0,1.7245,1.733553,0.0
1.0960809,1.2133195,0.0,1.0850391,0.0,0.80380034,0.9978089,1.1685176,0.0,0.0,0.0,1.0768278,0.0,0.0,0.0,1.2773373,0.0,1.2468659,1.19723,0.0,0.0,0.8725689,1.1856911,0.0,1.2311088,0.0,0.0,0.0,0.0,1.1813595,1.2280254,0.0
1.3816862,1.5363835,0.0,1.5395592,0.0,1.2659358,1.4141549,1.5830443,0.0,0.0,0.0,1.508762,0.0,0.0,0.0,1.5550346,0.0,1.5622387,1.6161963,0.0,0.0,1.396285,1.391717,0.0,1.5618231,0.0,0.0,0.0,0.0,1.4554459,1.4141011,0.0
0.0,0.0,0.6703887,0.0,0.21211803,0.0,0.0,0.0,0.46194673,0.6031618,0.10819672,0.0,0.3455819,1.0636891,0.0,0.0,0.4264755,0.0,0.0,0.39864904,0.72656167,0.0,0.0,0.80519086,0.0,0.5464172,0.14285362,0.0,0.55213577,0.0,0.0,0.46293765
0.0,0.015848301,0.555488,0.0,0.48465633,0.0,0.0,0.0,0.49062008,0.55917084,0.49336106,0.0,0.3789094,0.6853349,0.72728467,0.0,0.8448404,0.0,0.0,0.8267275,0.80238247,0.0,0.0,0.57522833,0.0,0.42170578,0.45296073,0.5435038,0.4668571,0.0,0.0,0.15681031
0.7456256,0.8011405,0.0,0.9428648,0.0,0.7834765,0.9337187,0.71983564,0.0,0.0,0.0,0.994701,0.0,0.0,0.0,0.9373641,0.0,0.6907156,0.8636285,0.0,0.0,0.833869,0.81277156,0.0,1.1286082,0.0,0.0,0.0,0.0,0.9332847,0.7151673,0.0
1.1069275,1.3702666,0.0,1.139122,0.0,1.0102105,0.9898858,1.0751994,0.0,0.0,0.0,1.168333,0.0,0.0,0.0,1.0803301,0.0,1.4922185,1.3441885,0.0,0.0,1.2192905,1.0870142,0.0,1.4665555,0.0,0.0,0.0,0.0,1.1955972,1.1084617,0.0
0.74871063,0.83891845,0.0,0.9559138,0.0,0.7691045,0.9533538,0.791081,0.0,0.0,0.0,0.9771829,0.0,0.0,0.0,0.9271754,0.0,0.7005686,0.93701434,0.0,0.0,0.8275711,0.7784115,0.0,1.0983375,0.0,0.0,0.0,0.0,0.96650773,0.7089966,0.0
0.28151965,0.2532838,0.0,0.015043829,0.0,1.1371748,0.93743694,0.23202495,0.0,0.0,0.0,0.61239475,0.0,0.0,0.0,0.45552498,0.0,0.81604475,0.88486063,0.0,0.0,0.752414,0.75147235,0.0,0.42265427,0.0,0.0,0.0,0.051769886,0.75806326,0.30102852,0.0
0.8514742,0.8717144,0.0,0.99622273,0.0,0.7762599,0.93560475,0.79515064,0.0,0.0,0.0,1.0086462,0.0,0.0,0.0,0.8972439,0.0,0.7616439,0.9302337,0.0,0.0,0.8013965,0.6488333,0.0,1.0911267,0.0,0.0,0.0,0.0,0.93912864,0.70675373,0.0
0.66076416,0.8781035,0.0,0.7063639,0.0,0.6039197,0.99175507,0.12723187,0.0,0.0,0.0,0.9500493,0.0,0.0,0.0,0.9442814,0.0,0.34112442,0.72449034,0.0,0.0,0.744857,0.46949628,0.0,0.7175506,0.0,0.0,0.0,0.0,0.9856484,0.68752307,0.0
1.053362,1.711391,0.0,1.2689955,0.0,0.8272501,1.3057979,0.3063472,0.0,0.0,0.0,1.3628445,0.0,0.0,0.0,1.3951561,0.0,1.1736088,1.4183782,0.0,0.0,1.616483,1.2224514,0.0,1.5479168,0.0,0.0,0.0,0.0,1.494973,1.1444967,0.0
1.2693313,1.6539527,0.0,1.3055493,0.0,0.8311633,1.3985708,0.53640693,0.0,0.0,0.0,1.5256199,0.0,0.0,0.0,1.3743349,0.0,1.2537673,1.4936093,0.0,0.0,1.5736223,1.1147689,0.0,1.5269225,0.0,0.0,0.0,0.0,1.4997267,1.2965851,0.0
0.4846161,0.5973059,0.0,0.062011346,0.0,0.46783826,0.2740251,0.31892863,0.63420063,0.0,0.0,0.4337126,0.017273448,0.07258493,0.27581635,0.14207992,0.049108878,0.70949334,0.30795762,0.0,0.45920306,0.17862067,0.7863085,0.039761703,0.0,0.14928693,0.0,0.0,0.09845151,0.6940636,0.6293991,0.0
1.5009075,1.6595263,0.0,1.6312735,0.0,1.2673528,1.5795908,1.3879437,0.0,0.0,0.0,1.5828671,0.0,0.0,0.0,1.7664844,0.0,1.5336626,1.6804081,0.0,0.0,1.5339439,1.5882667,0.0,1.8690753,0.0,0.0,0.0,0.0,1.6339226,1.5746647,0.0
1.0630398,1.4589962,0.0,1.1623409,0.0,1.6473318,1.4071472,1.1325241,0.0,0.0,0.0,1.2705135,0.0,0.0,0.0,1.0868014,0.0,1.5779752,1.3566501,0.0,0.0,1.4046482,1.1697886,0.0,1.3759433,0.0,0.0,0.0,0.0,1.2728229,1.4001322,0.0
0.57012385,0.75274837,0.0,0.7686733,0.0,0.4683158,0.98547816,0.2226762,0.0,0.0,0.0,0.92011786,0.0,0.0,0.0,0.8618058,0.0,0.4411721,1.0140027,0.0,0.0,0.85203415,0.66765976,0.0,0.89166075,0.0,0.0,0.0,0.0,0.9576965,0.77510077,0.0
0.2523832,0.415798,0.0,0.35256022,0.0,0.38861552,0.41783082,0.37305748,0.0,0.0,0.0,0.35639125,0.0,0.0644403,0.0,0.47793424,0.011141315,0.45536503,0.5568923,0.046062473,0.0,0.3501835,0.2590869,0.0,0.5166184,0.0,0.0,0.0,0.0,0.4762532,0.39634946,0.0
1.0335906,1.0619346,0.0,1.281135,0.0,0.98036903,1.18762,1.0048137,0.0,0.0,0.0,1.1821061,0.0,0.0,0.0,1.2013315,0.0,0.92699236,1.1742283,0.0,0.0,1.0867952,1.0322425,0.0,1.4512265,0.0,0.0,0.0,0.0,1.2281275,0.9906898,0.0
0.44582134,0.6035555,0.0,0.5348994,0.0,0.56646395,0.6480815,0.5863976,0.0,0.0,0.0,0.6656829,0.0,0.0,0.0,0.6341705,0.0,0.44340432,0.5799441,0.0,0.0,0.5391964,0.4371553,0.0,0.7570923,0.0,0.0,0.0,0.0,0.6089893,0.4135896,0.0
0.75099313,1.099294,0.0,0.648978,0.0,1.1725824,0.9900058,0.7581948,0.0,0.0,0.0,0.8371574,0.0,0.0,0.0,0.69762576,0.0,0.7984577,0.7964849,0.0,0.0,0.805833,0.82125866,0.0,0.81670576,0.0,0.0,0.0,0.0,1.0027547,0.7212881,0.0
1.5893769,1.6952406,0.0,1.4446849,0.0,1.2441007,1.4736338,1.3645674,0.0,0.0,0.0,1.5188231,0.0,0.0,0.0,1.5110184,0.0,1.295397,1.4880774,0.0,0.0,1.3309594,1.11947,0.0,1.6248649,0.0,0.0,0.0,0.0,1.4910662,1.318617,0.0
1.2232654,1.351402,0.0,1.0613067,0.0,0.8637507,0.8739437,1.3266971,0.0,0.0,0.0,1.2512223,0.0,0.0,0.0,1.1790786,0.0,1.3158814,1.225907,0.0,0.0,0.9742991,0.84150803,0.0,1.2662833,0.0,0.0,0.0,0.0,0.98064613,1.0265126,0.0
1.3964759,2.0413413,0.0,1.7158443,0.0,1.1161171,1.8277761,0.35076275,0.0,0.0,0.0,1.6276351,0.0,0.0,0.0,1.7402198,0.0,1.4739479,1.8349861,0.0,0.0,1.8624316,1.2676258,0.0,1.8669475,0.0,0.0,0.0,0.0,1.769849,1.5641942,0.0
1.5467186,2.115462,0.0,1.8532026,0.0,1.0363219,1.8381053,0.49014968,0.0,0.0,0.0,1.6705638,0.0,0.0,0.0,1.7897264,0.0,1.4376175,1.8870144,0.0,0.0,1.8494502,1.1444966,0.0,1.9080594,0.0,0.0,0.0,0.0,1.7227272,1.5765465,0.0
1.5377151,1.9640387,0.0,1.7585033,0.0,0.87218267,1.8242652,0.5167313,0.0,0.0,0.0,1.6993201,0.0,0.0,0.0,1.7183335,0.0,1.3341676,1.796767,0.0,0.0,1.626014,1.1289614,0.0,1.6828765,0.0,0.0,0.0,0.0,1.6547291,1.6582707,0.0
0.2654761,0.2731621,0.0,0.5300538,0.0,0.3110527,0.4382612,0.37432268,0.0,0.0,0.0,0.45121205,0.0,0.0,0.0,0.5293019,0.092497304,0.17787674,0.38821542,0.0,0.0,0.29322878,0.19166552,0.0,0.55203253,0.0,0.0,0.0,0.0,0.40449947,0.25767738,0.0
1.333467,1.5492755,0.0,1.3764826,0.0,1.092199,1.3514299,1.3328936,0.0,0.0,0.0,1.4846716,0.0,0.0,0.0,1.6093022,0.0,1.3926048,1.4813635,0.0,0.0,1.2364919,1.3766968,0.0,1.5172787,0.0,0.0,0.0,0.0,1.4062257,1.4254295,0.0
0.38781595,0.98555464,0.0,0.9378488,0.0,0.24302289,1.2557544,0.0,0.0,0.0,0.046006244,0.91283953,0.0,0.17484608,0.0,0.84872586,0.0,0.24050733,0.977009,0.09649313,0.0,1.1297598,0.3378159,0.0,0.70629984,0.0,0.0,0.0,0.055856515,1.0467067,0.62292683,0.0
1.1185873,0.8867362,0.0,1.1313609,0.0,1.0958338,1.4975961,0.8981592,0.0,0.0,0.0,1.3225918,0.0,0.0,0.0,1.4251873,0.0,1.4215715,1.3711652,0.0,0.0,1.4390051,1.1491703,0.0,1.614062,0.0,0.0,0.0,0.0,1.1749204,1.0544382,0.0
0.2604035,1.0573404,0.0,0.521013,0.0,0.557429,0.7165637,0.60558957,0.0,0.0,0.0,0.72804505,0.0,0.0,0.0,0.9254865,0.0,0.6834133,0.6233136,0.0,0.008103982,0.39630324,0.71668386,0.0,0.44050503,0.0,0.0,0.0,0.0,0.79920274,0.6410657,0.0
0.0,0.011568211,0.78687024,0.0,0.67524576,0.0,0.09791818,0.0,0.6601227,0.42797026,0.8300899,0.0331382,0.4712646,0.98744047,0.9584489,0.0,1.0004715,0.0,0.0,1.0224122,0.79020315,0.1688805,0.0,0.6876176,0.0,0.7558061,0.5258923,0.89911216,0.69592327,0.035093363,0.0,0.30358434
0.8723123,1.1192726,0.0,1.1787215,0.0,1.2791595,2.0126278,0.0,0.0,0.0,0.0,1.445613,0.0,0.0,0.0,1.3950366,0.0,1.1987286,1.2570306,0.0,0.0,1.7663145,1.1713672,0.0,1.1457249,0.0,0.0,0.0,0.0,1.6316518,0.9885509,0.0
0.5464738,0.9092741,0.0,0.4380607,0.0,1.0600188,0.810588,0.6213044,0.0,0.0,0.0,0.6758074,0.0,0.0,0.0,0.525493,0.0,0.81135327,0.51479286,0.0,0.0,0.848191,1.1490562,0.0,0.6010504,0.0,0.0,0.0,0.0,0.8815864,0.9006807,0.0
0.8563381,1.3975805,0.0,1.0592091,0.0,1.8205857,1.3197522,0.9486121,0.0,0.0,0.0,1.1627234,0.0,0.0,0.0,0.7468986,0.0,1.5104398,1.0535606,0.0,0.0,1.3931679,1.0431608,0.0,1.2515664,0.0,0.0,0.0,0.0,1.1402671,1.2396345,0.0
0.0,0.9490961,0.0,0.27667692,0.0,0.5090659,1.0522143,0.0,0.5837711,0.0,0.68078804,0.6805443,0.0,0.16364166,0.4681754,0.12850273,0.21124953,0.32823348,0.0,0.34279135,0.21805495,0.7306979,0.8715943,0.1166192,0.0,0.0,0.11593444,0.09490131,0.70915186,1.2205036,0.4799589,0.0
1.2265278,1.3499794,0.0,1.2977232,0.0,0.99583626,1.0702009,1.2511299,0.0,0.0,0.0,1.226963,0.0,0.0,0.0,1.2689137,0.0,1.3558271,1.3812283,0.0,0.0,1.203088,1.2850564,0.0,1.5956728,0.0,0.0,0.0,0.0,1.2910594,1.1437876,0.0
0.6603143,0.78076833,0.0,0.8574467,0.0,0.7117004,0.8930929,0.7888452,0.0,0.0,0.0,0.9273257,0.0,0.0,0.0,0.8668319,0.0,0.67573625,0.9416705,0.0,0.0,0.72586304,0.68499434,0.0,1.0065165,0.0,0.0,0.0,0.0,0.89029324,0.7313209,0.0
0.76419234,0.931508,0.0,1.0344151,0.0,0.83209443,0.9973026,0.72403735,0.0,0.0,0.0,1.0264722,0.0,0.0,0.0,0.99239826,0.0,0.6906295,0.8663814,0.0,0.0,0.91566527,0.7715689,0.0,1.222484,0.0,0.0,0.0,0.0,0.988094,0.72130334,0.0
0.96723723,1.0174413,0.0,1.1741163,0.0,0.9366966,1.189402,0.96873474,0.0,0.0,0.0,1.2306366,0.0,0.0,0.0,1.1476125,0.0,0.9046282,1.1724505,0.0,0.0,1.0850862,1.023388,0.0,1.3980432,0.0,0.0,0.0,0.0,1.1444006,0.97786975,0.0
0.79908043,1.0040277,0.0,1.2128187,0.0,0.99750304,0.9605583,0.6861084,0.0,0.0,0.0,0.992875,0.0,0.0,0.0,0.9351446,0.0,0.9328737,1.0736357,0.0,0.0,1.137665,0.9857106,0.0,1.2652817,0.0,0.0,0.0,0.0,1.0306346,0.8266563,0.0
0.37877208,0.2360174,0.0,0.0059528127,0.0,0.76997024,0.0,0.60588896,0.0,0.0,0.0,0.18192145,0.0,0.0,0.0,0.0,0.44337457,0.70816916,0.69400537,0.0,0.5461281,0.55209154,0.32704535,0.0,0.0,0.0,0.0,0.0,0.0,0.28107068,0.93677473,0.0
1.6243016,1.8942548,0.0,1.7374694,0.0,1.2281847,1.515803,1.4828756,0.0,0.0,0.0,1.7468541,0.0,0.0,0.0,1.790798,0.0,1.5328822,1.7427611,0.0,0.0,1.4872364,1.4133552,0.0,1.8548563,0.0,0.0,0.0,0.0,1.5727261,1.5470328,0.0
0.34796154,0.77033305,0.0,0.2868092,0.0,1.3341843,0.7187661,0.73950154,0.0,0.0,0.0,0.7327304,0.0,0.0,0.0,0.4808932,0.0,0.9900974,0.4463476,0.0,0.0,0.62743664,1.2460825,0.0,0.6154074,0.0,0.0,0.0,0.0,0.83099544,0.8065318,0.0
0.86966646,0.94251704,0.0,0.97847646,0.0,1.0637326,1.9225707,0.0,0.0,0.0,0.0,1.3140213,0.0,0.0,0.0,1.3193054,0.0,1.0326453,1.1622827,0.0,0.0,1.5905635,1.047688,0.0,0.9799932,0.0,0.0,0.0,0.0,1.4696327,0.9501122,0.0
0.9340359,1.0618676,0.0,1.1920043,0.0,1.1562597,2.0549188,0.0,0.0,0.0,0.0,1.501595,0.0,0.0,0.0,1.4146291,0.0,1.1420197,1.2812703,0.0,0.0,1.6899831,1.0762247,0.0,1.0672767,0.0,0.0,0.0,0.0,1.5958233,0.9607615,0.0
0.0,0.0,0.7431587,0.0,0.38999033,0.0,0.0,0.0,0.9362608,0.68802446,1.1337531,0.0,0.7855019,1.085266,0.9074187,0.0,1.280845,0.0,0.0,1.2384709,1.1685846,0.0,0.0,1.0539281,0.0,0.8135094,0.6761185,0.65840995,0.98185027,0.0,0.0,0.26634467
0.59338355,0.67223454,0.0,0.8195917,0.0,0.57599175,0.81595945,0.74601656,0.0,0.0,0.0,0.7889459,0.0,0.0,0.0,0.6618001,0.0,0.47016016,0.770458,0.0,0.0,0.6756415,0.7394991,0.0,0.84652144,0.0,0.0,0.0,0.0,0.9197505,0.4251574,0.0
0.8518215,0.9690708,0.0,1.1148392,0.0,0.88948315,1.0923735,0.9473205,0.0,0.0,0.0,1.1192361,0.0,0.0,0.0,1.1196876,0.0,0.8441473,1.0805432,0.0,0.0,0.9682034,0.9380927,0.0,1.269942,0.0,0.0,0.0,0.0,1.110478,0.8637367,0.0
0.5204903,0.76529634,0.0,0.8262633,0.0,0.58655375,1.1500993,0.0,0.0,0.0,0.004960209,0.91404665,0.0,0.0,0.0,0.65506953,0.0,0.4381497,0.9877424,0.0,0.0,1.0006037,0.5935304,0.0,0.61783874,0.0,0.0,0.0,0.0,1.050694,0.51186824,0.0
0.96242493,1.3282835,0.0,1.0359504,0.0,1.3770853,1.3278152,1.0745828,0.0,0.0,0.0,1.1882515,0.0,0.0,0.0,0.9031907,0.0,0.970096,1.0843914,0.0,0.0,1.130891,0.85499775,0.0,1.0864959,0.0,0.0,0.0,0.0,1.175876,0.8433576,0.0
1.7369908,1.8245595,0.0,1.729489,0.0,1.5958105,1.6850562,1.5919007,0.0,0.0,0.0,1.7348628,0.0,0.0,0.0,1.7697175,0.0,1.8259097,1.7562684,0.0,0.0,1.7022047,1.5426708,0.0,2.0331123,0.0,0.0,0.0,0.0,1.615833,1.6707654,0.0
1.5166798,1.7085482,0.0,1.6464003,0.0,1.1296926,1.5142716,1.4638599,0.0,0.0,0.0,1.6424625,0.0,0.0,0.0,1.7953932,0.0,1.5381002,1.6416487,0.0,0.0,1.4676801,1.5163789,0.0,1.8435613,0.0,0.0,0.0,0.0,1.5943906,1.4783783,0.0
1.5780474,1.6332059,0.0,1.5847028,0.0,1.1117054,1.5084454,1.4681321,0.0,0.0,0.0,1.6444103,0.0,0.0,0.0,1.8151809,0.0,1.5467937,1.5916506,0.0,0.0,1.3899204,1.489752,0.0,1.8260291,0.0,0.0,0.0,0.0,1.5361077,1.4887779,0.0
0.2832982,0.41115928,0.0,0.45689753,0.0,0.3694133,0.43659568,0.43467468,0.0,0.0,0.0,0.37586856,0.0,0.0,0.0,0.47779942,0.0,0.33126652,0.49905193,0.0,0.0,0.33066535,0.21462877,0.0,0.5042116,0.0,0.0,0.0,0.0,0.41719556,0.32579276,0.0
1.0094749,1.1105552,0.0,1.2837176,0.0,1.0077134,1.1904871,0.9350895,0.0,0.0,0.0,1.253136,0.0,0.0,0.0,1.1495363,0.0,0.92962074,1.1808676,0.0,0.0,1.1543864,0.9011543,0.0,1.411092,0.0,0.0,0.0,0.0,1.1185472,0.96186537,0.0
0.8015659,0.941271,0.0,1.099229,0.0,0.7734654,0.85783184,0.6990635,0.0,0.0,0.0,0.86106133,0.0,0.0,0.0,0.8840681,0.0,0.74863136,0.9938172,0.0,0.0,0.81250846,0.7435365,0.0,1.1148641,0.0,0.0,0.0,0.0,0.95053524,0.749568,0.0
0.044482674,0.57211906,0.0,0.39108774,0.0,0.46488827,0.4253112,0.42221668,0.0,0.0,0.0,0.5779838,0.01753012,0.0,0.0,0.33522606,0.049483754,0.2464103,0.5237818,0.1444933,0.0,0.3623977,0.2871831,0.0,0.34545663,0.0,0.0,0.0,0.0,0.5128869,0.23471983,0.0
1.5377539,1.7644199,0.0,1.6150529,0.0,1.3745027,1.449817,1.4092267,0.0,0.0,0.0,1.4699146,0.0,0.0,0.0,1.6075072,0.0,1.6091077,1.6825923,0.0,0.0,1.625994,1.400604,0.0,1.9668602,0.0,0.0,0.0,0.0,1.5122353,1.3491472,0.0
0.7012847,1.3518125,0.0,0.8655645,0.0,1.9270777,1.2551482,0.83785826,0.0,0.0,0.0,1.110284,0.0,0.0,0.0,0.6576194,0.0,1.5898166,0.9849289,0.0,0.0,1.4204371,1.1254437,0.0,1.2303934,0.0,0.0,0.0,0.0,1.1353724,1.2055768,0.0
1.3969306,1.4587014,0.0,1.1086782,0.0,0.8982109,1.1900843,1.3658944,0.0,0.0,0.0,1.4230609,0.0,0.0,0.0,1.3758211,0.0,1.4025192,1.3360901,0.0,0.0,1.0046505,1.060953,0.0,1.3087891,0.0,0.0,0.0,0.0,1.1150162,1.3684429,0.0
0.0,0.0,0.8002633,0.0,0.4863776,0.0,0.0,0.0,0.8757878,0.7065187,0.8759412,0.0,0.51674557,0.8947527,1.1299512,0.0,0.8937995,0.0,0.0,0.8832,1.0054301,0.0,0.0,0.7046875,0.0,0.59155244,0.96070886,1.2868747,0.93380666,0.0,0.0,0.46130544
0.33572346,0.42795587,0.0,0.53604764,0.0,0.37394994,0.41973293,0.3614087,0.0,0.0,0.0,0.489815,0.0,0.0,0.0,0.5242605,0.0,0.31661314,0.3735029,0.0,0.0,0.30448636,0.32457048,0.0,0.605174,0.0,0.0,0.0,0.0,0.45042062,0.32171562,0.0
1.7914432,1.8487532,0.0,1.7699811,0.0,1.2753105,1.655785,1.510042,0.0,0.0,0.0,1.728724,0.0,0.0,0.0,1.8136379,0.0,1.603236,1.7862269,0.0,0.0,1.5600635,1.4862583,0.0,2.013446,0.0,0.0,0.0,0.0,1.6964375,1.618811,0.0
0.37883276,0.84942144,0.0,0.19934937,0.0,0.61468375,0.38295949,0.5515968,0.0,0.0,0.0,0.48939556,0.0,0.0,0.14210312,0.4030018,0.0,0.7795922,0.45527533,0.0,0.0,0.37280482,0.96960735,0.0,0.3410374,0.0,0.0,0.031386465,0.0,0.46162114,0.77615917,0.0
0.49160194,0.61837196,0.0,0.7331205,0.0,0.5443265,0.82076144,0.75291467,0.0,0.0,0.0,0.77472746,0.0,0.0,0.0,0.77158195,0.0,0.5266564,0.9541233,0.0,0.0,0.64038366,0.6455076,0.0,0.85058933,0.0,0.0,0.0,0.0,0.7199175,0.7676599,0.0
1.1331053,1.1856806,0.0,1.0529593,0.0,1.2605132,1.2076153,1.2974377,0.0,0.0,0.0,1.3537539,0.0,0.0,0.0,1.2589993,0.0,1.5996801,1.381336,0.0,0.0,1.1793141,1.2937559,0.0,1.3459793,0.0,0.0,0.0,0.0,1.188779,1.2591618,0.0
1.1871015,1.303101,0.0,1.1572404,0.0,1.2908307,1.2137456,1.2882007,0.0,0.0,0.0,1.2947466,0.0,0.0,0.0,1.2393062,0.0,1.5097185,1.4297258,0.0,0.0,1.2484862,1.3634562,0.0,1.3660475,0.0,0.0,0.0,0.0,1.2607657,1.2801371,0.0
1.1223615,1.6477313,0.0,1.3163809,0.0,1.0865796,1.6989566,0.038345885,0.0,0.0,0.0,1.5396787,0.0,0.0,0.0,1.3653694,0.0,1.3263218,1.6538956,0.0,0.0,1.7567666,1.0264835,0.0,1.3278368,0.0,0.0,0.0,0.0,1.4880779,1.3107845,0.0
0.8295507,1.2536643,0.0,0.9015933,0.0,0.39845031,1.2585725,0.0,0.0,0.0,0.0,1.0942206,0.0,0.0,0.0,1.0149179,0.0,0.80601704,1.1966898,0.0,0.0,1.0930232,0.68510723,0.0,0.73420036,0.0,0.0,0.0,0.0,1.1061177,1.1052201,0.0
0.8854497,1.0904349,0.0,1.0150466,0.0,1.5047241,1.1701293,0.77166367,0.0,0.0,0.0,1.1857191,0.0,0.0,0.0,0.8674001,0.0,1.5156192,1.1373538,0.0,0.0,1.2660562,1.1246667,0.0,1.3967377,0.0,0.0,0.0,0.0,1.0244392,1.4238166,0.0
0.92156255,1.4728482,0.0,1.1492215,0.0,0.84086806,1.650574,0.0,0.0,0.0,0.0,1.5265287,0.0,0.0,0.0,1.2764739,0.0,1.1857817,1.5436078,0.0,0.0,1.5675738,0.95167613,0.0,1.0446485,0.0,0.0,0.0,0.0,1.3737932,1.2270327,0.0
0.9181196,0.9659713,0.0,1.0717446,0.0,0.9553084,1.1759975,1.0033306,0.0,0.0,0.0,1.2149857,0.0,0.0,0.0,1.0797828,0.0,0.8842928,1.1433976,0.0,0.0,0.99391973,0.8903401,0.0,1.2628268,0.0,0.0,0.0,0.0,1.0703186,0.86311555,0.0
1.5856291,1.916018,0.0,1.9031384,0.0,1.29883,1.5465385,1.3640938,0.0,0.0,0.0,1.49442,0.0,0.0,0.0,1.793589,0.0,1.6076456,1.728913,0.0,0.0,1.5832832,1.4155787,0.0,1.9881449,0.0,0.0,0.0,0.0,1.6225517,1.5325804,0.0
1.8574613,2.0113049,0.0,1.9744532,0.0,1.4995407,1.7108922,1.5894889,0.0,0.0,0.0,1.8216287,0.0,0.0,0.0,1.9182341,0.0,1.732648,1.7980897,0.0,0.0,1.7795291,1.6389127,0.0,2.1878839,0.0,0.0,0.0,0.0,1.7873731,1.7211573,0.0
0.0,0.5037999,0.19775058,0.25618115,0.0508961,0.015387597,0.774953,0.0,0.4122132,0.04506844,1.0467737,0.42422354,0.30962753,0.29328325,0.62037313,0.059599712,0.0,0.0,0.52516836,0.7061003,0.13324764,0.28750303,0.29877144,0.22102687,0.0,0.26966766,0.10523866,0.41762775,0.7486726,0.6693198,0.025811763,0.030903399
1.3446957,1.2982477,0.0,1.2784891,0.0,1.2255235,1.2919823,1.4356488,0.0,0.0,0.0,1.3805361,0.0,0.0,0.0,1.3066623,0.0,1.5288911,1.4899234,0.0,0.0,1.2170898,1.3100765,0.0,1.4058827,0.0,0.0,0.0,0.0,1.2542163,1.3580964,0.0
0.45504314,0.8074221,0.0,0.89168066,0.0,0.7607036,0.55563974,0.5317559,0.0,0.0,0.0,0.5589973,0.0,0.0,0.0,0.6796621,0.0,0.62430465,0.7506184,0.0,0.0,0.7157495,0.79644203,0.0,0.89041597,0.0,0.0,0.0,0.0,0.8249836,0.5142107,0.0
1.690843,1.8028363,0.0,1.7392372,0.0,1.6467053,1.713436,1.5517675,0.0,0.0,0.0,1.7883948,0.0,0.0,0.0,1.7892957,0.0,1.89278,1.789633,0.0,0.0,1.7687163,1.5755239,0.0,2.071725,0.0,0.0,0.0,0.0,1.6173877,1.7064412,0.0
0.094539165,0.2637953,0.0,0.0,0.0,0.9888632,0.0,0.5333683,0.0,0.0,0.0,0.13427866,0.008878708,0.0,0.0,0.0,0.21448407,0.76880914,0.5961649,0.0,0.39175218,0.7358691,0.35879225,0.0,0.07545117,0.090464905,0.0,0.0,0.0,0.36793143,0.85414946,0.0
1.161275,1.4388005,0.0,1.2504207,0.0,1.083192,1.2487278,1.0850052,0.0,0.0,0.0,1.3798372,0.0,0.0,0.0,1.4002696,0.0,1.4988536,1.3401093,0.0,0.0,1.2166853,1.3672308,0.0,1.4745376,0.0,0.0,0.0,0.0,1.3285992,1.4024053,0.0
0.88401043,0.6210549,0.0,0.63704693,0.0,1.6871955,1.3195771,1.0822407,0.0,0.0,0.0,1.0636979,0.0,0.0,0.0,0.6974436,0.0,1.3801383,0.89204186,0.0,0.0,1.2632895,1.2599063,0.0,1.1499816,0.0,0.0,0.0,0.0,1.0372616,0.8483707,0.0
1.1734952,1.4322872,0.0,1.1837708,0.0,0.9711722,1.0934252,1.1352179,0.0,0.0,0.0,1.363261,0.0,0.0,0.0,1.3714578,0.0,1.2718219,1.3746356,0.0,0.0,1.1297941,1.1723797,0.0,1.477433,0.0,0.0,0.0,0.0,1.3544807,1.1679759,0.0
1.1719469,1.4872048,0.0,1.2621284,0.0,1.0206251,1.1545087,1.1713595,0.0,0.0,0.0,1.3731185,0.0,0.0,0.0,1.3597353,0.0,1.2716378,1.4157946,0.0,0.0,1.2431126,1.2384527,0.0,1.5331197,0.0,0.0,0.0,0.0,1.3751862,1.1652025,0.0
0.0,0.0,0.9781227,0.0,0.89759284,0.0,0.0,0.0,0.9147089,0.9484614,0.9372535,0.0,0.7427941,0.7198836,1.0941893,0.0,0.8757315,0.0,0.0,1.0364329,1.0741122,0.0,0.0,1.0765464,0.0,0.7149499,0.89145225,0.97536933,0.89177483,0.0,0.0,0.47842193
1.1756727,1.2861365,0.0,1.1997206,0.0,0.8731775,1.1930091,1.2720051,0.0,0.0,0.0,1.2490062,0.0,0.0,0.0,1.3808776,0.0,1.1026887,1.2885388,0.0,0.0,1.0450455,1.1678463,0.0,1.3278995,0.0,0.0,0.0,0.0,1.3706323,1.062562,0.0
1.1913844,1.2974038,0.0,1.2607359,0.0,0.8544599,1.1793697,1.2866147,0.0,0.0,0.0,1.2279627,0.0,0.0,0.0,1.3257056,0.0,1.0777194,1.2653016,0.0,0.0,1.0642809,1.2464359,0.0,1.2906679,0.0,0.0,0.0,0.0,1.3763112,1.0789051,0.0
0.37378222,0.39975244,0.0,0.48395783,0.0,0.45176843,0.5669242,0.58093756,0.0,0.0,0.0,0.46729404,0.0,0.0,0.0,0.6013452,0.0,0.2483052,0.68583196,0.0,0.0,0.465934,0.29475608,0.0,0.70109785,0.0,0.0,0.0,0.0,0.50678027,0.47665253,0.0
0.7494365,1.4172888,0.0,0.92967665,0.0,1.9843016,1.2928977,0.8701001,0.0,0.0,0.0,1.1221249,0.0,0.0,0.0,0.6862326,0.0,1.5887116,1.037594,0.0,0.0,1.4794086,1.16253,0.0,1.2775478,0.0,0.0,0.0,0.0,1.1739359,1.249164,0.0
0.5166342,0.7738426,0.0,0.7841632,0.0,0.71834385,0.7169594,0.63612074,0.0,0.0,0.0,0.7928609,0.0,0.0,0.0,0.73430115,0.0,0.67492115,0.86717886,0.0,0.0,0.7728533,0.772212,0.0,0.8936423,0.0,0.0,0.0,0.0,0.88309664,0.6112902,0.0
1.4754665,1.6910313,0.0,1.5947144,0.0,1.2839444,1.5954484,1.3563561,0.0,0.0,0.0,1.5039462,0.0,0.0,0.0,1.6860995,0.0,1.5473117,1.5785854,0.0,0.0,1.5793632,1.4282874,0.0,1.8464617,0.0,0.0,0.0,0.0,1.5434984,1.3764884,0.0
1.2899113,1.4900383,0.0,1.1403772,0.0,0.96111816,1.3220093,1.3315614,0.0,0.0,0.0,1.4728116,0.0,0.0,0.0,1.5302633,0.0,1.3878589,1.3246623,0.0,0.0,1.0397034,1.0756395,0.0,1.3168744,0.0,0.0,0.0,0.0,1.2290567,1.3219098,0.0
0.0,0.0,1.3491704,0.0,0.7694554,0.0,0.0,0.0,1.1683396,1.0427716,1.1453633,0.0,1.2766834,1.1486084,0.96105915,0.0,1.514392,0.0,0.0,1.2276039,1.0651724,0.0,0.0,1.2393473,0.0,1.1822188,1.0934236,0.9019571,1.0630654,0.0,0.0,0.962963
1.1375788,1.3065017,0.0,1.0853891,0.0,1.3723321,1.1705917,1.2287991,0.0,0.0,0.0,1.2173729,0.0,0.0,0.0,1.2663028,0.0,1.5396963,1.3987956,0.0,0.0,1.2422209,1.2576758,0.0,1.4146515,0.0,0.0,0.0,0.0,1.2669296,1.153439,0.0
1.3791416,1.3224642,0.0,1.3091433,0.0,1.1988652,1.2691765,1.4950964,0.0,0.0,0.0,1.439775,0.0,0.0,0.0,1.3677528,0.0,1.5248556,1.506841,0.0,0.0,1.1335448,1.0818212,0.0,1.3679984,0.0,0.0,0.0,0.0,1.237693,1.2116238,0.0
0.7417203,1.0362952,0.0,0.58863837,0.0,0.7000543,0.5916075,0.75311005,0.0,0.0,0.0,0.8387134,0.0,0.0,0.0,0.75003225,0.0,1.0354688,0.7470425,0.0,0.0,0.5327969,0.9325615,0.0,0.5925735,0.0,0.0,0.0,0.0,0.72690356,0.906379,0.0
0.8854121,0.97280556,0.0,0.8408353,0.0,0.85345584,1.0169716,1.0108023,0.0,0.0,0.0,1.2239053,0.0,0.0,0.0,0.9742081,0.0,1.2589397,1.0700686,0.0,0.0,1.0266923,0.96412957,0.0,1.0954037,0.0,0.0,0.0,0.0,0.88222045,1.0942507,0.0
0.005944672,0.25189272,0.0,0.10445808,0.0,0.27406937,0.33423743,0.35220823,0.0,0.044351935,0.0,0.2605974,0.035315413,0.0,0.0,0.46298128,0.0,0.37188873,0.4181281,0.07314303,0.0,0.17461433,0.23971635,0.0,0.35320914,0.0,0.0,0.0,0.0,0.2223044,0.22680473,0.0
0.91513705,1.1964096,0.0,0.6252506,0.0,1.3484818,0.933261,0.9249226,0.0,0.0,0.0,0.7637409,0.0,0.0,0.0,0.70182955,0.0,1.115524,0.9443514,0.0,0.0,1.0263367,0.8316442,0.0,0.93536544,0.0,0.0,0.0,0.0,1.0421153,0.9122657,0.0
0.06640528,0.2254653,0.0059052706,0.1502273,0.0,0.2611205,0.23087788,0.27012712,0.0,0.12534791,0.030928671,0.115032986,0.09388883,0.0,0.0,0.29241306,0.0,0.06607735,0.39023367,0.076205775,0.0,0.20293486,0.007457923,0.07482989,0.23929468,0.0,0.0,0.0,0.05328972,0.18255275,0.15703231,0.0
0.0,0.0,0.672856,0.0,0.2847956,0.0,0.0,0.0,0.4631334,1.1775869,1.0228766,0.0,1.4856864,1.2770561,0.6454443,0.0,1.245687,0.0,0.0,0.8526272,1.1293386,0.0,0.0,0.42692015,0.0,0.8662606,1.4428192,1.1224512,0.87986463,0.0,0.0,1.6591177
1.3532051,1.6381204,0.0,1.4188794,0.0,1.0505129,1.3797837,1.209165,0.0,0.0,0.0,1.5356928,0.0,0.0,0.0,1.5380328,0.0,1.4968578,1.5445911,0.0,0.0,1.3675785,1.2854049,0.0,1.63985,0.0,0.0,0.0,0.0,1.3686963,1.3527532,0.0
0.0,0.0,0.19556034,0.0555832,0.0,0.0,0.0,0.0,0.091792926,0.1614188,0.30450764,0.0,0.3393367,0.23131976,0.0,0.07853517,0.49489674,0.0,0.02000589,0.20997997,0.13380015,0.0,0.0,0.22159696,0.0,0.16846561,0.054988198,0.0,0.16390368,0.0,0.0685171,0.13092762
0.7210875,0.78546906,0.0,1.0114216,0.0,0.8473286,1.00497,0.8239913,0.0,0.0,0.0,1.0238158,0.0,0.0,0.0,0.9058929,0.0,0.65793973,1.0119381,0.0,0.0,0.89065796,0.79238987,0.0,0.99531513,0.0,0.0,0.0,0.0,0.8873513,0.72353417,0.0
1.280027,1.6690507,0.0,1.5077169,0.0,1.3673925,1.457674,1.2907555,0.0,0.0,0.0,1.535715,0.0,0.0,0.0,1.3268497,0.0,1.5955248,1.5731871,0.0,0.0,1.475121,1.0877991,0.0,1.5598501,0.0,0.0,0.0,0.0,1.3007416,1.4806942,0.0
0.4919296,0.8242482,0.0,0.75675446,0.0,1.1859128,0.8714535,0.67970586,0.0,0.0,0.0,0.8277373,0.0,0.0,0.0,0.58703524,0.0,0.7480462,0.7435896,0.0,0.0,0.86250854,0.7250912,0.0,0.734898,0.0,0.0,0.0,0.0,0.89930594,0.68418205,0.0
1.1495222,1.4653065,0.0,1.2029873,0.0,1.2927587,1.2961125,1.15538,0.0,0.0,0.0,1.4112453,0.0,0.0,0.0,1.1816968,0.0,1.6024107,1.4129984,0.0,0.0,1.291174,1.0753752,0.0,1.3979597,0.0,0.0,0.0,0.0,1.2067949,1.3982022,0.0
1.093925,1.4354779,0.0,1.1458583,0.0,1.2519629,1.2313739,1.0923982,0.0,0.0,0.0,1.3621007,0.0,0.0,0.0,1.1269227,0.0,1.5840738,1.3481925,0.0,0.0,1.239718,1.0635402,0.0,1.3564478,0.0,0.0,0.0,0.0,1.1729792,1.3589803,0.0
1.3518953,1.5564764,0.0,1.4413987,0.0,1.2138897,1.4025011,1.3417094,0.0,0.0,0.0,1.5153006,0.0,0.0,0.0,1.2687409,0.0,1.5552838,1.5078504,0.0,0.0,1.3123572,0.9852452,0.0,1.4602404,0.0,0.0,0.0,0.0,1.1884527,1.4671501,0.0
0.0,0.0,0.20308267,0.04436768,0.0,0.0,0.0,0.0,0.107361995,0.09753995,0.18745738,0.0,0.32017303,0.29421827,0.0,0.012765005,0.50862527,0.0,0.016684748,0.17220251,0.24984595,0.0,0.0,0.26719245,0.0,0.071160585,0.23759954,0.0,0.16489151,0.0,0.028587349,0.13514023
0.8306666,1.1032702,0.0,0.8747411,0.0,0.7336543,0.845047,0.99676484,0.0,0.0,0.0,0.81276596,0.0,0.0,0.0,1.083629,0.0,0.9698071,0.80041766,0.0,0.0,0.74150103,0.9605396,0.0,1.0182878,0.0,0.0,0.0,0.0,1.0090746,0.73233765,0.0
1.1160624,1.2996439,0.0,1.1358796,0.0,0.8764957,1.1777921,1.1103616,0.0,0.0,0.0,1.3375438,0.0,0.0,0.0,1.4646533,0.0,1.2093643,1.2590084,0.0,0.0,0.94637996,1.0932214,0.0,1.2705349,0.0,0.0,0.0,0.0,1.203841,1.1494149,0.0
1.194812,1.4068115,0.0,1.3234684,0.0,1.0295517,1.3875054,1.2263886,0.0,0.0,0.0,1.337595,0.0,0.0,0.0,1.4369168,0.0,1.2788483,1.321399,0.0,0.0,1.2549773,1.2300336,0.0,1.4833835,0.0,0.0,0.0,0.0,1.3358582,1.1296018,0.0
1.2067889,1.3495078,0.0,1.2539117,0.0,1.1434418,1.3287916,1.3025991,0.0,0.0,0.0,1.4033968,0.0,0.0,0.0,1.3046123,0.0,1.5872558,1.3645535,0.0,0.0,1.4344587,1.199806,0.0,1.5472664,0.0,0.0,0.0,0.0,1.1634344,1.2857342,0.0
1.1217911,1.329123,0.0,1.2107096,0.0,1.3874499,1.3961232,1.2078834,0.0,0.0,0.0,1.4521959,0.0,0.0,0.0,1.4366195,0.0,1.7170569,1.4125108,0.0,0.0,1.4631544,1.4320447,0.0,1.6469454,0.0,0.0,0.0,0.0,1.3251113,1.3589016,0.0
0.48651898,0.87550706,0.0,0.62505937,0.0,0.47318214,0.9277274,0.17375599,0.0,0.0,0.0,0.9309867,0.0,0.0,0.0,1.0595264,0.0,0.6769472,0.7672919,0.0,0.0,0.6339798,0.74281764,0.0,0.61612666,0.0,0.0,0.0,0.0,1.0316898,1.116693,0.0
1.1404731,1.160508,0.0,1.0861729,0.0,0.9530364,1.1441886,1.1428466,0.0,0.0,0.0,1.2877661,0.0,0.0,0.0,1.2837512,0.0,1.445188,1.2054046,0.0,0.0,1.0168413,1.186043,0.0,1.3365186,0.0,0.0,0.0,0.0,1.1145549,1.3186297,0.0
0.53445464,0.6875897,0.0,0.79289687,0.0,0.7054948,0.7527069,0.6421589,0.0,0.0,0.0,0.85314333,0.0,0.0,0.0,0.7548642,0.0,0.6161977,0.8915705,0.0,0.0,0.77302814,0.6877501,0.0,0.85109365,0.0,0.0,0.0,0.0,0.75253475,0.606291,0.0
0.29975194,0.61306006,0.0,0.5586526,0.0,0.56037533,0.2828911,0.41725832,0.0,0.0,0.0,0.38896185,0.0,0.0,0.0,0.32806885,0.0,0.38072997,0.60861623,0.04789715,0.0,0.44188443,0.50417435,0.0,0.55933535,0.0,0.0,0.0,0.0,0.58780825,0.2581665,0.0
1.2976146,1.6020875,0.0,1.4220033,0.0,1.217943,1.4108149,1.2178187,0.0,0.0,0.0,1.4341264,0.0,0.0,0.0,1.5216053,0.0,1.5019555,1.4889395,0.0,0.0,1.3988028,1.2869419,0.0,1.6798829,0.0,0.0,0.0,0.0,1.4374628,1.2755344,0.0
1.1851048,1.7169921,0.0,1.4015176,0.0,1.4174266,1.3341452,1.1749561,0.0,0.0,0.0,1.3550521,0.0,0.0,0.0,1.2140037,0.0,1.4924356,1.5073469,0.0,0.0,1.4430571,1.1577107,0.0,1.4938028,0.0,0.0,0.0,0.0,1.332789,1.4130255,0.0
0.0,0.0,0.4416943,0.0,0.0,0.0,0.0,0.0,0.33935803,0.18198316,0.45389986,0.0,0.56618416,0.5429656,0.15480582,0.0,0.80384064,0.0,0.0,0.57020944,0.31159547,0.0,0.0,0.27387017,0.0,0.38483983,0.2894463,0.00016563386,0.4093119,0.0,0.0,0.32039285
0.6475923,0.7123344,0.0,0.8747179,0.0,0.6610281,0.9225899,0.8340685,0.0,0.0,0.0,0.8499753,0.0,0.0,0.0,0.84466773,0.0,0.5151921,0.84592205,0.0,0.0,0.64794016,0.69127345,0.0,0.9089388,0.0,0.0,0.0,0.0,0.8731973,0.5609205,0.0
1.4851793,1.8743464,0.0,1.4820193,0.0,1.3693714,1.465735,1.2502792,0.0,0.0,0.0,1.6728325,0.0,0.0,0.0,1.5562196,0.0,1.8163835,1.7000874,0.0,0.0,1.6356149,1.315258,0.0,1.8811128,0.0,0.0,0.0,0.0,1.370755,1.5361367,0.0
0.96991247,1.457378,0.0,1.1963553,0.0,1.8031104,1.3747326,1.031892,0.0,0.0,0.0,1.2237335,0.0,0.0,0.0,0.8137983,0.0,1.5083447,1.1223117,0.0,0.0,1.4253163,1.0091491,0.0,1.309496,0.0,0.0,0.0,0.0,1.1531059,1.3032639,0.0
0.65782493,0.82802564,0.0,0.8501788,0.0,0.7587007,0.9496043,0.811803,0.0,0.0,0.0,0.9813304,0.0,0.0,0.0,0.91360325,0.0,0.7245991,0.96133167,0.0,0.0,0.8229835,0.79791784,0.0,0.995565,0.0,0.0,0.0,0.0,0.94555867,0.73078585,0.0
0.59298503,0.79714686,0.0,0.8052043,0.0,0.7175759,0.7897285,0.65727895,0.0,0.0,0.0,0.8365342,0.0,0.0,0.0,0.7923146,0.0,0.64914525,0.8941568,0.0,0.0,0.7765111,0.72045994,0.0,0.935514,0.0,0.0,0.0,0.0,0.85887516,0.6253757,0.0
1.2104537,1.4700322,0.0,1.3957589,0.0,1.3660386,1.507391,1.2196252,0.0,0.0,0.0,1.5709084,0.0,0.0,0.0,1.4477761,0.0,1.4223129,1.636669,0.0,0.0,1.3797857,1.0947264,0.0,1.4415969,0.0,0.0,0.0,0.0,1.313228,1.4404663,0.0
0.87769663,1.4355347,0.0,1.0723108,0.0,0.9918273,1.1900659,0.8733389,0.0,0.0,0.0,1.1877671,0.0,0.0,0.0,1.1476092,0.0,1.0056347,1.2175328,0.0,0.0,1.0348825,1.205997,0.0,1.136146,0.0,0.0,0.0,0.0,1.2421099,1.3385805,0.0
1.1255755,1.4333123,0.0,1.2604402,0.0,1.4625973,1.4167209,1.194774,0.0,0.0,0.0,1.313308,0.0,0.0,0.0,1.1308168,0.0,1.4928168,1.335744,0.0,0.0,1.3046619,1.0342364,0.0,1.3310674,0.0,0.0,0.0,0.0,1.2038095,1.3547701,0.0
1.1535432,1.4502124,0.0,1.3214486,0.0,1.3312442,1.458092,1.1899946,0.0,0.0,0.0,1.5228857,0.0,0.0,0.0,1.3975333,0.0,1.3426322,1.5923095,0.0,0.0,1.3106765,1.0976181,0.0,1.3499339,0.0,0.0,0.0,0.0,1.2846096,1.4173927,0.0
1.2465217,1.5413114,0.0,1.2632573,0.0,1.0698045,1.26096,1.2193816,0.0,0.0,0.0,1.4454825,0.0,0.0,0.0,1.4890869,0.0,1.4395577,1.3762598,0.0,0.0,1.1917982,1.1392736,0.0,1.4762667,0.0,0.0,0.0,0.0,1.2488855,1.2637641,0.0
0.12126808,0.58482325,0.0,0.4905526,0.0,0.6963838,0.4518025,0.42864406,0.0,0.0,0.0,0.27979988,0.0,0.0,0.18023038,0.0,0.0,0.4740093,0.5345053,0.06671697,0.0,0.40759087,0.6877159,0.0,0.65810376,0.0,0.0,0.31400996,0.0,0.42231944,0.0,0.0
1.0706547,1.3328393,0.0,1.2583399,0.0,0.9815557,0.877675,1.2205857,0.0,0.0,0.0,1.1411177,0.0,0.0,0.0,1.1724039,0.0,1.1484637,1.2875899,0.0,0.0,0.9525387,0.89585865,0.0,1.2500571,0.0,0.0,0.0,0.0,1.110752,0.82555187,0.0
1.101041,1.1506616,0.0,0.9293537,0.0,0.76497,0.89508164,1.07794,0.0,0.0,0.0,1.076715,0.0,0.0,0.0,1.110289,0.0,1.1074035,1.2034936,0.0,0.0,0.791436,0.9396547,0.0,1.0501606,0.0,0.0,0.0,0.0,1.021212,1.0237747,0.0
1.5563363,1.9052869,0.0,1.5220201,0.0,1.4378352,1.5162038,1.2729884,0.0,0.0,0.0,1.6875116,0.0,0.0,0.0,1.602501,0.0,1.8396864,1.7364426,0.0,0.0,1.6992189,1.357268,0.0,1.953255,0.0,0.0,0.0,0.0,1.3844266,1.5742687,0.0
1.1334436,1.4059666,0.0,1.1424483,0.0,1.1926861,1.3052717,1.2300137,0.0,0.0,0.0,1.4253273,0.0,0.0,0.0,1.345823,0.0,1.6383646,1.3660756,0.0,0.0,1.423383,1.363934,0.0,1.5501213,0.0,0.0,0.0,0.0,1.2871945,1.3094556,0.0
0.0802415,0.18531832,0.104071446,0.1984222,0.0,0.0,0.0,0.19397607,0.0,0.0,0.26725867,0.0,0.0,0.0,0.37471214,0.1097215,0.12817007,0.09774587,0.10728197,0.0,0.33615595,0.0,0.13214031,0.3915122,0.31733185,0.0,0.20492665,0.0,0.0,0.0,0.08654775,0.0
1.354745,1.425505,0.0,1.264835,0.0,1.1646523,1.3856394,1.4288933,0.0,0.0,0.0,1.5459191,0.0,0.0,0.0,1.4096228,0.0,1.6511022,1.457319,0.0,0.0,1.387994,1.2754859,0.0,1.5703356,0.0,0.0,0.0,0.0,1.2701924,1.4024218,0.0
1.3878256,1.5097494,0.0,1.2009912,0.0,1.2398242,1.2970262,1.3911996,0.0,0.0,0.0,1.4672713,0.0,0.0,0.0,1.4156147,0.0,1.7391751,1.418521,0.0,0.0,1.4702187,1.2643149,0.0,1.7126594,0.0,0.0,0.0,0.0,1.2199662,1.3337159,0.0
1.1109895,1.5958797,0.0,1.2073271,0.0,1.3640031,1.2969054,1.0735803,0.0,0.0,0.0,1.4535211,0.0,0.0,0.0,1.2041265,0.0,1.6804999,1.4644216,0.0,0.0,1.4280174,1.266589,0.0,1.4837453,0.0,0.0,0.0,0.0,1.2003068,1.4490027,0.0
0.5816459,0.7657444,0.0,0.7947462,0.0,0.80334044,0.70166904,0.57942814,0.0,0.0,0.0,0.79266953,0.0,0.0,0.0,0.7297072,0.0,0.65019625,0.8329765,0.0,0.0,0.6840492,0.7264259,0.0,0.87482107,0.0,0.0,0.0,0.0,0.8199109,0.6193049,0.0
0.5541897,0.7205199,0.0,0.60466874,0.0,0.6861862,0.91311693,0.4486155,0.0,0.0,0.0,0.9728171,0.0,0.0,0.0,0.7313446,0.0,0.35002014,0.73196054,0.0,0.0,0.7980554,0.49142987,0.0,0.72136235,0.0,0.0,0.0,0.0,0.8232889,0.60088456,0.0
0.06424589,0.2024712,0.019722924,0.37950784,0.0,0.08741148,0.32721978,0.069057174,0.0,0.0,0.052471537,0.22515592,0.20533949,0.39387617,0.0,0.20154569,0.5201886,0.0,0.4298609,0.17027219,0.13470992,0.38167018,0.027820552,0.0,0.28608865,0.0,0.0,0.0,0.0,0.36801994,0.23796968,0.0
0.98250014,1.1510822,0.0,0.9257476,0.0,0.566966,0.63951856,1.1676952,0.0,0.0,0.0,0.92933,0.0,0.0,0.0,1.0191542,0.0,1.072013,0.97364503,0.0,0.0,0.6469863,0.73898745,0.0,1.0844448,0.0,0.0,0.0,0.0,0.8515672,0.77690715,0.0
0.0,0.0,0.7808387,0.0,0.701156,0.0,0.0,0.0,0.6093457,0.46364728,0.6625356,0.0,0.6755588,0.88918644,0.9891808,0.0,1.1565756,0.0,0.0,0.99234724,0.9691418,0.0,0.0,0.6692951,0.0,0.44930178,0.77216625,0.74794436,0.50404143,0.0,0.0,0.27524057
0.0,0.0,1.1432585,0.0,1.468709,0.0,0.0,0.0,1.5721203,2.0238013,1.6384327,0.0,1.3041382,1.6086348,1.0360566,0.0,1.6302764,0.0,0.0,1.74474,1.2593278,0.0,0.0,1.2407985,0.0,1.5948195,1.259931,1.271616,1.1572849,0.0,0.0,1.2750584
0.0,0.0,0.7372701,0.0,0.57480437,0.0,0.0,0.0,0.52966255,0.661725,0.64870363,0.0,0.5049256,0.5066504,0.75238514,0.0,0.61406404,0.0,0.0,0.7336585,0.855585,0.0,0.0,0.7691556,0.0,0.39007312,0.6118587,0.6337958,0.54305845,0.0,0.0,0.37406844
1.018824,1.2110581,0.0,0.9520598,0.0,0.69786644,0.86791784,1.142106,0.0,0.0,0.0,1.0083596,0.0,0.0,0.0,0.9033991,0.0,1.2299541,1.0659268,0.0,0.0,0.89632505,0.8250263,0.0,1.1378683,0.0,0.0,0.0,0.0,0.9689493,0.9290181,0.0
0.0,0.0,0.50107366,0.0,0.26354608,0.0,0.0,0.0,0.3420307,0.4182934,0.5403967,0.0,0.50352013,0.5197392,0.5934717,0.0,0.80665475,0.0,0.0,0.6926273,0.594978,0.0,0.0,0.60136586,0.0,0.31285453,0.3948726,0.47780728,0.38233903,0.0,0.0,0.0026300624
0.10308504,0.4872763,0.0,0.28669134,0.0,0.49341252,0.37976223,0.41194123,0.0,0.0,0.0,0.36382812,0.0,0.0,0.0,0.3096463,0.0,0.27994737,0.33695248,0.0,0.0,0.41806188,0.33563662,0.0,0.54560846,0.0,0.0,0.0,0.0,0.29628614,0.3934273,0.0
0.1230378,0.5451125,0.07054969,0.40616426,0.0,0.37425014,0.12779358,0.42277113,0.0,0.0,0.0,0.23815118,0.0,0.0,0.05275304,0.13295983,0.0,0.13507763,0.5862765,0.13376716,0.27433142,0.4024362,0.34297445,0.0,0.3720878,0.0,0.045455664,0.0,0.0,0.44282627,0.07525508,0.0
1.4200469,2.0173218,0.0,1.7986717,0.0,0.9794729,2.0226288,0.1909042,0.0,0.0,0.0,1.8586977,0.0,0.0,0.0,1.9287311,0.0,1.1452353,1.6719183,0.0,0.0,1.8220117,1.2481198,0.0,1.5698012,0.0,0.0,0.0,0.0,1.8893453,1.6260737,0.0
1.4403903,1.9700463,0.0,1.786692,0.0,0.9744461,2.113569,0.15201667,0.0,0.0,0.0,1.9266201,0.0,0.0,0.0,2.0271473,0.0,1.1815151,1.743417,0.0,0.0,1.8477967,1.2658527,0.0,1.672486,0.0,0.0,0.0,0.0,1.8967487,1.6804657,0.0
1.3898615,1.5615133,0.0,1.3034252,0.0,1.2318105,1.2744445,1.294095,0.0,0.0,0.0,1.3111008,0.0,0.0,0.0,1.4668654,0.0,1.3938094,1.5451654,0.0,0.0,1.2255969,1.1091783,0.0,1.586464,0.0,0.0,0.0,0.0,1.3135482,1.2407305,0.0
1.1552299,1.627011,0.0,1.1812277,0.0,1.445197,1.2880648,1.1046892,0.0,0.0,0.0,1.4539727,0.0,0.0,0.0,1.2405276,0.0,1.7649546,1.496926,0.0,0.0,1.4746916,1.2369623,0.0,1.5711049,0.0,0.0,0.0,0.0,1.2110716,1.424894,0.0
1.4714214,1.6169538,0.0,1.4479473,0.0,1.2652268,1.4706075,1.391948,0.0,0.0,0.0,1.6226759,0.0,0.0,0.0,1.3498833,0.0,1.6902128,1.6325146,0.0,0.0,1.4235065,1.1226865,0.0,1.5836742,0.0,0.0,0.0,0.0,1.2029899,1.5619495,0.0
1.3315902,1.6571645,0.0,1.2960589,0.0,1.3833287,1.3340715,1.2197822,0.0,0.0,0.0,1.4775226,0.0,0.0,0.0,1.2917062,0.0,1.7553585,1.5761085,0.0,0.0,1.4782972,1.1787447,0.0,1.6399587,0.0,0.0,0.0,0.0,1.2236631,1.4563841,0.0
0.8897379,1.048392,0.0,1.0093896,0.0,0.8348957,0.62760866,0.9924957,0.0,0.0,0.0,0.77489597,0.0,0.0,0.0,1.1057706,0.0,0.88838017,0.98835105,0.0,0.0,0.8320191,0.83670056,0.0,1.1387836,0.0,0.0,0.0,0.0,1.0530057,0.5991428,0.0
0.7214901,0.82758325,0.0,0.68258566,0.0,0.48045987,0.5172585,0.86689854,0.0,0.0,0.0,0.5519643,0.0,0.0,0.0,0.9700813,0.0,0.65417624,0.79510653,0.0,0.0,0.52327025,0.64912844,0.0,0.7876009,0.0,0.0,0.0,0.0,0.8216015,0.62302077,0.0
1.2915534,1.5883633,0.0,1.5044127,0.0,1.1563585,1.3580341,1.4289948,0.0,0.0,0.0,1.4207412,0.0,0.0,0.0,1.546044,0.0,1.4097161,1.6421981,0.0,0.0,1.3511503,1.3137645,0.0,1.5353645,0.0,0.0,0.0,0.0,1.4737664,1.361685,0.0
1.399468,1.4070545,0.0,1.3183593,0.0,1.0049527,1.2626443,1.4539882,0.0,0.0,0.0,1.4506793,0.0,0.0,0.0,1.4070951,0.0,1.3305546,1.4952098,0.0,0.0,1.0704525,1.1925477,0.0,1.3426495,0.0,0.0,0.0,0.0,1.2873012,1.2805555,0.0
1.2864158,1.3866496,0.0,1.1277171,0.0,1.1693124,1.2054572,1.3238571,0.0,0.0,0.0,1.350124,0.0,0.0,0.0,1.3733828,0.0,1.4188403,1.4441575,0.0,0.0,1.1301454,1.2820426,0.0,1.4188489,0.0,0.0,0.0,0.0,1.3040005,1.2251922,0.0
1.1188266,1.4682459,0.0,1.0282307,0.0,1.0999359,0.85548097,1.1953508,0.0,0.0,0.0,1.0885729,0.0,0.0,0.0,1.0324457,0.0,1.4928586,1.251816,0.0,0.0,1.2492224,0.9417894,0.0,1.5093459,0.0,0.0,0.0,0.0,1.0254842,0.93772596,0.0
1.0105971,1.3457952,0.0,1.0473416,0.0,1.4955616,1.2675894,1.0418888,0.0,0.0,0.0,1.1732329,0.0,0.0,0.0,1.0044553,0.0,1.5173624,1.21645,0.0,0.0,1.2295884,1.0883964,0.0,1.2626556,0.0,0.0,0.0,0.0,1.1580323,1.3271388,0.0
0.7237008,0.83339304,0.0,0.970374,0.0,0.8419072,1.0114026,0.8093753,0.0,0.0,0.0,1.0401512,0.0,0.0,0.0,0.9646846,0.0,0.66851246,1.021533,0.0,0.0,0.8703308,0.7219082,0.0,1.0753348,0.0,0.0,0.0,0.0,0.94721675,0.72756654,0.0
0.78055805,1.4595029,0.0,1.0220098,0.0,1.9638733,1.3350415,0.90956944,0.0,0.0,0.0,1.1674309,0.0,0.0,0.0,0.72597855,0.0,1.5843055,1.075538,0.0,0.0,1.5132784,1.1336013,0.0,1.309657,0.0,0.0,0.0,0.0,1.1874329,1.2565858,0.0
0.81607443,0.9355332,0.0,1.0488396,0.0,0.80792284,1.014491,0.881781,0.0,0.0,0.0,1.03408,0.0,0.0,0.0,0.99056,0.0,0.735363,1.0225687,0.0,0.0,0.9115923,0.9000462,0.0,1.1816807,0.0,0.0,0.0,0.0,1.0913785,0.7995214,0.0
0.9739152,1.4371645,0.0,1.1894271,0.0,1.7593129,1.3565629,1.0310816,0.0,0.0,0.0,1.216271,0.0,0.0,0.0,0.80386424,0.0,1.4895453,1.1028858,0.0,0.0,1.3874587,0.98060274,0.0,1.2852226,0.0,0.0,0.0,0.0,1.1290498,1.290111,0.0
0.56693274,0.743383,0.0,0.78282917,0.0,0.68883705,0.84783405,0.79526967,0.0,0.0,0.0,0.853839,0.0,0.0,0.0,0.81882364,0.0,0.58713686,0.9224359,0.0,0.0,0.7796353,0.5803592,0.0,0.9107833,0.0,0.0,0.0,0.0,0.75509214,0.6594139,0.0
0.0,0.0,0.37858492,0.0,0.11446286,0.015891138,0.0,0.0,0.26824963,0.27930126,0.4823044,0.0,0.4540971,0.47427544,0.3730651,0.0,0.7690087,0.0,0.0073073953,0.57460344,0.47576308,0.0,0.0,0.39909062,0.0,0.23518103,0.3085162,0.25211722,0.29695174,0.0,0.0,0.024542786
0.0,0.1119659,0.0,0.074407406,0.0,0.22648793,0.18313073,0.17384121,0.0,0.0,0.0,0.039442327,0.11709821,0.0,0.0,0.08628752,0.0,0.0,0.45217243,0.076527104,0.0,0.29238603,0.0,0.0,0.19459113,0.0,0.20653775,0.0,0.10207724,0.19382834,0.122252,0.0
1.2713419,1.4865123,0.0,1.3533553,0.0,1.0824981,1.2540317,1.4230955,0.0,0.0,0.0,1.4206746,0.0,0.0,0.0,1.3764426,0.0,1.3111804,1.5551463,0.0,0.0,1.1923319,1.2300684,0.0,1.3091573,0.0,0.0,0.0,0.0,1.3028519,1.204906,0.0
1.2535273,1.63313,0.0,1.5125774,0.0,1.2957443,1.3316699,1.1665711,0.0,0.0,0.0,1.3055938,0.0,0.0,0.0,1.4057713,0.0,1.5202082,1.503543,0.0,0.0,1.4284338,1.1893951,0.0,1.7096977,0.0,0.0,0.0,0.0,1.3430735,1.237124,0.0
1.2721177,1.4044077,0.0,1.1095734,0.0,1.0253682,1.1737671,1.1892395,0.0,0.0,0.0,1.3045402,0.0,0.0,0.0,1.2676494,0.0,1.4087038,1.2868505,0.0,0.0,0.9453649,0.8877858,0.0,1.2806998,0.0,0.0,0.0,0.0,1.0455233,1.305086,0.0
0.8894841,1.599861,0.0,1.450466,0.0,0.9718253,1.780922,0.0,0.0,0.0,0.0,1.5585703,0.0,0.0,0.0,1.3489392,0.0,1.2546365,1.6477803,0.0,0.0,2.0309162,1.0779608,0.0,1.4472673,0.0,0.0,0.0,0.0,1.4586451,1.2712506,0.0
0.82566124,1.466684,0.0,1.2756007,0.0,0.6474463,1.5469432,0.0,0.0,0.0,0.0,1.4703909,0.0,0.0,0.0,1.2054011,0.0,1.0927918,1.434076,0.0,0.0,1.5438317,0.9926691,0.0,1.1331835,0.0,0.0,0.0,0.0,1.3903409,1.3582072,0.0
0.0,0.0,1.0277919,0.0,0.47851604,0.0,0.0,0.0,0.88008946,0.7327611,0.91623616,0.0,0.98190427,0.947724,0.6985746,0.0,1.3283963,0.0,0.0,1.0715815,0.78799236,0.0,0.0,0.94077444,0.0,0.8431734,0.80530995,0.7208598,0.80825853,0.0,0.0,0.6087981
0.0,0.0,1.088133,0.0,0.7745058,0.0,0.0,0.0,0.86219496,1.0144941,0.86790025,0.0,0.8258997,0.70814705,1.0767446,0.0,0.70791423,0.0,0.0,1.0587324,1.0256879,0.0,0.0,1.292985,0.0,0.7014765,1.0493618,0.9526114,0.79033715,0.0,0.0,0.5916761
0.7098858,0.79817927,0.0,0.79922646,0.0,0.8336436,0.78439707,0.753814,0.0,0.0,0.0,0.9222009,0.0,0.0,0.0,0.8159011,0.0,0.77051854,0.88477135,0.0,0.0,0.72561747,0.6978468,0.0,0.98305225,0.0,0.0,0.0,0.0,0.8224168,0.6469796,0.0
1.2294772,1.5012704,0.0,1.3185,0.0,0.86735636,1.1833589,1.253524,0.0,0.0,0.0,1.3272961,0.0,0.0,0.0,1.4915731,0.0,1.2755216,1.362118,0.0,0.0,1.1487584,1.167552,0.0,1.4656066,0.0,0.0,0.0,0.0,1.3256152,1.0766414,0.0
1.3292005,1.4252481,0.0,1.2381184,0.0,0.90887374,1.2879244,1.2972838,0.0,0.0,0.0,1.3989099,0.0,0.0,0.0,1.5308487,0.0,1.3249143,1.4083036,0.0,0.0,1.1392308,1.2343824,0.0,1.4916178,0.0,0.0,0.0,0.0,1.3341336,1.2052866,0.0
0.78883886,0.7148431,0.0,0.8568716,0.0,0.6763824,0.9163083,0.8445739,0.0,0.0,0.0,0.9295492,0.0,0.0,0.0,0.9836327,0.0,0.6092021,0.7523301,0.0,0.0,0.6701014,0.67981493,0.0,1.119947,0.0,0.0,0.0,0.0,0.8134943,0.6283779,0.0
0.0,0.0,1.5163363,0.0,0.89513916,0.0,0.0,0.0,1.7297697,0.5479893,1.1408904,0.0,0.8157609,1.4902369,1.1852741,0.0,1.7801517,0.0,0.0,1.3373374,1.8830882,0.0,0.0,1.1908882,0.0,2.2953024,1.000162,0.5463123,1.946742,0.0,0.0,0.43696618
0.0,0.0,0.6026515,0.0,0.0,0.0,0.0,0.0,0.21552953,1.0549988,0.7754184,0.0,1.3263402,0.89496195,0.31116164,0.0,0.75059366,0.0,0.0,0.7250781,0.8519643,0.0,0.0,0.157269,0.0,0.96358585,1.1596773,0.47159785,0.60772747,0.0,0.0,1.322271
0.0,0.0,0.8926697,0.0,0.63954777,0.0,0.0,0.0,1.0295231,0.5301267,0.9966199,0.0,1.0200523,0.90204805,0.76925296,0.0,0.85105723,0.0,0.0,1.0275751,0.42356488,0.0,0.0,0.38255677,0.0,0.8734174,0.75639933,0.8111595,0.9818861,0.0,0.0,0.81208265
0.20936787,0.28242058,0.0,0.38729668,0.0,0.33803627,0.3192985,0.23995852,0.0,0.033544406,0.0,0.27234834,0.03191021,0.14341147,0.0,0.3337744,0.15980811,0.28385225,0.43438736,0.09716108,0.0,0.32369646,0.11620591,0.0,0.37182122,0.0,0.0,0.0,0.0,0.28149873,0.31807315,0.0
1.1765835,1.6389066,0.0,1.4260206,0.0,1.6139332,1.5119908,1.2717654,0.0,0.0,0.0,1.3145657,0.0,0.0,0.0,1.1899799,0.0,1.4330952,1.3999693,0.0,0.0,1.4242282,1.1704986,0.0,1.4135503,0.0,0.0,0.0,0.0,1.3503362,1.4164755,0.0
1.0819014,1.4334216,0.0,1.1044259,0.0,1.3149508,1.2291613,1.1676395,0.0,0.0,0.0,1.3634154,0.0,0.0,0.0,1.2932763,0.0,1.5896655,1.4105706,0.0,0.0,1.3130871,1.2910376,0.0,1.482765,0.0,0.0,0.0,0.0,1.2997563,1.285569,0.0
1.4781637,1.7666639,0.0,1.6180254,0.0,1.4167697,1.5633948,1.3542185,0.0,0.0,0.0,1.6006956,0.0,0.0,0.0,1.6531614,0.0,1.6375188,1.6751368,0.0,0.0,1.4938738,1.5035181,0.0,1.7867961,0.0,0.0,0.0,0.0,1.6055408,1.5868349,0.0
1.7080269,1.7412778,0.0,1.7877271,0.0,1.2098869,1.652371,1.549105,0.0,0.0,0.0,1.6796958,0.0,0.0,0.0,1.7610701,0.0,1.5440881,1.7344819,0.0,0.0,1.3701562,1.3541827,0.0,1.75232,0.0,0.0,0.0,0.0,1.5684862,1.6206198,0.0
1.4308134,1.7984014,0.0,1.6291448,0.0,1.3704156,1.4697976,1.3232343,0.0,0.0,0.0,1.5151105,0.0,0.0,0.0,1.5675225,0.0,1.5361269,1.6964431,0.0,0.0,1.4826972,1.462595,0.0,1.6523721,0.0,0.0,0.0,0.0,1.5255984,1.5024992,0.0
1.6322623,1.6713228,0.0,1.6965117,0.0,1.1142865,1.5357151,1.4580522,0.0,0.0,0.0,1.6267685,0.0,0.0,0.0,1.6789296,0.0,1.5266252,1.6351664,0.0,0.0,1.271762,1.3181773,0.0,1.6806474,0.0,0.0,0.0,0.0,1.4900533,1.5840694,0.0
0.99253684,1.0235922,0.0,0.87540466,0.0,0.7164617,0.95441353,1.2263061,0.0,0.0,0.0,1.0109832,0.0,0.0,0.0,1.2435687,0.0,1.1118495,1.0411385,0.0,0.0,0.9211093,1.0232615,0.0,1.1651635,0.0,0.0,0.0,0.0,0.9851355,0.8479943,0.0
1.2306563,1.3982852,0.0,1.3289411,0.0,1.093627,1.2279958,1.274256,0.0,0.0,0.0,1.3378373,0.0,0.0,0.0,1.4883807,0.0,1.3903878,1.5096742,0.0,0.0,1.3253826,1.3841037,0.0,1.644665,0.0,0.0,0.0,0.0,1.3740689,1.2578017,0.0
0.36869812,0.6082405,0.0,0.5982101,0.0,0.73748076,0.74144495,0.61668855,0.0,0.0,0.0,0.7250892,0.0,0.0,0.0,0.53709686,0.0,0.41068414,0.82210904,0.0,0.0,0.7568721,0.5707023,0.0,0.6233523,0.0,0.0,0.0,0.0,0.66384465,0.3391126,0.0
1.2060748,1.2436904,0.0,1.0011516,0.0,0.8600441,1.0930111,1.2936716,0.0,0.0,0.0,1.3166887,0.0,0.0,0.0,1.2766842,0.0,1.2708125,1.2414933,0.0,0.0,0.9645478,1.046446,0.0,1.1940649,0.0,0.0,0.0,0.0,1.0913613,1.257135,0.0
1.4563841,1.7199327,0.0,1.6667088,0.0,1.2660718,1.6017172,1.3526518,0.0,0.0,0.0,1.5716019,0.0,0.0,0.0,1.6397377,0.0,1.5369228,1.5764025,0.0,0.0,1.4092746,1.1724033,0.0,1.6894493,0.0,0.0,0.0,0.0,1.4791484,1.498365,0.0
1.2376478,1.5278376,0.0,1.3607309,0.0,1.1610749,1.4275737,1.1571397,0.0,0.0,0.0,1.4325576,0.0,0.0,0.0,1.4987249,0.0,1.512225,1.4048834,0.0,0.0,1.2294858,1.1476659,0.0,1.5016603,0.0,0.0,0.0,0.0,1.3982292,1.3590248,0.0
1.1865722,1.4710194,0.0,1.2224499,0.0,1.1702834,0.7761709,1.1611233,0.0,0.0,0.0,1.1302716,0.0,0.0,0.0,1.0154107,0.0,1.4037507,1.3449683,0.0,0.0,1.1297382,0.90457225,0.0,1.4920944,0.0,0.0,0.0,0.0,1.1032166,0.901449,0.0
1.1861374,1.1517086,0.0,0.66222507,0.0,0.6689945,0.6101606,1.0988015,0.0,0.0,0.0,0.91194844,0.0,0.0,0.0,0.80347323,0.0,1.1005874,1.1054932,0.0,0.0,0.62875146,0.66702104,0.0,0.90741915,0.0,0.0,0.0,0.0,0.7479563,1.0589565,0.0
1.319617,1.7565755,0.0,1.5913959,0.0,1.0882065,1.4115177,1.17337,0.0,0.0,0.0,1.4015906,0.0,0.0,0.0,1.6406906,0.0,1.4379666,1.507147,0.0,0.0,1.400267,1.2447072,0.0,1.7186329,0.0,0.0,0.0,0.0,1.4485335,1.2777188,0.0
1.223094,1.4642726,0.0,1.1898035,0.0,1.1256307,1.1538322,1.2448537,0.0,0.0,0.0,1.2978611,0.0,0.0,0.0,1.2273369,0.0,1.432817,1.3789387,0.0,0.0,1.18447,1.2157695,0.0,1.3963989,0.0,0.0,0.0,0.0,1.2346992,1.2783924,0.0
0.0,0.0,0.4382868,0.0,0.062762655,0.0,0.0,0.0,0.19561294,0.2398647,0.42581227,0.0,0.44320512,0.44427744,0.40619603,0.0,0.47988176,0.0,0.0,0.5941557,0.4287879,0.0,0.0,0.34360716,0.05167669,0.11315027,0.40811312,0.29620773,0.14067715,0.0,0.0,0.2034846
0.0,0.0,0.6079521,0.0,0.1391857,0.0,0.0,0.0,0.4723791,0.28618494,0.71642303,0.0,0.75065327,0.72746015,0.41792452,0.0,1.0297816,0.0,0.0,0.7883599,0.55336,0.0,0.0,0.3894008,0.0,0.3871749,0.58731127,0.28111732,0.3854525,0.0,0.0,0.4167977
0.65138143,0.8178586,0.0,0.9027643,0.0,0.8032889,0.8205345,0.6033379,0.0,0.0,0.0,0.7869071,0.0,0.0,0.0,0.85065913,0.0,0.7029522,0.8715446,0.0,0.0,0.7863846,0.83597386,0.0,1.0606722,0.0,0.0,0.0,0.0,0.97523785,0.6757789,0.0
0.6922989,0.81313056,0.0,0.9963206,0.0,0.78095305,0.9435868,0.68501574,0.0,0.0,0.0,0.97767967,0.0,0.0,0.0,0.9029324,0.0,0.6804575,0.883886,0.0,0.0,0.88755214,0.9205278,0.0,1.0911607,0.0,0.0,0.0,0.0,0.9420431,0.6769414,0.0
1.0607951,1.2128917,0.0,1.0462838,0.0,0.7779731,1.0106012,1.252111,0.0,0.0,0.0,1.1202941,0.0,0.0,0.0,1.3422958,0.0,1.1425312,1.161008,0.0,0.0,0.88606876,0.9927162,0.0,1.2011379,0.0,0.0,0.0,0.0,1.1247905,1.0126384,0.0
0.030184034,0.0,0.16833031,0.17063504,0.0,0.076773606,0.12573111,0.16531429,0.0,0.0,0.1341027,0.09741519,0.110702395,0.064678326,0.14761709,0.20816113,0.25394604,0.020522373,0.044978812,0.13639727,0.16434722,0.0,0.05546446,0.09699975,0.2182256,0.0,0.19162408,0.19227517,0.0,0.14008269,0.0,0.0
0.0,0.0,1.2091074,0.0,0.94307774,0.0,0.0,0.0,0.9949701,1.0241358,1.0034176,0.0,1.0460162,1.3196067,1.0917294,0.0,1.5745695,0.0,0.0,1.3882217,1.3132622,0.0,0.0,1.1010127,0.0,1.0971755,0.9202628,0.83047205,0.891953,0.0,0.0,0.7162588
0.0,0.037977345,0.2590221,0.18012498,0.0,0.011766115,0.039638013,0.0,0.0036275238,0.0864647,0.08358404,0.06517206,0.2564777,0.2807683,0.032939978,0.09511467,0.29395053,0.0,0.0,0.2836628,0.25994325,0.017220467,0.0,0.10240415,0.113952935,0.1663202,0.0633401,0.0,0.07270025,0.051551934,0.0,0.27336866
1.2547635,1.476108,0.0,1.1414384,0.0,1.1023545,1.2305661,1.1348938,0.0,0.0,0.0,1.3953184,0.0,0.0,0.0,1.2027769,0.0,1.2773539,1.2824984,0.0,0.0,1.169437,0.920398,0.0,1.3261057,0.0,0.0,0.0,0.0,1.1451404,1.157342,0.0
0.3529585,0.5270062,0.0,0.6794519,0.0,0.5637299,0.6504682,0.4436868,0.0,0.0,0.0,0.64612865,0.0,0.0,0.0,0.6288156,0.0,0.35600027,0.7460775,0.0,0.0,0.66534364,0.39282542,0.0,0.6901276,0.0,0.0,0.0,0.0,0.6139022,0.4458607,0.0
0.0,0.0,1.0338261,0.0,1.5927469,0.0,0.0,0.0,0.8337124,0.95499,0.82366824,0.0,0.79228944,0.8657695,1.9339132,0.0,2.0922303,0.025814097,0.0,0.95053166,2.1598876,0.0,0.0,1.7573959,0.0,1.3986467,1.3352395,1.4009277,1.0954514,0.0,0.0,0.460648
0.16139546,0.34606528,0.023447491,0.1697383,0.0,0.15858366,0.21085137,0.19947453,0.0,0.05268336,0.0,0.24590044,0.18101886,0.4224995,0.0,0.2207626,0.485023,0.1412185,0.35272032,0.22110999,0.15909864,0.33877787,0.0,0.069388434,0.31581116,0.006693952,0.0,0.0,0.05724916,0.16038293,0.16009007,0.0
0.8549084,1.3284196,0.0,0.8776092,0.0,1.5363777,1.1486806,1.0122609,0.0,0.0,0.0,1.1380427,0.0,0.0,0.0,1.0524023,0.0,1.3803667,1.2041771,0.0,0.0,1.2857985,1.4252093,0.0,1.2482135,0.0,0.0,0.0,0.0,1.1908634,1.1353459,0.0
0.0,0.0,1.3266871,0.0,1.0506678,0.0,0.0,0.0,1.2602322,1.7268676,1.9510434,0.0,2.101581,2.103718,1.3781325,0.0,2.350824,0.0,0.0,1.4709542,1.5936519,0.0,0.0,0.7772261,0.0,1.5249077,2.3497815,2.2975767,1.4343935,0.0,0.0,2.7094274
0.6932592,0.87050825,0.0,0.9479311,0.0,0.84529924,0.94273883,0.7435893,0.0,0.0,0.0,1.0079956,0.0,0.0,0.0,0.83421814,0.0,0.69728976,0.9840973,0.0,0.0,0.91809136,0.7472738,0.0,1.0278814,0.0,0.0,0.0,0.0,0.88028055,0.6408095,0.0
0.25607687,0.50893575,0.0,0.4995692,0.0,0.28797495,0.5769602,0.6074822,0.0,0.0,0.0,0.6680554,0.0,0.027102008,0.0,0.53735995,0.009852037,0.111179665,0.6074504,0.0,0.0,0.32302022,0.28329134,0.0,0.43047023,0.0,0.0,0.0,0.0,0.5151152,0.21754174,0.0
0.77001363,0.9222845,0.0,1.0179417,0.0,0.7990684,1.077227,0.85064936,0.0,0.0,0.0,1.0147722,0.0,0.0,0.0,0.9239944,0.0,0.61944014,1.0710286,0.0,0.0,0.9442817,0.65197134,0.0,1.0761398,0.0,0.0,0.0,0.0,0.9694902,0.65565884,0.0
0.41041982,0.5248159,0.0,0.6433527,0.0,0.63291055,0.76151925,0.6165348,0.0,0.0,0.0,0.65897024,0.0,0.0,0.0,0.75128925,0.0,0.458822,0.8915187,0.0,0.0,0.64185387,0.56546354,0.0,0.77808464,0.0,0.0,0.0,0.0,0.7214384,0.615928,0.0
1.6076337,1.7247368,0.0,1.7281909,0.0,1.1584908,1.6288487,1.4860646,0.0,0.0,0.0,1.6626422,0.0,0.0,0.0,1.7609892,0.0,1.559764,1.685279,0.0,0.0,1.339577,1.358004,0.0,1.8010072,0.0,0.0,0.0,0.0,1.6076599,1.7033036,0.0
0.59323776,0.8453237,0.0,0.870975,0.0,0.815615,0.90578926,0.72028315,0.0,0.0,0.0,0.8098395,0.0,0.0,0.0,0.7585194,0.0,0.51535946,0.82080716,0.0,0.0,0.73546505,0.6709498,0.0,0.9104649,0.0,0.0,0.0,0.0,0.9792849,0.53501177,0.0
1.350431,1.6022453,0.0,1.3464772,0.0,1.2312492,1.2826575,1.3921915,0.0,0.0,0.0,1.5381416,0.0,0.0,0.0,1.5062757,0.0,1.4668667,1.5440648,0.0,0.0,1.4381211,1.3894727,0.0,1.6769497,0.0,0.0,0.0,0.0,1.3797814,1.2949315,0.0
1.3555124,1.40972,0.0,1.2489601,0.0,1.063382,1.2345904,1.3405217,0.0,0.0,0.0,1.5524075,0.0,0.0,0.0,1.4667991,0.0,1.4062809,1.5297738,0.0,0.0,1.2201222,1.3648778,0.0,1.4818822,0.0,0.0,0.0,0.0,1.3289042,1.3497444,0.0
0.7229994,1.4196984,0.0,1.0731564,0.0,1.2112877,1.1562068,0.7069992,0.0,0.0,0.0,1.0970151,0.0,0.0,0.0,1.1808234,0.0,1.34946,1.1143545,0.0,0.0,1.1935312,1.3626752,0.0,1.2990115,0.0,0.0,0.0,0.0,1.1463338,1.2807617,0.0
1.2919565,1.2931237,0.0,1.3252587,0.0,1.2205566,1.5013579,1.2741326,0.0,0.0,0.0,1.5272615,0.0,0.0,0.0,1.4249725,0.0,1.6248331,1.4214671,0.0,0.0,1.2613707,1.0892459,0.0,1.4339362,0.0,0.0,0.0,0.0,1.1336362,1.4345117,0.0
1.2303036,1.3436875,0.0,1.3105917,0.0,1.2921057,1.4959543,1.1833034,0.0,0.0,0.0,1.4743961,0.0,0.0,0.0,1.4603174,0.0,1.6715906,1.4490106,0.0,0.0,1.3708936,1.1462666,0.0,1.5446701,0.0,0.0,0.0,0.0,1.195789,1.3884498,0.0
0.0,0.0,0.92580664,0.0,0.5706716,0.0,0.0,0.0,0.9508954,0.9950945,0.77937144,0.0,0.93678683,0.5455314,0.88282037,0.0,0.30092126,0.0,0.0,0.9817789,0.5396641,0.0,0.0,1.3217504,0.0,0.5941253,0.99314374,1.0744326,0.7805927,0.0,0.0,0.7186341
1.3310665,1.3457528,0.0,1.2699674,0.0,1.1619979,1.2771064,1.2458882,0.0,0.0,0.0,1.258913,0.0,0.0,0.0,1.3474976,0.0,1.1961379,1.5294291,0.0,0.0,1.2939073,1.1487159,0.0,1.5892184,0.0,0.0,0.0,0.0,1.3134073,1.2302678,0.0
1.0825238,1.280531,0.0,0.9599564,0.0,0.9179281,0.9402182,1.0884804,0.0,0.0,0.0,1.1909927,0.0,0.0,0.0,1.0142297,0.0,1.010505,1.1657114,0.0,0.0,0.87788355,0.8488121,0.0,0.9511287,0.0,0.0,0.0,0.0,1.0418084,1.0255314,0.0
0.60376656,0.9386378,0.0,0.96705985,0.0,0.7698832,0.92068726,0.72000307,0.0,0.0,0.0,0.8474271,0.0,0.0,0.0,0.74035907,0.0,0.47066417,0.89867765,0.0,0.0,0.801328,0.60808563,0.0,0.84542257,0.0,0.0,0.0,0.0,0.86287737,0.5186163,0.0
1.4698575,1.6536211,0.0,1.3896617,0.0,1.2019973,1.3042682,1.234807,0.0,0.0,0.0,1.3872966,0.0,0.0,0.0,1.3969314,0.0,1.3442575,1.4184887,0.0,0.0,1.1248893,0.9259677,0.0,1.5238248,0.0,0.0,0.0,0.0,1.2028131,1.3178859,0.0
1.3352149,1.7264357,0.0,1.532354,0.0,1.3272336,1.4527209,1.181569,0.0,0.0,0.0,1.4918135,0.0,0.0,0.0,1.5355529,0.0,1.4725059,1.5290734,0.0,0.0,1.4285312,1.2534193,0.0,1.6649649,0.0,0.0,0.0,0.0,1.440958,1.3471448,0.0
1.6944662,1.7742828,0.0,1.7214227,0.0,1.2797039,1.6348356,1.415606,0.0,0.0,0.0,1.7331592,0.0,0.0,0.0,1.8803251,0.0,1.6584733,1.7488089,0.0,0.0,1.4987289,1.5463623,0.0,1.961109,0.0,0.0,0.0,0.0,1.7380018,1.6508425,0.0
1.4313304,1.9515187,0.0,1.6594511,0.0,1.2370696,1.3435309,1.3586429,0.0,0.0,0.0,1.5671915,0.0,0.0,0.0,1.6351932,0.0,1.5421227,1.7182199,0.0,0.0,1.5336,1.308074,0.0,1.8651099,0.0,0.0,0.0,0.0,1.4492171,1.3249379,0.0
1.7551774,1.7711154,0.0,1.5605072,0.0,1.2929434,1.4712963,1.3764132,0.0,0.0,0.0,1.658061,0.0,0.0,0.0,1.6831348,0.0,1.6045551,1.7107077,0.0,0.0,1.3813589,1.4384677,0.0,1.9137685,0.0,0.0,0.0,0.0,1.5194079,1.6358159,0.0
0.8953691,1.0940225,0.0,1.1950624,0.0,0.9133426,0.9370488,0.80832154,0.0,0.0,0.0,1.0359018,0.0,0.0,0.0,0.99768007,0.0,0.8179256,1.0927002,0.0,0.0,1.0075307,0.8202292,0.0,1.2827404,0.0,0.0,0.0,0.0,1.0187957,0.837199,0.0
1.2260195,0.9838286,0.0,0.9825191,0.0,1.1103877,1.2795365,1.253046,0.0,0.0,0.0,1.2835485,0.0,0.0,0.0,1.4636066,0.0,1.2148473,1.4111112,0.0,0.0,1.220513,1.2613883,0.0,1.4516996,0.0,0.0,0.0,0.0,1.3011558,1.1790261,0.0
1.3261623,1.7158748,0.0,1.5472604,0.0,1.5016322,1.4640825,1.2746006,0.0,0.0,0.0,1.3357149,0.0,0.0,0.0,1.5176898,0.0,1.2401406,1.3743271,0.0,0.0,1.3998482,1.3650482,0.0,1.5892899,0.0,0.0,0.0,0.0,1.5951453,1.3182883,0.0
0.6601444,1.1363937,0.0,0.7524886,0.0,0.5850668,0.6801116,0.7530046,0.0,0.0,0.0,0.78864133,0.0,0.0,0.0,1.0436982,0.0,0.8133976,0.8353723,0.0,0.0,0.6298511,1.0680581,0.0,0.7050641,0.0,0.0,0.0,0.0,1.0346004,0.888683,0.0
0.0,0.0,0.672374,0.0,0.53163475,0.0,0.0,0.0,0.5456059,0.45096824,0.56608486,0.0,0.5024705,0.8457635,0.7600891,0.0,0.9440937,0.0,0.0,0.9140665,0.8698185,0.0,0.0,0.5248533,0.0,0.36997515,0.485852,0.57109207,0.412654,0.0,0.0,0.20822735
0.9709983,0.94299144,0.0,1.0711452,0.0,0.981312,1.1609232,0.9671777,0.0,0.0,0.0,1.1708329,0.0,0.0,0.0,1.0851458,0.0,0.8261023,1.1303936,0.0,0.0,0.9792468,0.98061657,0.0,1.2992175,0.0,0.0,0.0,0.0,1.1246154,0.91321236,0.0
0.6183657,0.85184,0.0,0.86806273,0.0,0.7962044,0.8855032,0.7261846,0.0,0.0,0.0,0.96156996,0.0,0.0,0.0,0.79639417,0.0,0.62223715,0.93828326,0.0,0.0,0.8073739,0.71977067,0.0,0.9627616,0.0,0.0,0.0,0.0,0.8878334,0.6664305,0.0
0.88908494,1.1974181,0.0,1.1769656,0.0,0.66646403,1.0141499,0.9659848,0.0,0.0,0.0,0.9712649,0.0,0.0,0.0,1.248831,0.0,0.9961554,0.9497617,0.0,0.0,1.0286603,1.0830067,0.0,1.2820562,0.0,0.0,0.0,0.0,1.1795334,0.6691507,0.0
0.5691168,0.71680856,0.0,0.69181824,0.0,0.5840256,0.7934259,0.5506098,0.0,0.0,0.0,0.7876929,0.0,0.0,0.0,0.67084754,0.0,0.46810976,0.6605137,0.0,0.0,0.6647717,0.57487476,0.0,0.8600762,0.0,0.0,0.0,0.0,0.7848748,0.5402041,0.0
1.0644697,0.9718766,0.0,0.85247284,0.0,1.1847178,1.1459284,0.9063781,0.0,0.0,0.0,1.3403925,0.0,0.0,0.0,1.0234232,0.0,1.2345369,1.1327516,0.0,0.0,1.0009481,0.86834776,0.0,1.1084384,0.0,0.0,0.0,0.0,1.1035094,0.81164885,0.0
0.23023267,0.37624452,0.0,0.50350374,0.0,0.3311397,0.43040055,0.45492065,0.0,0.0,0.0,0.35551286,0.0,0.0,0.0,0.49235892,0.0,0.3012126,0.40155855,0.0,0.0,0.2554008,0.3539514,0.0,0.4971254,0.0,0.0,0.0,0.0,0.530762,0.06846595,0.0
1.1733607,1.3529977,0.0,1.087983,0.0,0.90679985,0.8521807,1.3066055,0.0,0.0,0.0,1.2619339,0.0,0.0,0.0,1.1683925,0.0,1.316653,1.2565279,0.0,0.0,1.1841178,1.0799578,0.0,1.4504966,0.0,0.0,0.0,0.0,1.158086,1.031867,0.0
1.29497,1.5260457,0.0,1.3599911,0.0,1.1667049,1.2425882,1.2603577,0.0,0.0,0.0,1.4252827,0.0,0.0,0.0,1.4797946,0.0,1.35745,1.4281279,0.0,0.0,1.2661655,1.2479001,0.0,1.4555444,0.0,0.0,0.0,0.0,1.377516,1.2272626,0.0
1.5740331,1.6323985,0.0,1.3673476,0.0,1.347608,1.3192223,1.4121904,0.0,0.0,0.0,1.4477924,0.0,0.0,0.0,1.5627484,0.0,1.4709778,1.4953858,0.0,0.0,1.3520482,1.1922405,0.0,1.6733317,0.0,0.0,0.0,0.0,1.393137,1.2385643,0.0
0.0,0.0,0.9849466,0.0,0.7822366,0.0,0.0,0.0,0.8782422,0.73092276,0.66509897,0.0,0.8519761,1.392906,0.69968665,0.0,1.4588318,0.0,0.0,1.088191,1.1147335,0.0,0.0,0.9110359,0.0,0.5879279,0.60707843,0.5739186,0.75153136,0.0,0.0,0.6509648
1.078302,1.2591022,0.0,1.0850232,0.0,1.0909262,1.0594157,1.0765547,0.0,0.0,0.0,1.1133844,0.0,0.0,0.0,1.2283995,0.0,1.2612673,1.3391976,0.0,0.0,1.1540425,1.2237743,0.0,1.366596,0.0,0.0,0.0,0.0,1.2518567,1.0486921,0.0
0.0,0.0,1.4540097,0.0,2.169754,0.0,0.0,0.0,1.4825516,1.833056,1.5679471,0.0,1.3877038,1.6518859,1.8386773,0.0,1.5805016,0.0,0.0,1.8697381,2.014471,0.0,0.0,1.8492882,0.0,1.5435578,1.3724368,1.6881164,1.2482995,0.0,0.0,1.1067853
1.1732854,1.613384,0.0,1.3144372,0.0,1.1383313,1.6296085,0.5856286,0.0,0.0,0.0,1.3842283,0.0,0.0,0.0,1.518525,0.0,1.1864145,1.5336524,0.0,0.0,1.4208238,1.1364098,0.0,1.3438456,0.0,0.0,0.0,0.0,1.619168,1.4309486,0.0
1.2771316,1.618499,0.0,1.4735533,0.0,1.0243429,1.7202652,0.6981313,0.0,0.0,0.0,1.4886391,0.0,0.0,0.0,1.6024379,0.0,1.1315457,1.5971204,0.0,0.0,1.3963155,1.0649326,0.0,1.3357979,0.0,0.0,0.0,0.0,1.6112849,1.4903775,0.0
1.3175329,1.5460174,0.0,1.4049584,0.0,0.98149866,1.688718,0.7029502,0.0,0.0,0.0,1.4535016,0.0,0.0,0.0,1.5723572,0.0,1.11904,1.5778443,0.0,0.0,1.3163041,1.04965,0.0,1.2831202,0.0,0.0,0.0,0.0,1.5870016,1.4993919,0.0
1.2070522,1.7417808,0.0,1.5110685,0.0,1.1375774,1.6750997,0.67440796,0.0,0.0,0.0,1.4187648,0.0,0.0,0.0,1.5084105,0.0,1.1075394,1.6204543,0.0,0.0,1.4973042,1.1522826,0.0,1.2916671,0.0,0.0,0.0,0.0,1.6471157,1.4442729,0.0
1.1943549,1.3606644,0.0,1.0936017,0.0,0.9327735,0.90528846,1.3207172,0.0,0.0,0.0,1.2605677,0.0,0.0,0.0,1.1829479,0.0,1.3189493,1.2676512,0.0,0.0,1.2337925,1.1504018,0.0,1.4732225,0.0,0.0,0.0,0.0,1.1832093,1.0876672,0.0
0.4396307,0.7459212,0.0,0.94621015,0.0,0.798848,0.72851026,0.4975203,0.0,0.0,0.0,0.7395888,0.0,0.0,0.0,0.8172988,0.0,0.74849045,0.760812,0.0,0.0,0.8445496,0.93542194,0.0,0.999226,0.0,0.0,0.0,0.0,0.8806108,0.5756633,0.0
0.5944781,0.7593889,0.0,0.8398257,0.0,0.6918725,0.8896114,0.7152077,0.0,0.0,0.0,0.8320578,0.0,0.0,0.0,0.89435446,0.0,0.641977,0.82670254,0.0,0.0,0.74965554,0.7660614,0.0,0.98491234,0.0,0.0,0.0,0.0,0.96259904,0.54146236,0.0
0.0,0.0,0.90182865,0.0,0.6886616,0.0,0.0,0.0,0.65547323,0.55242264,0.63992995,0.0,0.7070433,1.0022562,0.95856345,0.0,1.1167818,0.0,0.0,1.0217118,0.999015,0.0,0.0,0.7321032,0.0,0.5372746,0.8210135,0.791163,0.4841231,0.0,0.0,0.5390348
0.30842543,0.70532334,0.0,0.55330247,0.0,0.6728717,0.61848986,0.53635377,0.0,0.0,0.0,0.54729897,0.0,0.0,0.0,0.49560654,0.0,0.32322422,0.6269763,0.0,0.0,0.6888534,0.45233712,0.0,0.6551199,0.0,0.0,0.0,0.0,0.58934253,0.37426317,0.0
0.5882693,0.8970722,0.0,0.8781846,0.0,0.9000918,0.8240823,0.7106177,0.0,0.0,0.0,0.8591991,0.0,0.0,0.0,0.6916266,0.0,0.6999635,0.9220997,0.0,0.0,0.8513621,0.6078634,0.0,0.87517184,0.0,0.0,0.0,0.0,0.84997445,0.56619346,0.0
0.0,0.0,1.0539739,0.0,0.24779949,0.0,0.0,0.0,0.492764,1.4931449,1.0009755,0.0,1.7336178,1.3258238,0.44842324,0.0,0.8139199,0.0,0.0,1.0898092,0.8442606,0.0,0.0,0.019434635,0.0,1.6897361,1.3748758,0.5404785,1.0352787,0.0,0.0,1.7351042
0.7226258,0.9746728,0.0,1.0089756,0.0,0.8460355,0.9704791,0.78251594,0.0,0.0,0.0,0.91785467,0.0,0.0,0.0,0.88426584,0.0,0.6015259,1.0280937,0.0,0.0,0.84384793,0.73782814,0.0,1.0079513,0.0,0.0,0.0,0.0,0.9921073,0.7134476,0.0
1.1351224,1.2437931,0.0,1.1374923,0.0,1.7513634,1.3412672,1.423967,0.0,0.0,0.0,1.4635551,0.0,0.0,0.0,1.2445264,0.0,1.86741,1.45484,0.0,0.0,1.4881262,1.5454028,0.0,1.5224284,0.0,0.0,0.0,0.0,1.3166442,1.482008,0.0
1.1248038,1.1633465,0.0,1.0677772,0.0,1.667828,1.2834527,1.3928796,0.0,0.0,0.0,1.4376742,0.0,0.0,0.0,1.2073804,0.0,1.8653401,1.3918576,0.0,0.0,1.3962864,1.5014874,0.0,1.4704231,0.0,0.0,0.0,0.0,1.2565665,1.4585302,0.0
1.1630561,1.2138678,0.0,1.0591836,0.0,1.571437,1.2660949,1.4504229,0.0,0.0,0.0,1.3244952,0.0,0.0,0.0,1.1370676,0.0,1.6386839,1.2999269,0.0,0.0,1.2598687,1.5567638,0.0,1.365207,0.0,0.0,0.0,0.0,1.3058985,1.4225017,0.0
0.7172579,1.2337183,0.0,0.758816,0.0,0.8991499,0.907998,0.6960526,0.0,0.0,0.0,0.8866891,0.0,0.0,0.0,0.87911785,0.0,0.6513532,0.8891201,0.0,0.0,0.76159114,1.0885923,0.0,0.6802948,0.0,0.0,0.0,0.0,0.9960638,0.73407847,0.0
0.0,0.0,0.8257967,0.0,0.35960025,0.0,0.0,0.0,0.80470806,0.62791353,0.67116064,0.0,0.8594204,0.8173318,0.29127628,0.0,0.9988012,0.0,0.0,0.70542353,0.6556833,0.0,0.0,0.83905584,0.0,0.8009914,0.6104909,0.16755012,0.884935,0.0,0.0,0.6434042
1.3325142,1.5363072,0.0,1.2894562,0.0,1.1335478,1.2799832,1.2426414,0.0,0.0,0.0,1.4106662,0.0,0.0,0.0,1.4982779,0.0,1.3809943,1.4733816,0.0,0.0,1.2637457,1.2601203,0.0,1.5726467,0.0,0.0,0.0,0.0,1.341701,1.203006,0.0
1.2754884,1.5189507,0.0,1.195394,0.0,0.95693886,1.2120858,1.3382275,0.0,0.0,0.0,1.4617617,0.0,0.0,0.0,1.4320723,0.0,1.2919712,1.4265566,0.0,0.0,1.0698037,1.12386,0.0,1.3077803,0.0,0.0,0.0,0.0,1.2527169,1.2402036,0.0
0.0,0.0,1.3210287,0.0,1.0009286,0.0,0.0,0.0,1.3735782,0.6279892,2.3849525,0.0,1.5684633,2.0659807,1.6817496,0.0,3.6348734,0.0,0.0,2.3699775,3.2534826,0.0,0.0,1.8079807,0.0,2.0343976,1.8692971,0.37561792,1.6924871,0.0,0.0,0.30690825
0.76084393,0.9114233,0.0,1.0287917,0.0,0.90933925,0.9016536,0.684039,0.0,0.0,0.0,0.86113745,0.0,0.0,0.0,0.86900485,0.0,0.714054,0.936152,0.0,0.0,0.8756562,0.79562736,0.0,1.0851835,0.0,0.0,0.0,0.0,0.98434323,0.7306571,0.0
0.0,0.0,1.4953719,0.0,1.4078909,0.0,0.0,0.0,1.3176897,1.28025,1.094819,0.0,1.3703121,1.850062,1.3450083,0.0,1.9490817,0.0,0.0,1.8120226,1.6591792,0.0,0.0,1.6247635,0.0,1.2980031,1.1507628,1.0773084,1.0799757,0.0,0.0,1.1042668
0.0,0.16542864,0.38408267,0.0,0.19879368,0.11221252,0.0,0.06812742,0.14355394,0.0777733,0.43365434,0.018195577,0.23159783,0.0,0.4751141,0.134442,0.03978736,0.0,0.0,0.18372542,0.2591107,0.0,0.018147916,0.28003561,0.0,0.17881836,0.13299197,0.222804,0.27551174,0.0,0.0,0.13194466
0.0,0.0,0.71545136,0.0,0.41312295,0.0,0.0,0.0,0.83617306,0.85713947,0.63532376,0.0,0.76646125,0.74197173,0.59800476,0.0,0.59142685,0.0,0.0,0.8226647,0.67505586,0.0,0.0,0.91145223,0.0,0.42607725,0.68421143,0.72641283,0.8165892,0.0,0.0,0.65098906
0.63244736,0.78575945,0.0,0.7828111,0.0,0.8168706,0.74860424,0.6434657,0.0,0.0,0.0,0.8358147,0.0,0.0,0.0,0.70601624,0.0,0.70913535,0.8816203,0.0,0.0,0.7805311,0.70720243,0.0,0.936687,0.0,0.0,0.0,0.0,0.82289714,0.6120313,0.0
1.5288565,1.746843,0.0,1.4994552,0.0,1.211383,1.408196,1.3355498,0.0,0.0,0.0,1.6483504,0.0,0.0,0.0,1.6705896,0.0,1.500113,1.6636983,0.0,0.0,1.4052464,1.3922198,0.0,1.7917105,0.0,0.0,0.0,0.0,1.480092,1.4077045,0.0
0.8693351,0.9216823,0.0,1.0589455,0.0,0.9093801,1.0649819,0.8552352,0.0,0.0,0.0,1.0586962,0.0,0.0,0.0,1.0286884,0.0,0.8057364,1.0391078,0.0,0.0,0.9495208,0.91855097,0.0,1.2385774,0.0,0.0,0.0,0.0,1.064105,0.8157962,0.0
0.8289614,0.6842874,0.0,0.53266233,0.0,0.6908027,0.8319062,1.0660768,0.0,0.0,0.0,0.7758826,0.0,0.0,0.0,1.1669066,0.0,0.88490146,1.0581475,0.0,0.0,0.7135636,0.7990912,0.0,1.0000083,0.0,0.0,0.0,0.0,0.72999257,0.70704865,0.0
0.0,0.0,1.0728384,0.0,0.7989027,0.0,0.0,0.0,1.1839753,1.4486297,1.3448002,0.0,1.7562476,1.6934346,1.4371034,0.0,1.3060153,0.0,0.0,1.19491,1.4326736,0.0,0.0,0.8236728,0.0,1.1077839,2.011038,2.0321453,1.2564678,0.0,0.0,2.1160114
0.022058181,0.0,0.3028981,0.0,0.14134902,0.031309344,0.0,0.03348076,0.17185381,0.12987615,0.22974911,0.0,0.26586372,0.36637196,0.36037606,0.0,0.53496796,0.0,0.11647605,0.3814901,0.5306365,0.019002698,0.0,0.36744052,0.0,0.0,0.45765024,0.29539573,0.17873815,0.0,0.0,0.00048341602
1.5613605,1.7647755,0.0,1.5106491,0.0,1.1994474,1.4335405,1.4417498,0.0,0.0,0.0,1.6929768,0.0,0.0,0.0,1.6206343,0.0,1.4847428,1.6795135,0.0,0.0,1.3908424,1.3580321,0.0,1.7285639,0.0,0.0,0.0,0.0,1.4587625,1.4474605,0.0
1.0010941,1.0947638,0.0,1.2192793,0.0,1.0152497,1.2548556,1.0158379,0.0,0.0,0.0,1.2469652,0.0,0.0,0.0,1.0921283,0.0,0.91385436,1.1902277,0.0,0.0,1.1383779,0.8882135,0.0,1.346422,0.0,0.0,0.0,0.0,1.095953,0.8593609,0.0
0.0,0.08617366,0.46942225,0.15584075,0.0,0.0,0.0153692365,0.020747522,0.30920053,0.002801478,0.2141388,0.0,0.33411562,0.30233955,0.28796297,0.0,0.26890707,0.0,0.20738393,0.39081636,0.32870173,0.030825153,0.0,0.17142439,0.0,0.03839114,0.4666657,0.18683049,0.25357816,0.21900845,0.0,0.20861784
0.46058643,0.67866933,0.0,0.62930864,0.0,0.69224554,0.7751846,0.7168355,0.0,0.0,0.0,0.77983135,0.0,0.0,0.0,0.6382199,0.0,0.44412374,0.866524,0.0,0.0,0.65480846,0.5798805,0.0,0.63465047,0.0,0.0,0.0,0.0,0.6402853,0.4307659,0.0
0.0,0.0,1.0593829,0.0,0.0,0.0,0.0,0.0,0.6749341,0.82065403,0.8398101,0.0,0.9405572,0.90178514,0.65173817,0.0,0.107752524,0.0,0.0,0.6580903,0.25543007,0.0,0.0,0.23164791,0.0,1.0433686,0.7254036,0.48070222,0.83350486,0.0,0.0,0.7474545
0.0,0.05607007,0.09973879,0.062098905,0.0,0.13826938,0.0,0.2967827,0.0,0.2318157,0.0,0.0115254,0.0,0.0,0.1789471,0.03956355,0.0,0.0,0.19800082,0.14034683,0.27393308,0.002125416,0.0,0.24416691,0.057035625,0.0,0.2962145,0.11006598,0.002776578,0.02297024,0.0,0.0
0.08135259,0.15818374,0.13792603,0.18044753,0.0,0.17623413,0.16804695,0.11584951,0.0,0.0,0.13606596,0.14040223,0.2567153,0.24800634,0.0,0.17695856,0.52434295,0.07423457,0.24867347,0.3063787,0.105049565,0.18680938,0.0,0.08480055,0.24472582,0.02079624,0.11331406,0.001702264,0.060282405,0.14025742,0.07376932,0.0
0.0,0.0,0.94430363,0.0,0.0,0.0,0.0,0.0,0.72525835,0.9176442,1.0616344,0.0,1.3338407,1.4487747,0.4453774,0.0,1.2795721,0.0,0.0,1.1690873,1.3951414,0.0,0.0,0.684618,0.0,0.992702,0.9892711,0.6580619,1.323574,0.0,0.0,1.5683657
0.9213239,0.94028455,0.0,0.42642558,0.0,1.0971122,0.8866188,0.9892392,0.0,0.0,0.0,0.6802478,0.0,0.0,0.0,0.6340289,0.0,0.94400275,0.84095544,0.0,0.0,0.8404287,0.74701023,0.0,0.7411261,0.0,0.0,0.0,0.0,0.82675993,1.0170927,0.0
1.3440963,2.038251,0.0,1.7800634,0.0,1.014045,1.9483364,0.25682786,0.0,0.0,0.0,1.7043189,0.0,0.0,0.0,1.7133745,0.0,1.0258088,1.6692312,0.0,0.0,1.7253401,1.048099,0.0,1.4846188,0.0,0.0,0.0,0.0,1.8101203,1.4120215,0.0
1.372473,1.8852407,0.0,1.6063467,0.0,0.9064723,1.8492366,0.18940863,0.0,0.0,0.0,1.6320297,0.0,0.0,0.0,1.6789769,0.0,1.0074824,1.5654724,0.0,0.0,1.5181881,0.997581,0.0,1.3888148,0.0,0.0,0.0,0.0,1.7398431,1.4319183,0.0
1.3570999,1.996801,0.0,1.6487721,0.0,1.0216246,1.8588114,0.18319407,0.0,0.0,0.0,1.610225,0.0,0.0,0.0,1.7062227,0.0,1.0695493,1.6252842,0.0,0.0,1.6803038,1.0047301,0.0,1.5317471,0.0,0.0,0.0,0.0,1.7751404,1.3657178,0.0
1.3189013,1.5197957,0.0,1.4129337,0.0,1.4538982,1.462356,1.2720311,0.0,0.0,0.0,1.4130391,0.0,0.0,0.0,1.3249476,0.0,1.4726751,1.5239084,0.0,0.0,1.3417823,1.092255,0.0,1.5137168,0.0,0.0,0.0,0.0,1.3083292,1.1920569,0.0
0.9041149,1.2656015,0.0,0.85775363,0.0,1.0659851,0.98906803,0.82987833,0.0,0.0,0.0,1.057656,0.0,0.0,0.0,0.9406413,0.0,1.1376454,1.0208063,0.0,0.0,0.7708675,1.0086644,0.0,0.8530987,0.0,0.0,0.0,0.0,0.9368882,1.0322526,0.0
0.89678115,0.8588554,0.0,1.0284206,0.0,1.0113182,1.1016836,0.85977566,0.0,0.0,0.0,1.1100751,0.0,0.0,0.0,0.9642749,0.0,0.8615766,1.0462517,0.0,0.0,0.99325377,0.92493594,0.0,1.2266859,0.0,0.0,0.0,0.0,1.1021214,0.767431,0.0
0.0,0.0,1.0810602,0.0,0.9100266,0.0,0.0,0.0,0.95215905,0.8502609,1.0012947,0.0,1.0644857,1.0320896,0.910757,0.0,1.3115226,0.0,0.0,1.2322621,1.1092324,0.0,0.0,1.0679153,0.0,0.87651324,0.8641092,0.8493452,0.992909,0.0,0.0,0.7217837
1.4401445,1.3096143,0.0,1.4325145,0.0,1.6917568,1.611068,1.4448838,0.0,0.0,0.0,1.6351752,0.0,0.0,0.0,1.3142622,0.0,1.818444,1.6859024,0.0,0.0,1.7126956,1.2243781,0.0,1.749067,0.0,0.0,0.0,0.0,1.29632,1.4288366,0.0
1.2448469,1.423207,0.0,1.2807069,0.0,1.2332711,1.3567268,1.2415252,0.0,0.0,0.0,1.538635,0.0,0.0,0.0,1.4710974,0.0,1.5215038,1.5097659,0.0,0.0,1.2970974,1.2542208,0.0,1.5624545,0.0,0.0,0.0,0.0,1.3435147,1.3723458,0.0
1.2237382,1.5505496,0.0,1.3855788,0.0,1.2178863,1.3389108,1.2268605,0.0,0.0,0.0,1.4824631,0.0,0.0,0.0,1.4624779,0.0,1.4126678,1.5331134,0.0,0.0,1.3498198,1.2729137,0.0,1.5582283,0.0,0.0,0.0,0.0,1.3749188,1.3597091,0.0
0.39279497,0.52453977,0.0,0.74433136,0.0,0.65643275,0.74466705,0.56285965,0.0,0.0,0.0,0.7823851,0.0,0.0,0.0,0.70530385,0.0,0.55175817,0.82124627,0.0,0.0,0.70224166,0.60858357,0.0,0.71736956,0.0,0.0,0.0,0.0,0.62144923,0.538233,0.0
0.0,0.135894,0.6350863,0.025387298,0.23215902,0.0,0.272583,0.0,0.823119,0.42907903,0.96308035,0.18597618,0.58529055,0.8960778,0.5488928,0.0,0.9362577,0.0,0.0,0.97569495,0.6015037,0.0,0.0,0.48675904,0.0,0.7163349,0.56960773,0.5180201,0.96604556,0.182062,0.0,0.26433206
1.1409,1.3535296,0.0,1.1246756,0.0,1.2467706,1.290307,1.1212822,0.0,0.0,0.0,1.2845076,0.0,0.0,0.0,1.2034339,0.0,1.3243319,1.309364,0.0,0.0,1.0663035,1.0555487,0.0,1.2075119,0.0,0.0,0.0,0.0,1.122815,1.1515653,0.0
0.5597981,1.0772796,0.0,1.1081966,0.0,0.5269247,1.3623176,0.0,0.0,0.0,0.0,1.0757719,0.0,0.0,0.0,0.94754237,0.0,0.33734477,1.036907,0.0,0.0,1.2251546,0.5493071,0.0,0.91347927,0.0,0.0,0.0,0.0,1.1260056,0.67450464,0.0
0.31502008,0.64588624,0.0,0.70722777,0.0,0.78378093,0.6233931,0.42829084,0.0,0.0,0.0,0.6544945,0.0,0.0,0.0,0.40710014,0.0,0.5711641,0.62783635,0.0,0.0,0.75570136,0.64607227,0.0,0.6137478,0.0,0.0,0.0,0.0,0.71026886,0.492626,0.0
0.9772914,1.3183576,0.0,0.8043231,0.0,1.158643,0.94144505,0.90318805,0.0,0.0,0.0,1.0435487,0.0,0.0,0.0,1.0040241,0.0,1.1972053,1.0555116,0.0,0.0,0.8147004,1.361916,0.0,1.1080455,0.0,0.0,0.0,0.0,1.09354,1.4496744,0.0
1.5712521,1.8882568,0.0,1.7296916,0.0,1.3850935,1.6028136,1.3097825,0.0,0.0,0.0,1.6831603,0.0,0.0,0.0,1.6729782,0.0,1.6317983,1.6828555,0.0,0.0,1.4888062,1.4370309,0.0,1.850368,0.0,0.0,0.0,0.0,1.5858103,1.5960963,0.0
1.7492057,1.8951755,0.0,1.7616544,0.0,1.4037045,1.6616055,1.4476806,0.0,0.0,0.0,1.7228565,0.0,0.0,0.0,1.7486864,0.0,1.6871219,1.7641056,0.0,0.0,1.5043104,1.3570248,0.0,1.9319445,0.0,0.0,0.0,0.0,1.5904642,1.6034229,0.0
1.6544844,1.8832861,0.0,1.6308612,0.0,1.4981229,1.592826,1.3343658,0.0,0.0,0.0,1.6447805,0.0,0.0,0.0,1.6782779,0.0,1.7584287,1.7164285,0.0,0.0,1.5637009,1.436448,0.0,1.9735794,0.0,0.0,0.0,0.0,1.5732882,1.5557582,0.0
0.0,0.0,0.43979442,0.0,0.13292705,0.0,0.0,0.0,0.41128355,0.3271208,0.4780782,0.0,0.5468215,0.66942275,0.23966038,0.0,0.825413,0.0,0.0,0.64317113,0.398651,0.0,0.0,0.30228502,0.0,0.5319857,0.24638651,0.065505885,0.49540812,0.0,0.0,0.33862814
1.4530402,1.1021522,0.0,1.2737931,0.0,1.2605687,1.1862899,1.4431648,0.0,0.0,0.0,1.4549328,0.0,0.0,0.0,1.347445,0.0,1.4534109,1.4491451,0.0,0.0,1.0644697,1.2811092,0.0,1.28309,0.0,0.0,0.0,0.0,1.3112139,1.2996341,0.0
0.7594645,1.0173391,0.0,1.0287119,0.0,0.8792652,0.9886169,0.8130482,0.0,0.0,0.0,0.98229504,0.0,0.0,0.0,0.9352505,0.0,0.729537,1.0046468,0.0,0.0,0.8854158,0.69831085,0.0,1.1060095,0.0,0.0,0.0,0.0,0.950962,0.6966945,0.0
0.08311148,0.4983614,0.0,0.4608931,0.0,0.48103753,0.44669586,0.41815996,0.0,0.0,0.0,0.52646434,0.0,0.0,0.0,0.34296095,0.108756535,0.16625044,0.55631584,0.05984973,0.0,0.41437587,0.2588247,0.0,0.29117978,0.0,0.003570743,0.0,0.0,0.42530286,0.24751332,0.0
1.0081418,1.1216503,0.0,0.85609674,0.0,1.321495,1.182549,1.1963829,0.0,0.0,0.0,1.2378459,0.0,0.0,0.0,1.0417358,0.0,1.3989365,1.2380277,0.0,0.0,1.0818918,1.238358,0.0,1.1125717,0.0,0.0,0.0,0.0,1.1369781,1.1369125,0.0
0.4498014,0.74859285,0.0,0.68333036,0.0,0.56418735,0.64934397,0.49435344,0.0,0.0,0.0,0.6853495,0.0,0.016780742,0.0,0.6745084,0.0,0.5721871,0.7231417,0.0,0.0,0.56027526,0.6749331,0.0,0.8257419,0.0,0.0,0.0,0.0,0.88294744,0.40152124,0.0
1.2227368,1.1269085,0.0,1.0754045,0.0,1.0976261,1.0889457,1.2347709,0.0,0.0,0.0,1.2491076,0.0,0.0,0.0,1.1369597,0.0,1.3461719,1.2301497,0.0,0.0,0.9527696,1.3467226,0.0,1.1467185,0.0,0.0,0.0,0.0,1.3012868,1.2459438,0.0
0.99065757,1.0845833,0.0,1.038033,0.0,1.0564351,0.89312553,1.042219,0.0,0.0,0.0,1.2174957,0.0,0.0,0.0,1.1165537,0.0,1.2689868,1.1925006,0.0,0.0,0.9854539,1.3489847,0.0,1.0542576,0.0,0.0,0.0,0.0,1.1686916,1.1375722,0.0
1.3400431,1.5250591,0.0,1.509999,0.0,1.5478874,1.441956,1.3989283,0.0,0.0,0.0,1.5737115,0.0,0.0,0.0,1.3742342,0.0,1.7107433,1.6244978,0.0,0.0,1.4311548,1.14515,0.0,1.7095051,0.0,0.0,0.0,0.0,1.3479314,1.2368277,0.0
1.4364485,1.4828321,0.0,1.491571,0.0,1.4999104,1.461504,1.4023921,0.0,0.0,0.0,1.525272,0.0,0.0,0.0,1.3095833,0.0,1.6805131,1.6023046,0.0,0.0,1.4316027,1.164914,0.0,1.6749626,0.0,0.0,0.0,0.0,1.3325816,1.2909753,0.0
0.48719847,0.89966697,0.0,0.14222637,0.0,0.3882622,0.3316481,0.7259563,0.00588084,0.0,0.15108389,0.36457658,0.0,0.0,0.14288832,0.5685485,0.0,0.4745188,0.5510544,0.0,0.0,0.02109291,0.6912365,0.067826346,0.2764467,0.0,0.0,0.17626187,0.0,0.27766907,0.8277625,0.0
0.08149752,0.04452621,0.0,0.12775837,0.0,0.07413465,0.13688344,0.0,0.0,0.05225991,0.0,0.103963256,0.12194953,0.28498912,0.0,0.13797237,0.05337055,0.037412744,0.19599399,0.044934426,0.0,0.25977927,0.0,0.0,0.31384054,0.0,0.0,0.0,0.0,0.15599483,0.26688305,0.107411735
0.03265384,0.0,0.30086362,0.059655316,0.0,0.0,0.19142345,0.0,0.49078804,0.0,0.5503583,0.041547496,0.33724114,0.6215725,0.0,0.0,0.4453424,0.0,0.008535728,0.11373849,0.40705356,0.036368947,0.0,0.0,0.0,0.29228812,0.28707907,0.13262506,0.2993268,0.25254878,0.13180506,0.17331156
0.54847986,0.6823684,0.0,0.66705406,0.0,0.6204775,0.69201857,0.5945706,0.0,0.0,0.0,0.6745716,0.0,0.0,0.0,0.6777599,0.0,0.5863593,0.8151645,0.0,0.0,0.66378856,0.45481429,0.0,0.80751014,0.0,0.0,0.0,0.0,0.61216205,0.6136543,0.0
0.72044307,0.8886793,0.0,0.9331822,0.0,0.79288,0.9894868,0.95084393,0.0,0.0,0.0,1.0600969,0.0,0.0,0.0,0.8876912,0.0,0.60987926,1.0717556,0.0,0.0,0.8242253,0.7443147,0.0,0.95483065,0.0,0.0,0.0,0.0,0.9464989,0.7809825,0.0
1.1862955,1.8045261,0.0,1.6411006,0.0,1.1829911,2.0134668,0.0,0.0,0.0,0.0,1.7543304,0.0,0.0,0.0,1.4484526,0.0,1.3182285,1.875799,0.0,0.0,1.9626038,0.98950386,0.0,1.4583805,0.0,0.0,0.0,0.0,1.5960531,1.4551457,0.0
1.059556,1.7090302,0.0,1.4337057,0.0,1.0937837,1.8764952,0.0,0.0,0.0,0.0,1.6451645,0.0,0.0,0.0,1.3423508,0.0,1.2874533,1.7397707,0.0,0.0,1.8447058,0.952085,0.0,1.3595065,0.0,0.0,0.0,0.0,1.5126685,1.3300459,0.0
1.0089372,1.4382378,0.0,1.300317,0.0,1.0514611,1.0354394,1.0554005,0.0,0.0,0.0,1.1075305,0.0,0.0,0.0,1.1466883,0.0,1.1015755,1.2310597,0.0,0.0,0.9772902,0.87478936,0.0,1.3007165,0.0,0.0,0.0,0.0,1.2269243,0.8958888,0.0
1.0145756,1.3950908,0.0,1.2738037,0.0,0.98578686,0.9976091,0.96225756,0.0,0.0,0.0,1.0349162,0.0,0.0,0.0,1.1369697,0.0,1.0705444,1.1875739,0.0,0.0,0.9026717,0.9031644,0.0,1.3003001,0.0,0.0,0.0,0.0,1.2288786,0.9041224,0.0
1.253102,1.1600885,0.0,1.0760474,0.0,1.1878312,1.288744,1.4061722,0.0,0.0,0.0,1.3764949,0.0,0.0,0.0,1.1556966,0.0,1.3533525,1.2931864,0.0,0.0,1.0257581,1.1085024,0.0,1.1044583,0.0,0.0,0.0,0.0,1.1116694,1.1846957,0.0
0.6843168,1.3385093,0.0,0.9700743,0.0,0.4400512,1.3991207,0.0,0.0,0.0,0.022090249,1.1250346,0.0,0.0,0.0,0.96642476,0.0,0.7455307,1.284183,0.0,0.0,1.2299147,0.7133653,0.0,0.7440184,0.0,0.0,0.0,0.0,1.1377386,1.191433,0.0
0.0,0.0,0.3302556,0.04304262,0.0,0.0,0.026719399,0.0,0.3390923,0.3489766,0.33841518,0.0,0.5168343,0.6406142,0.0,0.0,0.61602527,0.0,0.113848984,0.54961115,0.16153035,0.08888023,0.0,0.10277256,0.0,0.47833496,0.16418363,0.0,0.30618888,0.029713158,0.011209417,0.21833882
1.2811576,1.6555532,0.0,1.2953295,0.0,1.3356162,1.2468452,1.1423092,0.0,0.0,0.0,1.4073235,0.0,0.0,0.0,1.2783419,0.0,1.3426453,1.3598657,0.0,0.0,1.3832005,1.0440042,0.0,1.5155361,0.0,0.0,0.0,0.0,1.2482306,1.0708675,0.0
0.079575635,0.3046887,0.0,0.21844426,0.0,0.1918711,0.39100528,0.3694032,0.0,0.01955339,0.0,0.3350777,0.034092784,0.189266,0.0,0.47582114,0.0,0.35411716,0.40657488,0.11486175,0.0,0.102169916,0.43947014,0.0,0.4484275,0.0,0.0,0.0,0.0,0.43050328,0.16668929,0.0
0.0,0.0,0.8855622,0.0,0.77065754,0.0,0.0,0.0,0.9871558,0.960672,0.8508842,0.0,0.9202595,1.0835166,0.77057093,0.0,1.005301,0.0,0.0,1.151126,0.74264777,0.0,0.0,0.8255292,0.0,0.8911235,0.6401592,0.9770536,0.9002153,0.0,0.0,0.8632699
0.0,0.0,1.0894483,0.0,1.3097665,0.0,0.0,0.0,1.1501079,1.38023,0.9028518,0.0,1.0543568,1.2142231,1.0975456,0.0,0.89317924,0.0,0.0,1.3403623,1.3395339,0.0,0.0,1.3370385,0.0,1.0509146,0.88523364,1.0949807,1.1837358,0.0,0.0,1.1409664
0.0,0.0,0.8962661,0.0,0.29704326,0.0,0.0,0.0,0.7630455,0.6013917,0.7067014,0.0,0.9237488,1.0095794,0.51739025,0.0,1.2943101,0.0,0.0,1.027954,0.7450549,0.0,0.0,0.8406661,0.0,0.7238948,0.6884085,0.50206256,0.72189736,0.0,0.0,0.64468807
0.0,0.0,1.2435745,0.0,0.43194968,0.0,0.0,0.0,1.1249399,1.0553385,1.5726092,0.0,0.7703957,0.3236394,1.475803,0.0,0.6452926,0.0,0.0,1.0661464,0.68362063,0.0,0.0,1.2451693,0.0,1.0534288,0.81645626,1.5365745,1.5099406,0.0,0.0,0.78096634
0.26940244,0.27888393,0.0,0.33468243,0.0,0.29965106,0.37140477,0.5905601,0.0,0.0,0.0,0.25112975,0.0,0.0,0.0,0.36954767,0.0,0.08065202,0.53479344,0.0,0.0,0.1953758,0.22729565,0.0,0.4195342,0.0,0.0,0.0,0.0,0.32303628,0.2690602,0.0
1.6065155,1.7400129,0.0,1.604823,0.0,1.3773851,1.5789413,1.4209733,0.0,0.0,0.0,1.7054329,0.0,0.0,0.0,1.8210298,0.0,1.3894796,1.633316,0.0,0.0,1.498028,1.2818633,0.0,1.710452,0.0,0.0,0.0,0.0,1.5641769,1.359582,0.0
0.0,0.0,1.0112289,0.0,1.1324844,0.0,0.0,0.0,1.3717526,1.0898312,1.2241822,0.0,1.0860509,0.72451925,0.8986441,0.0,0.37005904,0.0,0.0,0.85032237,0.73510545,0.0,0.0,1.0362625,0.0,1.0872028,1.0996035,1.2402043,1.440379,0.0,0.0,1.1720203
0.5528707,0.64362353,0.0,0.6389479,0.0,0.58348566,0.6577372,0.66729105,0.0,0.0,0.0,0.681291,0.0,0.0,0.0,0.6823605,0.0,0.38470408,0.7962514,0.0,0.0,0.56015956,0.42403772,0.0,0.7152358,0.0,0.0,0.0,0.0,0.6314381,0.5586282,0.0
0.13061443,0.13449377,0.0,0.45518002,0.0,0.45020002,0.45454568,0.4329242,0.0,0.0,0.0,0.3553154,0.0,0.0,0.0,0.36205405,0.0,0.23655958,0.47645155,0.0,0.0,0.28158846,0.30092406,0.0,0.28843477,0.0,0.0,0.0,0.0,0.3139083,0.27959728,0.0
0.043724254,0.40283284,0.07306134,0.3327721,0.0,0.34742904,0.17359477,0.36710584,0.0,0.0,0.1680336,0.3121493,0.08892269,0.0,0.2621225,0.29500893,0.05083826,0.051641226,0.44895306,0.11423549,0.068658136,0.0,0.41304067,0.0,0.086706094,0.0,0.0,0.18848582,0.053937696,0.2219077,0.21628699,0.0
0.0,0.009086564,0.32460153,0.0,0.0,0.1724437,0.0,0.097008884,0.29310703,0.09443629,0.477015,0.029858947,0.48431957,0.10891475,0.4356196,0.0,0.118600465,0.0,0.2089695,0.55366486,0.2098741,0.0,0.12964812,0.1301091,0.0,0.21290837,0.3421206,0.43985385,0.40578833,0.035829607,0.0,0.2717688
0.40210062,0.37427738,0.0,0.4339318,0.0,0.3811004,0.42547953,0.5758769,0.0,0.0,0.0,0.45056337,0.0,0.0,0.0,0.5141605,0.0,0.23325425,0.38651738,0.0,0.0,0.2316962,0.20696718,0.0,0.5514928,0.0,0.0,0.0,0.0,0.341428,0.30087227,0.0
0.0,0.0,0.25449097,0.030652966,0.0,0.0,0.0,0.15018345,0.0,0.0,0.105131544,0.0,0.18810722,0.0,0.14698917,0.13612898,0.03160254,0.0,0.042193107,0.010675937,0.22923231,0.0,0.0,0.2168558,0.0,0.0,0.29934037,0.17456134,0.06430647,0.0,0.0,0.06937212
0.0,0.0,0.91581273,0.0,0.6322257,0.0,0.0,0.0,1.2076861,0.82933766,1.2117168,0.0,0.684394,0.6253163,1.348243,0.0,0.856574,0.0,0.0,0.7999081,0.911867,0.0,0.0,0.8983274,0.0,0.8818473,1.1396713,1.9921641,1.3098993,0.0,0.0,0.67178327
0.6889875,0.85348487,0.0,0.8036333,0.0,0.81135994,0.8019933,1.072089,0.0,0.0,0.0,0.9878736,0.0,0.0,0.0,1.0296941,0.0,0.8574953,1.0231469,0.0,0.0,0.6904006,0.96729076,0.0,0.903495,0.0,0.0,0.0,0.0,1.1307276,0.6694639,0.0
1.0545834,1.7093756,0.0,1.6218376,0.0,1.014164,1.729212,0.0,0.0,0.0,0.0,1.3332193,0.0,0.0,0.0,1.4570923,0.0,1.2005452,1.6158445,0.0,0.0,1.7604628,1.0868603,0.0,1.5730027,0.0,0.0,0.0,0.0,1.6296587,1.3150287,0.0
0.0,0.0,1.003669,0.0,0.297984,0.0,0.0,0.0,1.119899,0.95410377,1.0419294,0.0,1.2898338,0.6617941,0.5960386,0.0,0.6303821,0.0,0.0,1.0669883,0.5215101,0.0,0.0,1.1392874,0.0,0.7567677,1.1256032,0.921887,1.0360264,0.0,0.0,1.192918
0.37843847,0.5692823,0.0,0.55879605,0.0,0.6088973,0.5405689,0.73367214,0.0,0.0,0.0,0.65605336,0.0,0.0,0.0,0.6237348,0.0,0.5322503,0.7813508,0.0,0.0,0.4980052,0.5257957,0.0,0.6852094,0.0,0.0,0.0,0.0,0.63483393,0.46759892,0.0
0.0,0.0,0.75764954,0.0,0.49094492,0.0,0.0,0.0,0.6871109,0.50595915,0.8408248,0.0,0.7218224,0.23733357,0.6436826,0.0,0.621382,0.0,0.0,0.49286857,0.4869676,0.0,0.0,0.7657443,0.0,0.6678893,0.64096355,0.6606957,0.84006715,0.0,0.0,0.5020661
0.0,0.0,0.40549567,0.093532726,0.2196319,0.0,0.014434092,0.1524906,0.30836916,0.30745018,0.2991874,0.06931208,0.23897806,0.20838779,0.5390526,0.03650724,0.3503866,0.0,0.0,0.4457075,0.3982613,0.0,0.0,0.424788,0.0,0.35333538,0.4884597,0.6399894,0.37181434,0.0,0.0,0.09947202
0.092786595,0.2528075,0.0,0.0,0.06849082,0.15834618,0.11508973,0.29922614,0.13086255,0.29834196,0.040561736,0.18427007,0.10885869,0.36996725,0.10292642,0.1607014,0.2753998,0.13404222,0.2640836,0.1827111,0.27709323,0.036656775,0.0,0.21236649,0.08784672,0.0,0.0,0.0,0.22894055,0.04639363,0.1377424,0.0
0.0,0.0,0.73076975,0.0,0.3507017,0.0,0.0,0.0,0.85901654,0.6369581,0.8503272,0.0,0.69051385,0.7913775,0.4478826,0.0,0.7224078,0.0,0.0,0.7927716,0.5162378,0.0,0.0,0.49200928,0.0,0.7939528,0.46719754,0.38292176,0.8378745,0.0,0.0,0.6634398
1.1466578,1.2567732,0.0,0.95673424,0.0,1.1197993,1.1508766,0.9213015,0.0,0.0,0.0,1.2446195,0.0,0.0,0.0,1.0179882,0.0,1.0181601,1.1200266,0.0,0.0,1.1360676,0.7315383,0.0,1.143137,0.0,0.0,0.0,0.0,1.1331719,0.96919364,0.0
1.0299122,1.3857217,0.0,1.0942221,0.0,0.9758795,0.9511343,1.0600377,0.0,0.0,0.0,1.1507608,0.0,0.0,0.0,1.0683304,0.0,1.4915464,1.2980797,0.0,0.0,1.2142023,1.0202371,0.0,1.4841605,0.0,0.0,0.0,0.0,1.1628703,1.0098238,0.0
0.0,0.0,2.016129,0.0,0.4943918,0.0,0.0,0.0,1.6563803,1.7328154,1.5218412,0.0,1.8935686,1.669849,1.8047019,0.0,0.5108219,0.0,0.0,1.6144735,0.44417578,0.0,0.0,1.1009736,0.0,2.0881271,1.5374726,1.6522131,1.8099586,0.0,0.0,1.9136502
1.3482194,1.6063206,0.0,1.3049577,0.0,1.2716371,1.2919761,1.3416528,0.0,0.0,0.0,1.4103175,0.0,0.0,0.0,1.3700302,0.0,1.5806949,1.5041559,0.0,0.0,1.3843316,1.2080355,0.0,1.6135056,0.0,0.0,0.0,0.0,1.3002551,1.2994032,0.0
0.39268774,0.6005512,0.0,0.63454217,0.0,0.40660727,0.6613285,0.62570244,0.0,0.0,0.0,0.736797,0.0,0.0,0.0,0.6229503,0.0,0.3715229,0.7361126,0.0,0.0,0.60550576,0.7143818,0.0,0.7220502,0.0,0.0,0.0,0.0,0.8045966,0.45807424,0.0
0.0,0.0,1.3611753,0.0,1.3075738,0.0,0.0,0.0,1.4784665,1.2539724,1.3165748,0.0,1.3683704,1.6130352,1.0117414,0.0,1.5060128,0.0,0.0,1.4135482,1.5172215,0.0,0.0,1.2907383,0.0,1.3210052,1.1386122,0.90793157,1.4936547,0.0,0.0,1.2780066
0.0,0.0,0.39042568,0.0,0.12923045,0.0,0.0,0.14283618,0.49584103,0.7111081,0.5070291,0.0,0.740864,0.30796728,0.30264354,0.0,0.13231537,0.0,0.0,0.705509,0.02722722,0.0,0.0,0.4148699,0.0,0.40273887,0.4584372,0.6818657,0.3759051,0.0,0.0,0.48155427
0.0,0.0,0.90733635,0.0,0.8448228,0.0,0.0,0.0,1.2560925,1.1006007,1.1692683,0.0,1.3669235,0.9160354,0.8923908,0.0,0.3662814,0.0,0.0,1.0877706,0.56416315,0.0,0.0,0.7939365,0.0,1.0752158,1.1570512,1.1941574,1.3287375,0.0,0.0,1.387033
1.1856465,1.4363719,0.0,1.3252685,0.0,1.1856844,1.2693318,1.160537,0.0,0.0,0.0,1.2764249,0.0,0.0,0.0,1.2126703,0.0,1.1628139,1.3228635,0.0,0.0,1.174506,1.1756572,0.0,1.372234,0.0,0.0,0.0,0.0,1.3214401,1.0950708,0.0
0.0,0.0,0.872576,0.0,1.1119256,0.0,0.0,0.0,1.1626366,1.0507405,1.0340104,0.0,0.46225423,0.0,1.1526482,0.0,0.24527568,0.0,0.0,0.6667263,0.99788696,0.0,0.0,1.2944329,0.0,0.7387826,1.053051,1.4421625,1.2907382,0.0,0.0,0.5830979
0.0,0.0,1.141748,0.0,0.3926432,0.0,0.0,0.0,1.0672973,0.77704376,1.1529391,0.0,0.9164202,0.9644594,1.2103173,0.0,1.1008388,0.0,0.0,0.849518,0.7719063,0.0,0.0,0.8378446,0.0,1.1427367,0.7243528,1.4452481,1.165407,0.0,0.0,0.7778519
0.3136096,0.793372,0.0,0.5871347,0.0,0.44733277,0.74008876,0.5208843,0.0,0.0,0.0,0.6644908,0.0,0.0,0.0,0.6922913,0.0,0.33145222,0.67481893,0.0,0.0,0.56085265,0.70382214,0.0,0.75196016,0.0,0.0,0.0,0.0,0.8375618,0.60464126,0.0
0.11079328,0.11331113,0.0,0.40603244,0.0,0.40338185,0.38163632,0.35052478,0.0,0.0,0.0,0.31710625,0.0346832,0.0,0.0,0.30712575,0.0,0.2515914,0.49520406,0.0,0.0,0.34386763,0.21139188,0.0,0.2743833,0.0,0.0,0.0,0.0,0.19963309,0.38341004,0.0
0.0,0.0,1.2024976,0.0,1.2890506,0.0,0.0,0.0,1.4002465,1.416459,1.1713133,0.0,1.3075634,1.26833,0.91476387,0.0,0.80484426,0.0,0.0,1.3088324,1.3214514,0.0,0.0,1.3361039,0.0,1.2822062,1.1276352,0.8144835,1.5621188,0.0,0.0,1.3458084
0.0,0.0,0.88987744,0.0,0.41475463,0.0,0.0,0.0,1.042682,0.59409606,1.2375543,0.0,0.7983248,0.4604011,0.9818127,0.0,0.942945,0.0,0.0,0.67674595,0.8171671,0.0,0.0,1.1172385,0.0,1.0126362,0.8902445,1.126357,1.1681979,0.0,0.0,0.5710398
0.0,0.0,1.146139,0.0,0.0,0.0,0.0,0.0,0.9142776,0.85181236,1.2154888,0.0,0.841031,0.5413829,0.98174083,0.0,0.39668897,0.0,0.0,1.2827849,0.3290133,0.0,0.0,0.9654177,0.0,0.9576477,0.6344312,0.5918753,1.2057074,0.0,0.0,0.61731726
0.032615498,0.2599607,0.0045444816,0.31176972,0.0,0.25521424,0.38229918,0.2831087,0.041872777,0.0,0.09761861,0.34106112,0.007898182,0.06261913,0.0,0.36523116,0.16874291,0.0,0.26389155,0.045551587,0.042332593,0.22110073,0.34555882,0.0,0.2128816,0.0,0.03798446,0.0,0.10208259,0.36526793,0.13717188,0.0
0.0,0.0,1.2553053,0.0,0.24780847,0.0,0.0,0.0,0.8823328,0.9806425,0.97658163,0.0,1.0713426,0.96561426,0.87519646,0.0,0.09681073,0.0,0.0,0.7832944,0.6611639,0.0,0.0,0.21066979,0.0,1.3166475,0.9243924,0.7767473,1.0727633,0.0,0.0,1.1427692
0.0,0.0,0.6283597,0.0,0.34202957,0.0,0.0,0.0,0.6107126,0.4352597,0.69367254,0.0,0.69116443,0.49265838,0.42287242,0.0,0.7866773,0.0,0.0,0.6038722,0.5147755,0.0,0.0,0.6604927,0.0,0.62191343,0.40274107,0.36074567,0.7519678,0.0,0.0,0.4831164
0.48945987,1.18198,0.0,0.7193238,0.0,0.93537265,0.80342853,0.71295005,0.0,0.0,0.0,0.96084064,0.0,0.0,0.0,0.8878223,0.0,0.86815256,0.90233046,0.0,0.0,0.8508196,0.92477417,0.0,0.8873045,0.0,0.0,0.0,0.0,1.0638773,0.77704865,0.0
0.3963328,0.45341235,0.0,0.3665536,0.0,0.4833431,0.49704498,0.53591853,0.0,0.0,0.0,0.4058559,0.0,0.0,0.0,0.5234372,0.0,0.23200452,0.5742783,0.0,0.0,0.3426441,0.28424293,0.0,0.5021749,0.0,0.0,0.0,0.0,0.42443112,0.4301856,0.0
0.0,0.0,1.3234104,0.0,0.62950414,0.0,0.0,0.0,1.3626165,1.7554365,1.1039357,0.0,1.4418999,1.3812209,0.4244288,0.0,1.0660214,0.0,0.0,1.441937,1.2014173,0.0,0.0,1.4656094,0.0,1.5822908,1.0136714,0.0,1.1928537,0.0,0.0,1.4087105
0.0,0.0,0.8380991,0.0,0.4793911,0.0,0.0,0.0,0.7925216,0.6625618,0.7532414,0.0,0.6633729,0.36203247,0.45210463,0.0,0.5390781,0.0,0.0,0.4914266,0.6449788,0.0,0.0,0.9366028,0.0,0.6876272,0.6150763,0.27265844,0.9828574,0.0,0.0,0.5667546
0.0,0.0,1.5197506,0.0,1.5129969,0.0,0.0,0.0,1.145974,1.9412571,1.1343461,0.0,1.6204892,1.7038455,1.2861185,0.0,1.4546343,0.0,0.0,2.0765784,2.2690904,0.0,0.0,1.3634086,0.0,1.38829,1.2036563,0.21281672,1.0136471,0.0,0.0,0.8721233
0.8883025,1.0583514,0.0,0.86317927,0.0,1.0711695,0.968647,0.9464179,0.0,0.0,0.0,1.1016493,0.0,0.0,0.0,0.89903253,0.0,0.9934995,1.0939348,0.0,0.0,0.90324146,0.8282354,0.0,1.071059,0.0,0.0,0.0,0.0,1.1258718,0.9121457,0.0
0.0,0.0,0.77761006,0.0,0.77348334,0.0,0.0,0.0,0.8083354,0.68360394,0.8440086,0.0,0.6896884,0.47246355,0.82407165,0.0,0.70966256,0.0,0.0,0.7699867,0.34617838,0.0,0.0,0.7424175,0.0,0.9894718,0.77354646,0.9475255,0.89858335,0.0,0.0,0.6414003
0.0,0.0,1.7548562,0.0,1.2745266,0.0,0.0,0.0,1.8863401,1.5585921,1.5018651,0.0,1.6790109,2.2416937,1.9382818,0.0,0.89540994,0.0,0.0,1.1956407,1.1777422,0.0,0.0,1.0745999,0.0,1.6158851,2.0802445,2.2175784,1.7422761,0.0,0.0,2.2016928
0.0,0.0,1.182764,0.0,0.0,0.0,0.0,0.0,0.858094,0.84989065,1.2664195,0.0,0.78477913,0.73443,0.9582557,0.0,0.50139886,0.0,0.0,1.1578964,0.32756215,0.0,0.0,0.67431414,0.0,1.3445652,0.32174027,0.4667055,1.3083318,0.0,0.0,0.53145707
1.1177642,1.533422,0.0,1.186183,0.0,1.5673378,1.3716621,1.142125,0.0,0.0,0.0,1.3189143,0.0,0.0,0.0,1.0600178,0.0,1.6454847,1.3293571,0.0,0.0,1.4078804,1.1086109,0.0,1.4136542,0.0,0.0,0.0,0.0,1.1866457,1.3912231,0.0
1.1843705,1.5093129,0.0,1.1835377,0.0,1.552451,1.3332567,1.1396024,0.0,0.0,0.0,1.2821931,0.0,0.0,0.0,1.0521468,0.0,1.6367747,1.3180596,0.0,0.0,1.3500029,1.1057761,0.0,1.3971201,0.0,0.0,0.0,0.0,1.1731343,1.4247859,0.0
0.121579595,0.25257355,0.2864959,0.0,0.0,0.13040309,0.085325584,0.41168392,0.0,0.0,0.07960105,0.18211976,0.042966396,0.0,0.23056805,0.06296963,0.09265056,0.16388312,0.35682696,0.16074665,0.35316014,0.16192833,0.05818753,0.29650542,0.15602691,0.0,0.16144617,0.0,0.09012732,0.0,0.13942327,0.0
0.8526866,1.3650248,0.0,1.076002,0.0,0.836772,1.0776231,0.8755355,0.0,0.0,0.0,0.9800959,0.0,0.0,0.0,1.1568376,0.0,0.96074814,0.92584264,0.0,0.0,0.9747631,1.2848274,0.0,1.2585865,0.0,0.0,0.0,0.0,1.3338474,0.924111,0.0
1.3465762,1.6263671,0.0,1.4609343,0.0,1.1005964,1.4628558,1.2602265,0.0,0.0,0.0,1.5571468,0.0,0.0,0.0,1.6040155,0.0,1.5182458,1.4631543,0.0,0.0,1.4525826,1.4304672,0.0,1.7334378,0.0,0.0,0.0,0.0,1.4712313,1.3975793,0.0
1.165445,1.2026023,0.0,1.1667645,0.0,0.9323204,1.0217537,1.1038842,0.0,0.0,0.0,1.2205102,0.0,0.0,0.0,1.0308527,0.0,1.0121843,1.3091557,0.0,0.0,0.8074417,0.77487206,0.0,1.0108427,0.0,0.0,0.0,0.0,1.2282847,0.9043758,0.0
0.39995456,0.7433886,0.0,0.7392439,0.0,0.54227936,0.69824773,0.58631325,0.0,0.0,0.0,0.6073508,0.0,0.0,0.0,0.63021815,0.0,0.33089635,0.62547797,0.0,0.0,0.46672797,0.63831604,0.0,0.70247823,0.0,0.0,0.0,0.0,0.8355109,0.447919,0.0
1.2436137,0.93835264,0.0,0.91779274,0.0,1.2069236,1.262838,1.2799225,0.0,0.0,0.0,1.2434504,0.0,0.0,0.0,1.2768455,0.0,1.2579132,1.313324,0.0,0.0,1.0040065,1.1977904,0.0,1.0883157,0.0,0.0,0.0,0.0,1.1503998,1.0475948,0.0
0.0,0.0,0.5641234,0.0,0.34476888,0.0,0.0,0.0,0.43980628,0.41764545,0.6365681,0.0,0.47960484,0.28159752,0.58985525,0.0,0.6117004,0.0,0.0,0.47662663,0.6287616,0.0,0.0,0.67404634,0.0,0.38323414,0.4485731,0.552163,0.5453239,0.0,0.0,0.3307292
0.0,0.0,0.8540592,0.0,0.55621547,0.0,0.0,0.0,0.5568818,0.61592406,0.606627,0.0,0.358774,0.025810592,0.81091774,0.0,0.17221811,0.0,0.0,0.3384571,0.74520105,0.0,0.0,1.0007267,0.0,0.47926915,0.7571826,0.8256743,0.6382875,0.0,0.0,0.34866846
0.0,0.0,0.880067,0.0,1.3780141,0.0,0.0,0.0,1.1624433,1.2192285,1.1302266,0.0,0.9812974,0.9190713,1.2825339,0.0,0.80841714,0.0,0.0,1.1502569,1.2207403,0.0,0.0,1.0803921,0.0,0.9875341,0.95494515,1.330024,1.1744186,0.0,0.0,0.88026303
0.0,0.0,1.554997,0.0,0.96494055,0.0,0.0,0.0,1.2026911,1.3781096,1.1455663,0.0,1.2536635,1.6178541,0.6975192,0.0,1.9667038,0.0,0.0,1.4208162,1.7157018,0.0,0.0,1.409494,0.0,1.5462614,0.87545794,0.0,1.2855161,0.0,0.0,1.0243585
0.0,0.0,1.3767346,0.0,0.0,0.0,0.0,0.0,1.0619514,1.164105,1.0678834,0.0,1.2743648,0.7523724,1.3436447,0.0,0.2218726,0.0,0.0,1.1894661,0.55378866,0.0,0.0,0.85060275,0.0,1.2725136,1.1060255,1.2419521,1.2121043,0.0,0.0,1.222139
0.0,0.0,2.8237944,0.0,2.5049052,0.0,0.0,0.0,3.8649554,2.3486178,2.36257,0.0,2.4843898,5.2712693,1.7371767,0.0,4.218283,0.0,0.0,3.4715953,2.4525173,0.0,0.0,2.0331998,0.0,3.6456618,2.6529057,1.6059902,2.505544,0.0,0.0,3.3483057
0.0,0.0,0.8746425,0.0,0.47275478,0.0,0.0,0.0,0.8916479,0.89616793,0.82304144,0.0,1.0204782,0.6683567,0.38737515,0.0,0.81131417,0.0,0.0,0.8424945,0.56860435,0.0,0.0,0.98475677,0.0,0.89489293,0.6986372,0.49044186,0.96302044,0.0,0.0,0.79408467
0.0,0.0,0.70924354,0.0,0.53958577,0.0,0.0,0.0,0.63114154,0.46281308,0.798281,0.0,0.5974193,0.28696376,0.828856,0.0,0.66410005,0.0,0.0,0.5754868,0.72070724,0.0,0.0,0.7001301,0.0,0.5182212,0.6367167,0.79734904,0.73974574,0.0,0.0,0.32196242
0.0,0.0,0.709182,0.0,0.3300776,0.0,0.0,0.0,0.78745526,0.60208267,0.7888984,0.0,0.70314103,0.76176476,0.4641616,0.0,0.75917035,0.0,0.0,0.8493923,0.5161691,0.0,0.0,0.501077,0.0,0.71539646,0.46701324,0.41570568,0.8015681,0.0,0.0,0.6182136
0.0,0.0,1.3218049,0.0,1.646686,0.0,0.0,0.0,1.7061495,1.4895973,1.7915864,0.0,1.3095146,1.5068893,1.4592572,0.0,1.2494973,0.0,0.0,1.7978656,1.7335947,0.0,0.0,1.7890142,0.0,1.5376911,1.1871455,1.3823087,1.9145191,0.0,0.0,1.2221999
0.0,0.0,1.8206923,0.0,0.34787297,0.0,0.0,0.0,1.5922254,1.5557166,1.745177,0.0,1.8124031,1.445638,1.6049516,0.0,1.2638519,0.0,0.0,1.6005363,0.89257795,0.0,0.0,2.0337777,0.0,1.4330467,1.3844783,1.7548136,1.7404419,0.0,0.0,1.8136141
0.6166029,0.0,0.7266487,0.0,0.0,0.0,0.0,0.0,0.47114795,0.0,1.2067976,0.0,0.0,0.0,1.2448614,0.0,2.7675586,0.6857242,0.0,0.2696505,2.4683754,0.0,0.24766633,0.6951639,0.0,0.07741703,0.6846658,0.61829233,0.44509485,0.0,0.024358084,0.0
0.0,0.0,1.2473376,0.0,0.9499156,0.0,0.0,0.0,1.201395,1.1819167,0.86845607,0.0,1.1345129,1.6384172,0.67116076,0.0,1.4663306,0.0,0.0,1.1951466,1.3766493,0.0,0.0,1.379405,0.0,1.2955297,0.7061395,0.5345382,1.1564302,0.0,0.0,1.2882038
1.4009124,1.5884613,0.0,1.3711604,0.0,1.116537,1.2421715,1.2934698,0.0,0.0,0.0,1.3503292,0.0,0.0,0.0,1.5031738,0.0,1.4982259,1.5721408,0.0,0.0,1.2357179,1.2772895,0.0,1.5897527,0.0,0.0,0.0,0.0,1.3734349,1.3993495,0.0
0.0,0.0,1.0375687,0.0,0.8359504,0.0,0.0,0.0,1.0713055,0.8066075,1.0654833,0.0,0.9899382,0.84358203,0.92268795,0.0,0.98548967,0.0,0.0,0.876559,0.85340077,0.0,0.0,0.8333584,0.0,0.9315498,0.8910331,1.0473292,1.0713204,0.0,0.0,0.8714401
0.0,0.0,0.63481045,0.12983587,0.427617,0.0,0.0,0.0,0.4895965,0.31169158,0.5301514,0.0,0.49421972,0.28747833,0.6954497,0.13003325,0.47470123,0.0,0.0,0.5657878,0.39569953,0.0,0.0,0.47711322,0.0,0.6245933,0.59823364,0.72055644,0.6055036,0.0,0.0,0.3889851
0.5172708,0.7869564,0.0,0.8085671,0.0,0.57024306,0.84993875,0.57943195,0.0,0.0,0.0,0.7288581,0.0,0.0,0.0,0.83295834,0.0,0.48355243,0.68374383,0.0,0.0,0.6421802,0.8545066,0.0,0.941784,0.0,0.0,0.0,0.0,0.96188605,0.57767546,0.0
0.34627932,0.6275205,0.0,0.63549316,0.0,0.30222487,0.591903,0.58231235,0.0,0.0,0.0,0.72702456,0.0,0.0,0.0,0.60386854,0.0,0.18405217,0.563345,0.0,0.0,0.3839703,0.49440393,0.0,0.63393795,0.0,0.0,0.0,0.0,0.70034254,0.26988095,0.0
0.0,0.0,1.1859591,0.0,0.39501876,0.0,0.0,0.0,1.2075945,1.0313016,1.718282,0.0,0.6870518,1.2604133,1.1843334,0.0,1.0223185,0.0,0.0,1.3947355,1.1503929,0.0,0.0,1.5385143,0.0,1.3405771,0.37630087,0.49750566,1.6326,0.0,0.0,0.72068447
0.0,0.0,0.7381394,0.0,0.34018975,0.0,0.0,0.0,0.7225445,0.5995324,0.73983306,0.0,0.5684824,0.47591463,0.64272463,0.0,0.78525317,0.0,0.0,0.6692312,0.69979286,0.0,0.0,0.84572965,0.0,0.35469723,0.7753162,0.6091119,0.75963366,0.0,0.0,0.43860948
0.0,0.0,1.1144595,0.0,0.89291066,0.0,0.0,0.0,1.2149873,1.173473,1.0425888,0.0,1.2634457,1.2289795,0.81841356,0.0,1.0617559,0.0,0.0,1.256892,1.1050409,0.0,0.0,1.2877141,0.0,1.133737,0.96781963,0.849833,1.2161027,0.0,0.0,1.2403574
0.39766014,0.39983368,0.0,0.569064,0.0,0.47446495,0.594709,0.6827492,0.0,0.0,0.0,0.637111,0.0,0.0,0.0,0.61091095,0.0,0.25816137,0.57871836,0.0,0.0,0.41169384,0.4051547,0.0,0.692678,0.0,0.0,0.0,0.0,0.49785128,0.47967684,0.0
0.0,0.0,0.39846697,0.0,0.3905086,0.0,0.0,0.0,0.47174573,0.594623,0.510586,0.0,0.5150533,0.5931328,0.13984062,0.0,0.6044319,0.0,0.0,0.44622764,0.27277282,0.0,0.0,0.4443257,0.0,0.5434487,0.24328835,0.29071686,0.49682623,0.0,0.0,0.1418188
0.0,0.0,0.11160974,0.0,0.0,0.0,0.0,0.0,0.083804436,0.2630762,0.049510032,0.0,0.38168836,0.23170307,0.0,0.0,0.0,0.0,0.16210578,0.33167472,0.04541201,0.05259253,0.0,0.10758032,0.0113873705,0.16778412,0.11713277,0.0,0.27139986,0.0,0.020416513,0.12747714
0.0,0.0,0.4291107,0.0,0.18656777,0.0,0.0,0.021415094,0.39060515,0.24995384,0.5600768,0.0,0.38883418,0.06854897,0.55577755,0.0,0.34228992,0.0,0.055089388,0.37298664,0.38550258,0.0,0.0,0.34419495,0.0,0.2993885,0.29629517,0.5270134,0.52630126,0.0,0.0,0.14295746
0.0,0.0,0.70274854,0.0,0.29374075,0.0,0.0,0.0,0.57429653,0.56484324,0.5334413,0.0,0.55563724,0.0,0.49565876,0.0,0.09944989,0.0,0.0,0.3203092,0.42126527,0.0,0.0,0.805735,0.0,0.45987827,0.5899483,0.38674843,0.6757125,0.0,0.0,0.374345
0.0,0.0,1.6313412,0.0,0.6684946,0.0,0.0,0.0,1.2470715,1.9153049,1.3344243,0.0,1.6573681,1.8079938,1.248334,0.0,0.6025521,0.0,0.0,1.3959169,0.46303797,0.0,0.0,0.6645719,0.0,2.0126004,1.5081185,1.1736337,1.6915627,0.0,0.0,1.9044187
0.0,0.0,1.1055702,0.0,0.15722778,0.0,0.0,0.0,0.6657534,0.89013064,0.92153573,0.0,1.0745254,0.6423916,0.90715593,0.0,0.2507202,0.0,0.0,0.9066925,0.66086495,0.0,0.0,0.39028418,0.0,1.271942,0.6688218,0.5956806,1.0021237,0.0,0.0,0.7628875
0.0,0.0,1.2181002,0.0,1.3989449,0.0,0.0,0.0,1.0852015,1.3224463,1.0374553,0.0,1.2178499,1.372022,1.0528615,0.0,1.2943877,0.0,0.0,1.462361,1.7736592,0.0,0.0,1.2381474,0.0,1.0395528,0.8714443,0.68625164,1.2102251,0.0,0.0,1.0567874
0.0,0.0,0.8807466,0.0,0.5166338,0.0,0.0,0.0,0.89906937,0.8230853,0.79922867,0.0,0.7237797,0.63066304,0.5266486,0.0,0.5657129,0.0,0.0,0.62757146,0.7719576,0.0,0.0,1.0140595,0.0,0.8001259,0.6806661,0.32947922,1.0240456,0.0,0.0,0.86344343
0.0,0.0,1.2017714,0.0,0.6169107,0.0,0.0,0.0,1.254893,1.0917323,1.0517589,0.0,1.3245224,0.93337804,0.6606116,0.0,0.9773019,0.0,0.0,1.0987755,0.8150011,0.0,0.0,1.4169776,0.0,1.0964448,1.1766702,0.7517708,1.2430253,0.0,0.0,1.2665368
0.0,0.0,0.49478257,0.0,0.27183992,0.0,0.0,0.0,0.59745526,0.73630613,0.76508325,0.0,0.63179713,0.4335805,0.47425395,0.0,0.35354656,0.0,0.0,0.68131363,0.3322731,0.0,0.15539907,0.6063437,0.0,0.5505227,0.3720278,0.5566065,0.5231152,0.0,0.0,0.3962509
0.0,0.0,0.7187488,0.0,0.33901298,0.0,0.0,0.0,0.9558648,0.4963241,1.1899998,0.0,0.70792407,0.5534995,0.6375723,0.0,0.7699689,0.0,0.020885676,0.8417053,0.45499718,0.0,0.0,0.83324975,0.0,0.8298807,0.5566454,0.7344277,1.226242,0.0,0.0,0.32917452
0.0,0.0,0.6624905,0.0,0.2949019,0.0,0.0,0.0,0.5592674,0.32740748,0.63529754,0.0,0.57173723,0.23592609,0.48514605,0.0,0.49784252,0.0,0.0,0.43027952,0.49550232,0.0,0.0,0.6943304,0.0,0.45343333,0.6252529,0.37658846,0.77485675,0.0,0.0,0.30859715
0.07791527,0.0,0.029214274,0.1331257,0.0,0.25724974,0.3070115,0.45837688,0.0,0.0,0.0,0.18999799,0.0,0.0,0.0,0.3002761,0.0,0.14568183,0.321607,0.0,0.0678654,0.09726992,0.1850414,0.0,0.13350785,0.0,0.12193257,0.0,0.0,0.11438066,0.14361103,0.0
0.0,0.0,0.20982438,0.0,0.0,0.0,0.0,0.07203461,0.0,0.078883626,0.26581997,0.0,0.20662454,0.0,0.0,0.07723193,0.0,0.0,0.0,0.0,0.030709285,0.0,0.0,0.29508033,0.0,0.0,0.2489195,0.0,0.13608481,0.0,0.0,0.042882837
0.0,0.0,1.3702145,0.0,1.2486428,0.0,0.0,0.0,1.2627712,1.2141259,1.3221073,0.0,1.3320909,1.4445128,1.4515806,0.0,1.6970798,0.0,0.0,1.4746746,1.4296027,0.0,0.0,1.2920448,0.0,1.1556857,1.4185947,1.3638535,1.090033,0.0,0.0,1.138838
0.0,0.0,0.8525733,0.0,0.5512537,0.0,0.0,0.0,0.80904436,0.57226586,0.7536833,0.0,0.76719165,0.64121175,0.45369062,0.0,1.0851798,0.0,0.0,0.5770166,0.7940509,0.0,0.0,1.0528259,0.0,0.7982054,0.61968577,0.49135447,0.94915277,0.0,0.0,0.5441404
0.0,0.0,1.3681619,0.0,0.37028033,0.0,0.0,0.0,1.2424959,1.0468465,1.4583775,0.0,0.8092393,0.9216461,1.3829535,0.0,0.6652855,0.0,0.0,1.0677794,0.5899351,0.0,0.0,1.0907904,0.0,1.3068801,0.66741127,1.1766591,1.590173,0.0,0.0,0.8328123
0.0,0.0,0.7753582,0.0,2.047555,0.0,0.0,0.0,1.7702262,0.86666566,1.6996297,0.0,1.357229,0.9712325,2.13091,0.0,2.150061,0.0,0.0,1.2260855,3.0909753,0.0,0.0,1.7026458,0.0,1.6662723,2.018765,1.4524873,1.927976,0.0,0.0,1.4991039
1.3982571,1.4555275,0.0,1.5497361,0.0,1.2461923,1.8596655,0.41298512,0.0,0.0,0.0,1.8614473,0.0,0.0,0.0,1.1353341,0.0,1.6450305,1.6268098,0.0,0.0,1.813414,1.2588445,0.0,1.2023212,0.0,0.0,0.0,0.0,1.5526696,1.5375656,0.0
0.0,0.0,0.787192,0.0,0.45774275,0.0,0.0,0.0,0.7610326,0.61114025,0.6876608,0.0,0.73952556,0.58329844,0.545186,0.0,0.6064633,0.0,0.0,0.68792754,0.72268003,0.0,0.0,0.8789385,0.0,0.73372597,0.6242128,0.36601648,0.85008985,0.0,0.0,0.6479053
0.0,0.0,1.0211623,0.0,0.6945576,0.0,0.0,0.0,1.2154627,0.76218873,1.0150143,0.0,0.63515586,0.88433075,1.3045496,0.0,0.780847,0.0,0.0,0.6771901,0.9815953,0.0,0.0,0.8230876,0.0,0.7667294,1.3094622,1.725371,1.330427,0.0,0.0,0.8253702
0.0,0.0,1.235219,0.0,0.6679691,0.0,0.0,0.0,1.2465698,0.86986417,1.442696,0.0,0.8633146,0.9170966,1.3786316,0.0,0.5502576,0.0,0.0,1.0034895,0.60864335,0.0,0.0,0.90792435,0.0,1.2316352,0.6549003,1.2778553,1.587057,0.0,0.0,0.7753671
0.0,0.0,0.69582415,0.0,0.23327674,0.0,0.0,0.0,0.55202115,0.26804388,0.61434174,0.0,0.650531,0.34832096,0.5519948,0.0,0.84263444,0.0,0.0,0.5837897,0.52015793,0.0,0.0,0.48727483,0.0,0.47237772,0.57162076,0.679794,0.70660585,0.0,0.0,0.2678914
0.0,0.0,0.62511444,0.0,0.2494229,0.0,0.0,0.0,0.2658102,0.45037162,0.523067,0.0,0.4612596,0.0,0.30692455,0.0,0.25226238,0.0,0.0,0.3114123,0.54646605,0.0,0.0,0.8435275,0.0,0.2699635,0.4202435,0.21275657,0.45450443,0.0,0.0,0.24252744
0.0,0.0,1.6701555,0.0,2.1752777,0.0,0.0,0.0,1.7297387,1.9145067,1.2609318,0.0,1.435188,1.3197241,1.3791859,0.0,0.46675563,0.0,0.0,1.4243103,1.5752019,0.0,0.0,1.8671584,0.0,1.6438302,1.315351,1.4703249,1.532538,0.0,0.0,1.4336323
1.1470704,1.3986828,0.0,1.0932674,0.0,1.3290993,1.3038628,1.0828773,0.0,0.0,0.0,1.2893054,0.0,0.0,0.0,1.0895724,0.0,1.3615253,1.3271809,0.0,0.0,1.2209988,1.0699377,0.0,1.2743112,0.0,0.0,0.0,0.0,1.21659,1.2609432,0.0
0.0,0.0,0.41822195,0.1844848,0.0,0.0,0.12063061,0.04031952,0.0,0.25760472,0.1191835,0.0,0.21722224,0.09615931,0.011772245,0.29597735,0.0,0.0,0.0,0.0637073,0.14595196,0.0,0.0,0.2136026,0.06495101,0.12819317,0.15687408,0.025578745,0.013252847,0.002369061,0.0,0.18880361
0.0,0.0,0.16859189,0.020080257,0.0,0.014021802,0.0,0.13134687,0.0,0.03215844,0.18085036,0.0,0.18465437,0.0,0.0,0.1369187,0.003976345,0.0,0.0,0.030880146,0.105216876,0.0,0.0,0.21708825,0.010252491,0.0,0.11364846,0.0,0.07143051,0.0,0.0,0.15734965
0.0,0.0,0.6726558,0.0,0.36013985,0.0,0.0,0.0,0.6690166,0.5341868,0.6976295,0.0,0.5194781,0.22729135,0.5259553,0.0,0.63995355,0.0,0.0,0.48216808,0.7472978,0.0,0.0,0.9818798,0.0,0.2951672,0.63543373,0.5066557,0.7700123,0.0,0.0,0.22080493
0.0,0.0,1.6545429,0.0,0.5550022,0.0,0.0,0.0,1.2386357,1.5749073,1.1221288,0.0,1.6951327,1.2651794,1.4467038,0.0,0.14425164,0.0,0.0,1.1370541,0.49327683,0.0,0.0,0.50458485,0.0,1.806266,1.5527134,1.474433,1.3665216,0.0,0.0,1.7944323
1.1279129,1.4764421,0.0,1.1673828,0.0,1.3695164,1.3457624,1.119417,0.0,0.0,0.0,1.3331182,0.0,0.0,0.0,1.1186676,0.0,1.3945072,1.3710876,0.0,0.0,1.322938,1.0663495,0.0,1.3495402,0.0,0.0,0.0,0.0,1.2365322,1.2455362,0.0
0.0,0.0,1.5530553,0.0,1.3478192,0.0,0.0,0.0,1.1635531,0.8667263,1.4524812,0.0,0.627345,0.5492919,1.6773684,0.0,1.1658192,0.0,0.0,1.1252877,1.0942644,0.0,0.0,1.4248815,0.0,1.1431413,1.0871086,1.4194475,1.8629925,0.0,0.0,0.36573553
0.0,0.0,1.1870078,0.0,0.92757773,0.0,0.0,0.0,1.1977954,1.0751011,1.021875,0.0,1.0303663,0.9933592,0.5888349,0.0,0.9683866,0.0,0.0,0.82982314,1.0408444,0.0,0.0,1.4394064,0.0,1.1502244,0.9548947,0.57002133,1.3013961,0.0,0.0,1.1871431
0.0,0.14933515,0.5725733,0.0,0.27801812,0.0,0.09888139,0.032906886,0.6626797,0.39337432,0.5897186,0.23264529,0.6303961,0.7841361,0.4591857,0.0,0.6441157,0.0,0.0023956895,0.7018155,0.6115425,0.0,0.0,0.2628116,0.0,0.48404288,0.24636395,0.25070488,0.63457185,0.08311971,0.0,0.43063295
0.6100557,0.95079863,0.0,0.5067393,0.17142522,0.63887984,0.9801391,0.0,0.32830995,0.0,0.39737523,1.0601996,0.0,0.0,0.42259032,0.20371696,0.0,1.1018409,0.6246129,0.04015228,0.0,1.0461286,1.0298928,0.0,0.25646484,0.24437356,0.0,0.11300866,0.68378377,0.8494545,1.0398619,0.0
0.0,0.07971682,0.107393414,0.0,0.0,0.08886936,0.0,0.17226364,0.0,0.09069846,0.0,0.0,0.14007394,0.0,0.0,0.0,0.0,0.0,0.1549451,0.025675766,0.0,0.0,0.0,0.26539195,0.08849841,0.0,0.24655826,0.0,0.09467683,0.0,0.21708426,0.07385546
0.0,0.0,0.75280416,0.0,0.2069041,0.0,0.0,0.0,0.72308135,0.6041607,0.5485356,0.0,0.8381313,0.8397086,0.15960127,0.0,1.0141045,0.0,0.0,0.69888777,0.63376755,0.0,0.0,0.8431479,0.0,0.73921525,0.60166544,0.093638405,0.8028547,0.0,0.0,0.65449977
0.0,0.0,1.8204465,0.0,0.2883445,0.0,0.0,0.0,1.3484906,1.7782562,1.2303813,0.0,1.8063586,1.3853787,1.5616293,0.0,0.103399225,0.0,0.0,1.3528279,0.54271126,0.0,0.0,0.8366153,0.0,2.0127532,1.658485,1.4194314,1.4117697,0.0,0.0,1.9521337
0.0,0.0,1.0106169,0.0,0.7588236,0.0,0.0,0.0,1.0568185,0.7787677,1.0328896,0.0,1.1083375,1.2618777,0.7440849,0.0,1.421092,0.0,0.0,1.1264247,0.9110081,0.0,0.0,0.7221027,0.0,1.0900831,0.73896915,0.69737774,1.1296387,0.0,0.0,0.8714197
0.0,0.0,0.64974785,0.0,0.21612602,0.0,0.0,0.0,0.38569516,0.43211687,0.58750534,0.0,0.5142961,0.0,0.48594007,0.0,0.19427326,0.0,0.0,0.19889158,0.34253585,0.0,0.0,0.6098856,0.0,0.38395423,0.48270476,0.34508187,0.590771,0.0,0.0,0.36333752
0.279162,0.4458175,0.0,0.49755698,0.0,0.43005392,0.54135174,0.55944306,0.0,0.0,0.0,0.5215768,0.0,0.0,0.0,0.6166242,0.0,0.3476751,0.535686,0.0,0.0,0.37760797,0.3703806,0.0,0.6235687,0.0,0.0,0.0,0.0,0.47477987,0.34732753,0.0
1.3829603,1.5301709,0.0,1.3085268,0.0,1.4148942,1.4455696,1.4413635,0.0,0.0,0.0,1.4771166,0.0,0.0,0.0,1.2911165,0.0,1.6960739,1.5658596,0.0,0.0,1.4079413,1.2723252,0.0,1.4792125,0.0,0.0,0.0,0.0,1.2415911,1.4869696,0.0
0.0,0.0,1.0626122,0.0,1.0477027,0.0,0.0,0.0,1.160103,1.0347102,1.2571793,0.0,0.65353644,0.67741984,1.4518081,0.0,1.0358253,0.0,0.0,1.0018604,1.1721398,0.0,0.0,0.8942802,0.0,1.0510721,1.0549898,2.2135835,1.3659067,0.0,0.0,0.74872357
0.0,0.23639783,0.31761834,0.0,0.14945358,0.012553567,0.0,0.27698922,0.38537872,0.19769606,0.5673252,0.15788013,0.514133,0.1283702,0.5781268,0.0,0.12763275,0.0,0.217089,0.45937178,0.374163,0.0,0.2466837,0.21041271,0.0,0.25626916,0.35860735,0.50577784,0.5930027,0.044786084,0.0,0.16344981
0.0,0.0,0.7499113,0.0,0.43775666,0.0,0.0,0.0,0.6135556,0.51516527,0.72465456,0.0,0.6475515,0.084274635,0.60772496,0.0,0.30988652,0.0,0.0,0.329438,0.45265406,0.0,0.0,0.833968,0.0,0.5951859,0.75700366,0.39834976,0.8473477,0.0,0.0,0.5377551
0.78305125,0.8515605,0.0,0.7473482,0.0,0.77773815,0.3708021,0.696939,0.0,0.0,0.0,0.6894078,0.0,0.0,0.0,0.77322423,0.0,0.8014337,0.87647665,0.0,0.0,0.57405806,0.4842641,0.0,0.79688424,0.0,0.0,0.0,0.0,0.822484,0.7263963,0.0
0.0,0.0,1.014415,0.0,0.94059163,0.0,0.0,0.0,0.93824977,0.8362683,1.1028731,0.0,0.7645708,0.66713667,1.3819555,0.0,1.3307716,0.0,0.0,1.0104254,1.1550796,0.0,0.0,1.3478853,0.0,1.0009528,1.0215268,1.2539955,0.93697995,0.0,0.0,0.5698882
0.0,0.0,1.7224829,0.0,0.75450814,0.0,0.0,0.0,1.4395941,1.9453831,1.6481324,0.0,2.0630853,1.5578189,2.0411987,0.0,0.46880096,0.0,0.0,1.8545029,0.5622425,0.0,0.0,1.328484,0.0,1.6998671,1.6676407,1.8235172,1.7683221,0.0,0.0,2.2337632
0.0,0.0,0.099877365,0.0,0.0,0.0064035077,0.00201381,0.14538403,0.0,0.0,0.31064412,0.0,0.22858466,0.0,0.0,0.25146252,0.07136032,0.0,0.07891828,0.0,0.0,0.0,0.0,0.1725091,0.11382388,0.0,0.04200135,0.0,0.083765656,0.0,0.1115782,0.0
0.00083674816,0.0025541857,0.11058311,0.069281414,0.0,0.0,0.046725746,0.19886893,0.0,0.083241224,0.102959774,0.057735335,0.1548625,0.0,0.0,0.25744504,0.024556324,0.0,0.001600191,0.06638267,0.074826814,0.0,0.0,0.12707573,0.17818922,0.0,0.061315935,0.0,0.0018274188,0.0,0.039303042,0.044624567
0.5191734,0.6936937,0.0,0.78413814,0.0,0.64504087,0.76836514,0.7231467,0.0,0.0,0.0,0.8023369,0.0,0.0,0.0,0.7587503,0.0,0.51698077,0.84699154,0.0,0.0,0.6677604,0.6373246,0.0,0.9164593,0.0,0.0,0.0,0.0,0.78060627,0.6431553,0.0
0.7720576,0.8486064,0.0,1.0333164,0.0,0.82847166,0.96440315,0.83468103,0.0,0.0,0.0,1.0324044,0.0,0.0,0.0,0.9335221,0.0,0.7417378,1.0074333,0.0,0.0,0.82774496,0.80992067,0.0,1.1425428,0.0,0.0,0.0,0.0,0.9597145,0.8381275,0.0
0.0,0.11937525,0.2623491,0.035844196,0.22556773,0.0,0.4050597,0.0,0.37235743,0.17940298,1.0001705,0.34254372,0.19488673,0.32739982,0.5567467,0.0,0.1852723,0.0,0.5015159,0.6590719,0.31293532,0.32002157,0.0,0.38365725,0.0,0.6330101,0.0,0.2361792,0.84477335,0.18711354,0.1403163,0.10750259
0.0,0.02163063,0.41245374,0.046831764,0.08009549,0.0,0.0,0.0,0.17306978,0.16786315,0.30861104,0.0,0.3216933,0.026292652,0.37026155,0.1302518,0.25122052,0.0,0.0,0.29855025,0.27809682,0.0,0.0,0.2877472,0.0,0.23000062,0.2040146,0.27673262,0.24311763,0.0,0.0,0.07728839
0.90981585,0.91242814,0.0,1.1249125,0.0,0.8217863,1.1349807,1.0078223,0.0,0.0,0.0,1.1609535,0.0,0.0,0.0,1.0774194,0.0,0.7870869,1.0745895,0.0,0.0,0.9616356,0.93673265,0.0,1.2964653,0.0,0.0,0.0,0.0,1.1045709,0.8490154,0.0
1.3456669,1.6086222,0.0,1.3311981,0.0,1.5502967,1.4977204,1.2230343,0.0,0.0,0.0,1.4663857,0.0,0.0,0.0,1.3782045,0.0,1.5722227,1.4905195,0.0,0.0,1.4263966,1.3272159,0.0,1.6363026,0.0,0.0,0.0,0.0,1.48767,1.4381077,0.0
0.51364917,0.69325024,0.0,0.7488098,0.0,0.6222797,0.7975261,0.6645945,0.0,0.0,0.0,0.7910426,0.0,0.0,0.0,0.83228546,0.0,0.6022255,0.8200498,0.0,0.0,0.672888,0.76284266,0.0,0.8909045,0.0,0.0,0.0,0.0,0.7956631,0.5772028,0.0
0.06799935,0.70817256,0.0,0.72788393,0.0,0.35149547,0.9124042,0.0,0.0,0.0,0.19963026,0.6095243,0.0,0.0,0.001099199,0.44479388,0.0,0.058301862,0.7123989,0.18652451,0.0,0.7460458,0.3822548,0.0,0.4098155,0.0,0.0,0.0,0.11099771,0.8377407,0.34296367,0.0
1.268359,1.6691278,0.0,1.3530657,0.0,1.1209285,1.310636,1.2169117,0.0,0.0,0.0,1.5661924,0.0,0.0,0.0,1.4059454,0.0,1.472443,1.5400087,0.0,0.0,1.4094815,1.1951023,0.0,1.5759068,0.0,0.0,0.0,0.0,1.3416854,1.3283515,0.0
0.0,0.0,0.29359144,0.0,0.0,0.08457251,0.0,0.09914695,0.26636523,0.28190166,0.5386611,0.0,0.64956254,0.0,0.5263008,0.0,0.0,0.13559489,0.009656742,0.82574403,0.0,0.0,0.07728203,0.0,0.017673582,0.3357821,0.31308025,0.25314903,0.34889096,0.0,0.0,0.47358847
0.0,0.0,0.93876505,0.0,0.7242254,0.0,0.0,0.0,1.0057933,0.4527223,1.4132789,0.0,0.58418834,0.44134584,1.0183189,0.0,0.85449183,0.0,0.0,0.8431732,0.62969965,0.0,0.0,0.98073393,0.0,1.0088177,0.68035066,0.98089796,1.3665528,0.0,0.0,0.26833624
0.0,0.0,0.7808994,0.0,0.46705788,0.0,0.0,0.0,0.699478,0.6940132,0.6383721,0.0,0.56494266,0.6203093,0.7001771,0.0,0.7975697,0.0,0.0,0.71853626,0.713023,0.0,0.0,0.7884322,0.0,0.62896657,0.63541085,0.61758333,0.6597063,0.0,0.0,0.45871186
1.232862,1.4630984,0.0,1.2555642,0.0,1.0861778,1.2672712,1.2232764,0.0,0.0,0.0,1.403815,0.0,0.0,0.0,1.3333822,0.0,1.3360237,1.3787168,0.0,0.0,1.1695789,1.3134978,0.0,1.443028,0.0,0.0,0.0,0.0,1.3351973,1.3535043,0.0
0.8202654,1.424951,0.0,1.0504668,0.0,0.44917533,1.3208754,0.0,0.0,0.0,0.0,1.1575435,0.0,0.0,0.0,1.2202739,0.0,0.72448117,1.3438722,0.0,0.0,1.4542625,0.8203912,0.0,0.8687798,0.0,0.0,0.0,0.0,1.3524067,1.0902548,0.0
0.0,0.0,1.0767709,0.0,0.55726004,0.0,0.0,0.0,1.1477531,0.92323846,1.21905,0.0,0.5373912,0.6158426,1.6205109,0.0,0.9223742,0.0,0.0,1.1278828,1.0649052,0.0,0.0,1.2711469,0.0,0.774907,1.1809934,1.8558985,1.4115046,0.0,0.0,0.6907602
0.0,0.0,0.36105573,0.0,0.0,0.0,0.0,0.14415957,0.15002707,0.11739357,0.32360497,0.0,0.23828872,0.0,0.18707573,0.0,0.1312448,0.0,0.0,0.097842045,0.20877367,0.0,0.0,0.38906336,0.0,0.0,0.45710367,0.3416692,0.30389762,0.0,0.0,0.15913504
0.0,0.0,0.33588114,0.0,0.0016587004,0.0,0.0,0.0059275497,0.22578059,0.22349918,0.2774868,0.0,0.38060343,0.30279478,0.23363616,0.0,0.5100225,0.0,0.0,0.33732945,0.2871672,0.0,0.0,0.36084974,0.0,0.22608006,0.28542534,0.23222443,0.2422401,0.0,0.0,0.21981466
0.20591724,0.065763965,0.14431639,0.106973335,0.0,0.013422951,0.06254645,0.4067597,0.0,0.0,0.13391826,0.056456976,0.0,0.0,0.0,0.19401963,0.0,0.0,0.040914975,0.0,0.0,0.0,0.0,0.12468462,0.1111236,0.0,0.09367327,0.07393308,0.10466376,0.0,0.0,0.0
0.7818376,0.99743557,0.0,0.8597728,0.0,0.4649464,0.7770532,0.88583726,0.0,0.0,0.0,0.6992397,0.0,0.0,0.0,1.1330895,0.0,0.82522166,0.77239174,0.0,0.0,0.49463668,0.65242434,0.0,0.8320445,0.0,0.0,0.0,0.0,0.78814864,0.6067574,0.0
0.5727465,0.65632254,0.0,0.7144478,0.0,0.6112136,0.8161023,0.77570635,0.0,0.0,0.0,0.8225022,0.0,0.0,0.0,0.8429045,0.0,0.5503582,0.8312612,0.0,0.0,0.58308613,0.65552306,0.0,0.9109,0.0,0.0,0.0,0.0,0.8022995,0.60317844,0.0
0.0,0.0,0.55540335,0.0,0.16175148,0.0,0.0,0.0,0.27861977,0.35130426,0.4305462,0.0,0.36783683,0.0,0.4620358,0.0030635148,0.048729993,0.0,0.0,0.18940736,0.34149793,0.0,0.0,0.4633307,0.0,0.29082185,0.30958796,0.23062444,0.40166432,0.0,0.0,0.30553687
0.7152583,0.74112225,0.0,0.8449033,0.0,0.7960201,0.9230928,0.84373516,0.0,0.0,0.0,0.93837655,0.0,0.0,0.0,0.9184708,0.0,0.67650026,0.9348281,0.0,0.0,0.69531757,0.782971,0.0,1.0206814,0.0,0.0,0.0,0.0,0.9023634,0.7743918,0.0
0.0,0.0,0.8388157,0.0,0.68818724,0.0,0.0,0.0,0.66674626,0.70547354,0.6986362,0.0,0.4072349,0.3680784,1.1346327,0.0,0.5706327,0.0,0.0,0.5752179,1.0073336,0.0,0.0,1.1059917,0.0,0.58511,0.90950865,1.1263493,0.675638,0.0,0.0,0.38333642
0.0,0.0,0.22988807,0.0,0.0,0.0,0.0,0.0,0.1195479,0.1073351,0.59003776,0.0,0.26952767,0.0,0.22959815,0.13847882,0.30987298,0.0,0.0,0.20986667,0.2670929,0.0,0.0,0.6359691,0.0,0.38660282,0.26110342,0.22507212,0.40106195,0.0,0.0591623,0.11701937
1.4792696,1.6926115,0.0,1.507015,0.0,1.4561718,1.545689,1.3536959,0.0,0.0,0.0,1.5145283,0.0,0.0,0.0,1.4551184,0.0,1.4940183,1.5522088,0.0,0.0,1.4125327,1.2216555,0.0,1.6670067,0.0,0.0,0.0,0.0,1.4828277,1.4468567,0.0
0.0,0.0,1.4595641,0.0,0.43476552,0.0,0.0,0.0,1.1741956,1.2641628,1.1733739,0.0,1.5121714,0.8476817,1.5518932,0.0,0.2406075,0.0,0.0,1.2149558,0.5739939,0.0,0.0,0.6909293,0.0,1.4798119,1.2524238,1.5501134,1.3550197,0.0,0.0,1.4281951
0.0,0.0,0.5767393,0.070934415,0.14009388,0.0,0.14795119,0.0,0.86314386,0.5041731,1.1575603,0.0,0.56323487,0.425164,0.89355206,0.15545556,0.55171585,0.0,0.0,0.99107933,0.44660166,0.0,0.0,0.849465,0.0,0.79357743,0.6108629,0.7433252,1.0422486,0.0519474,0.0,0.31127512
0.0,0.0,1.8410033,0.0,0.25649387,0.0,0.0,0.0,1.1759362,1.6700748,1.1789242,0.0,1.7777264,1.3634181,1.2739433,0.0,0.112978846,0.0,0.0,1.2392325,0.45361352,0.0,0.0,0.47781196,0.0,2.0784824,1.4005777,1.0807136,1.3819231,0.0,0.0,1.7902445
0.0,0.0,1.1333028,0.0,0.4052059,0.0,0.0,0.0,0.8250156,0.55337596,1.0539205,0.0,0.67114717,0.47604415,1.0556283,0.0,0.68786705,0.0,0.0,0.51775324,0.70431876,0.0,0.0,0.736419,0.0,0.88545513,0.6093974,1.1830558,1.0338242,0.0,0.0,0.42499334
0.0,0.0,1.0883983,0.0,0.8451491,0.0,0.0,0.0,1.1118629,0.9445066,0.9940683,0.0,1.0049244,0.87813276,0.61444026,0.0,1.0866008,0.0,0.0,0.7689663,0.928498,0.0,0.0,1.324393,0.0,1.1641836,0.84392554,0.52744687,1.2623527,0.0,0.0,0.97547066
0.14479166,0.21724828,0.15958348,0.061707996,0.063388295,0.034787517,0.0,0.32698733,0.07539197,0.05405274,0.32180125,0.14870709,0.10424247,0.039067015,0.3847031,0.081400536,0.27327695,0.0,0.15183818,0.216066,0.41016725,0.0,0.1279648,0.16988659,0.0989826,0.0,0.117381014,0.27953783,0.20595428,0.028659001,0.006037604,0.0
0.0,0.0,0.41390964,0.17084175,0.0,0.0,0.10698039,0.12680884,0.31282315,0.11024597,0.3953877,0.053098377,0.3046931,0.2580429,0.28295016,0.16128045,0.5493476,0.0,0.0,0.46858943,0.33163148,0.0,0.0,0.28442067,0.0,0.27850717,0.38029283,0.358894,0.4407903,0.16109693,0.0,0.07464295
0.3871336,0.50763404,0.0,0.63645387,0.0,0.47986707,0.7060617,0.6852798,0.0,0.0,0.0,0.7581602,0.0,0.0,0.0,0.6892192,0.0,0.3268768,0.5893817,0.0,0.0,0.39272264,0.46931407,0.0,0.6516057,0.0,0.0,0.0,0.0,0.70649636,0.36204425,0.0
0.86574435,0.7706244,0.0,0.75222784,0.0,0.94870955,1.1541001,1.0713109,0.0,0.0,0.0,1.1040745,0.0,0.0,0.0,1.1141646,0.0,1.2217786,1.0038168,0.0,0.0,1.0334523,0.8279946,0.0,1.0774535,0.0,0.0,0.0,0.0,0.9086927,0.84137696,0.0
0.3172832,0.83567464,0.0,0.87938166,0.0,0.14303984,1.2554306,0.0,0.0,0.0,0.07259628,0.85778445,0.0,0.0,0.0,0.86201274,0.0,0.113047585,0.83700424,0.0,0.0,0.9771088,0.4559324,0.0,0.62550694,0.0,0.0,0.0,0.06812359,1.058335,0.44774204,0.0
1.3958431,1.5353669,0.0,1.4270844,0.0,1.1333581,1.3213024,1.450262,0.0,0.0,0.0,1.3695611,0.0,0.0,0.0,1.5260308,0.0,1.3994001,1.5996525,0.0,0.0,1.2494124,1.3062583,0.0,1.5136904,0.0,0.0,0.0,0.0,1.4556345,1.3884871,0.0
0.0,0.0,1.474381,0.0,0.21070214,0.0,0.0,0.0,0.987846,1.0856094,1.3326178,0.0,1.1115305,0.8112193,1.2493926,0.0,0.21327367,0.0,0.0,1.1338454,0.28614175,0.0,0.0,0.64355767,0.0,1.6625549,0.48957938,0.77050316,1.3403511,0.0,0.0,0.8080802
0.0,0.0,1.0967634,0.0,0.0,0.0,0.0,0.0,0.8644819,0.7474288,1.141927,0.0,0.7050588,0.7774166,0.90794957,0.0,0.4698256,0.0,0.0,1.0149239,0.14304641,0.0,0.0,0.37262344,0.0,1.1340318,0.269185,0.6207198,1.2251033,0.0,0.0,0.424779
1.2225524,1.5593208,0.0,1.3453816,0.0,1.2027385,1.3487561,1.144908,0.0,0.0,0.0,1.4613131,0.0,0.0,0.0,1.4338025,0.0,1.6626936,1.3973416,0.0,0.0,1.4555526,1.3482497,0.0,1.6802386,0.0,0.0,0.0,0.0,1.3186989,1.363564,0.0
0.4978941,0.8288873,0.0,0.9372548,0.0,0.67522824,0.9350733,0.0,0.0,0.0,0.0,0.7076786,0.0,0.0,0.0,0.5573039,0.0,0.20665446,0.8443272,0.0,0.0,0.966492,0.7639042,0.0,0.65369254,0.0,0.0,0.0,0.0,1.0101656,0.667097,0.0
1.0509151,1.7552614,0.0,1.4041348,0.0,0.710784,1.7078992,0.0,0.0,0.0,0.0,1.5204695,0.0,0.0,0.0,1.4543471,0.0,1.1611344,1.6247003,0.0,0.0,1.6596816,0.9845718,0.0,1.2511122,0.0,0.0,0.0,0.0,1.4660211,1.3706394,0.0
0.0,0.054862402,0.48899838,0.0,0.2397716,0.0,0.0,0.0,0.2747832,0.24860471,0.39060047,0.0,0.3466612,0.0,0.54856104,0.0,0.0,0.0,0.0,0.2442218,0.4100684,0.0,0.0,0.48234606,0.0,0.25913078,0.3511694,0.36631012,0.3619617,0.0,0.0,0.25922516
0.0,0.0,0.7294948,0.0,0.40848237,0.0,0.0,0.20561196,1.1574275,0.89271164,1.0442022,0.0,1.1166064,0.55924064,0.9890036,0.0,0.30332386,0.0,0.0,1.2586678,0.14530219,0.0,0.0,0.35304913,0.0,0.63893867,0.997559,1.3495165,0.8923104,0.0,0.0,0.9728639
0.0,0.0,1.0543346,0.0,1.3253416,0.0,0.0,0.0,1.4281241,1.2555729,1.6676395,0.0,1.1132365,1.5204326,1.1610336,0.0,0.9477957,0.0,0.0,1.6765227,1.1847156,0.0,0.0,1.3564937,0.0,1.4912531,0.63884366,0.91365856,1.7640266,0.0,0.0,1.0141447
0.0,0.0,0.63328934,0.23382577,0.17320597,0.0,0.29920334,0.0,0.93143356,0.5299485,1.292709,0.0,0.47408068,0.51796204,0.95708203,0.15912625,0.4517128,0.0,0.0,1.1026158,0.41425213,0.0,0.0,0.8676534,0.0,0.84561276,0.52941567,0.6996917,1.1776,0.10011442,0.0,0.29214448
0.0,0.0,0.83994293,0.0,0.31149286,0.0,0.0,0.0,0.72865635,0.6910315,0.5660887,0.0,0.8303984,0.48219293,0.43821907,0.0,0.60651565,0.0,0.0,0.69119257,0.53909427,0.0,0.0,1.0252324,0.0,0.65358114,0.6705902,0.49301744,0.7445665,0.0,0.0,0.55017334
0.5088435,0.81590486,0.0,0.9254811,0.0,0.8206132,0.8493098,0.66433966,0.0,0.0,0.0,0.8966083,0.0,0.0,0.0,0.7827969,0.0,0.72523814,0.85044706,0.0,0.0,0.8209213,0.65708363,0.0,0.95645154,0.0,0.0,0.0,0.0,0.7998359,0.6131002,0.0
0.0,0.0,1.5872087,0.0,0.4313684,0.0,0.0,0.0,1.1653341,1.4797046,1.0927523,0.0,1.6169578,1.039295,1.5161893,0.0,0.06892349,0.0,0.0,1.2609549,0.5589751,0.0,0.0,0.6880995,0.0,1.697447,1.4235052,1.4652741,1.3997936,0.0,0.0,1.6741236
1.7646129,1.7198423,0.0,1.0312991,0.0,0.43135205,1.1901752,0.0,0.0,0.0,0.0,0.929265,0.0,0.0,0.0,0.7711532,0.89741933,1.1234659,0.8869564,0.0,0.34053868,1.7815598,0.9427686,0.0,0.57113016,0.0,0.0,0.0,0.0,1.3718293,0.66480297,0.0
0.0,0.0,0.6482245,0.0,0.0,0.0,0.0,0.0,0.54713255,0.6081951,0.4940626,0.0,0.75636274,0.3446588,0.20296504,0.0,0.11638918,0.0,0.0,0.7088176,0.27227286,0.0,0.0,0.79442763,0.0,0.25466156,0.6810586,0.3958367,0.4758551,0.0,0.0,0.7026917
0.0,0.0,0.9995009,0.0,1.0631981,0.0,0.0,0.0,1.4616734,1.005976,1.515893,0.0,1.033402,1.3012352,1.0262718,0.0,0.88007605,0.0,0.0,1.2995632,1.0274489,0.0,0.0,1.1563574,0.0,1.360916,0.83358353,0.9991942,1.6668154,0.0,0.0,0.92767715
0.42474377,0.5107679,0.0,0.59910566,0.0,0.6438892,0.65055686,0.5198309,0.0,0.0,0.0,0.57820994,0.0,0.0,0.0,0.553768,0.0,0.48485214,0.6088963,0.0,0.0,0.46239078,0.5517782,0.0,0.62085897,0.0,0.0,0.0,0.0,0.6466552,0.4823157,0.0
0.0,0.0,0.1513604,0.0,0.0,0.007833235,0.04444117,0.0,0.11763975,0.22636968,0.010025203,0.0,0.25154358,0.2876722,0.0,0.07877742,0.06798932,0.0,0.35045555,0.16498783,0.052361716,0.08126606,0.0,0.19218875,0.0,0.09967992,0.14100623,0.0,0.2598409,0.037214078,0.0,0.0
0.0,0.0,1.3297404,0.0,0.6661207,0.0,0.0,0.0,1.3723618,1.117789,1.6156931,0.0,0.7889843,1.4054123,1.0941018,0.0,0.8663235,0.0,0.0,1.1839741,0.97065324,0.0,0.0,1.2924536,0.0,1.480762,0.5937255,0.74992615,1.758408,0.0,0.0,1.0563815
1.2183808,1.5807278,0.0,1.3494767,0.0,1.2579598,1.3849552,1.1718072,0.0,0.0,0.0,1.4958932,0.0,0.0,0.0,1.4665723,0.0,1.7138811,1.431401,0.0,0.0,1.5194066,1.3562891,0.0,1.7239585,0.0,0.0,0.0,0.0,1.328345,1.3545972,0.0
1.3971871,1.8353494,0.0,1.6329857,0.0,0.79238755,1.8441427,0.060345165,0.0,0.0,0.0,1.6457938,0.0,0.0,0.0,1.5907705,0.0,1.2723237,1.7870594,0.0,0.0,1.747812,0.9156045,0.0,1.4631468,0.0,0.0,0.0,0.0,1.5478085,1.4668773,0.0
0.0,0.0,0.9644165,0.0,0.49618268,0.0,0.0,0.0,0.7410981,0.68168396,0.8234208,0.0,0.80154836,0.40756068,0.61177826,0.0,0.9333214,0.0,0.0,0.486744,0.6215104,0.0,0.0,0.9317568,0.0,0.88814306,0.71983796,0.57312346,0.9266632,0.0,0.0,0.65025043
1.1180385,1.1442252,0.0,0.85945463,0.0,0.85510635,0.9697056,1.2547157,0.0,0.0,0.0,1.2364218,0.0,0.0,0.0,1.1653697,0.0,1.1675591,1.1704516,0.0,0.0,0.8016975,0.9324913,0.0,0.97332835,0.0,0.0,0.0,0.0,0.9417516,1.121703,0.0
0.6944134,1.1566933,0.0,0.7633942,0.0,0.83704704,0.9033997,0.87704337,0.0,0.0,0.0,1.060607,0.0,0.0,0.0,1.087599,0.0,1.2504376,0.95511115,0.0,0.0,1.1834452,1.2012663,0.0,1.1982806,0.0,0.0,0.0,0.0,1.2073903,0.8896187,0.0
1.4364275,1.6717974,0.0,1.4973614,0.0,1.0682917,1.5020514,1.3152518,0.0,0.0,0.0,1.5270036,0.0,0.0,0.0,1.7561609,0.0,1.4349827,1.5553255,0.0,0.0,1.3491255,1.3608464,0.0,1.7114649,0.0,0.0,0.0,0.0,1.500053,1.4860524,0.0
1.3087038,1.6165029,0.0,1.3890474,0.0,1.1602973,1.3933774,1.207323,0.0,0.0,0.0,1.440665,0.0,0.0,0.0,1.5851207,0.0,1.5435969,1.5202692,0.0,0.0,1.3896248,1.3180326,0.0,1.6792258,0.0,0.0,0.0,0.0,1.4088109,1.3659565,0.0
0.0,0.0,0.52104664,0.0,0.19492598,0.0,0.055185027,0.0,0.54998016,0.67953086,0.87403005,0.0,0.58293146,0.524487,0.53458744,0.086316176,0.517843,0.0,0.06624925,0.86989844,0.60631233,0.0,0.0,0.9003103,0.0,0.6670624,0.28139782,0.5193995,0.6128068,0.0,0.0,0.27497393
0.0,0.0,0.58845556,0.0,0.093088254,0.0,0.0,0.016666565,0.4171934,0.34073657,0.5499301,0.0,0.30985224,0.0,0.47669002,0.0,0.25162706,0.0,0.0,0.21849927,0.43778458,0.0,0.0,0.6172785,0.0,0.22646008,0.626199,0.5136018,0.56394666,0.0,0.0,0.23851617
0.0,0.0,0.87007105,0.0,0.7258707,0.0,0.0,0.0,0.8551714,0.6554678,0.9783909,0.0,0.88757354,0.48020595,0.69890463,0.0,0.89061105,0.0,0.0,0.7561501,0.7565319,0.0,0.0,1.0040264,0.0,0.8061943,0.6702426,0.78376865,0.9796889,0.0,0.0,0.5652196
0.0,0.0,0.5315982,0.0,0.17466727,0.0,0.0,0.0,0.510142,0.43988222,0.5169968,0.0,0.5152152,0.31651917,0.39739478,0.0,0.62804765,0.0,0.0,0.45034578,0.38682973,0.0,0.0,0.594306,0.0,0.4411304,0.39461833,0.48272574,0.5737464,0.0,0.0,0.2848853
0.0,0.0,1.2649049,0.0,1.4898782,0.0,0.0,0.0,1.3446183,1.2840977,1.1248915,0.0,0.7289779,0.0,1.2043662,0.0,0.030883782,0.0,0.0,0.5262534,0.76515174,0.0,0.0,1.7265942,0.0,1.2140732,1.2216934,1.4643483,1.447771,0.0,0.0,0.7089794
0.0,0.0,1.1062827,0.0,0.02236037,0.0,0.0,0.0,0.6770403,0.6890852,0.82287484,0.0,0.6380735,0.5479862,0.72227454,0.0,0.21880986,0.0,0.0,0.7764237,0.23039016,0.0,0.0,0.23755464,0.0,1.0699823,0.41888,0.74419993,1.1317956,0.0,0.0,0.49251908
0.0,0.18203539,0.08637254,0.08326245,0.0,0.0,0.35816908,0.0,0.0,0.0,0.30755952,0.098561,0.018341132,0.0,0.0,0.4078471,0.0,0.0,0.24621111,0.06221256,0.030206725,0.0,0.0,0.3917044,0.04064393,0.0,0.14912888,0.051945724,0.16601586,0.15626049,0.14560531,0.0
0.0,0.0,1.4144921,0.0,1.195497,0.0,0.0,0.0,1.567941,1.4717964,1.2481765,0.0,1.6787404,1.878021,0.85949427,0.0,1.5150174,0.0,0.0,1.6254432,1.3287355,0.0,0.0,1.3661783,0.0,1.6192715,1.1861393,0.88527614,1.5827423,0.0,0.0,1.643617
0.0,0.0,0.84200287,0.0,0.6277222,0.0,0.0,0.0,0.58068496,0.5153985,0.77080065,0.0,0.60918564,0.28528592,0.73992306,0.0,0.6429457,0.0,0.0,0.45722672,0.7024558,0.0,0.0,0.85249954,0.0,0.67570597,0.65891266,0.72400916,0.686701,0.0,0.0,0.47206956
0.2777468,0.1650672,0.0,0.2761785,0.0,0.31270203,0.23695132,0.5015937,0.0,0.0,0.0,0.32072335,0.0,0.0,0.0,0.3064665,0.0,0.08811349,0.28144878,0.0,0.0,0.08749046,0.057391386,0.0,0.2918617,0.0,0.0,0.0,0.0,0.11098762,0.17393723,0.0
0.0,0.0,0.6028755,0.0,0.1783637,0.0,0.0,0.0,0.44010633,0.42639956,0.35018137,0.0,0.43322122,0.0,0.5241096,0.0,0.0,0.0,0.0,0.33475998,0.24108654,0.0,0.0,0.6298693,0.0,0.30262035,0.51155347,0.5669928,0.55047816,0.0,0.0,0.10151947
0.6778435,0.930293,0.0,0.89235765,0.0,0.9719217,0.75533044,1.0916163,0.0,0.0,0.0,0.8516335,0.0,0.0,0.0,0.5545803,0.0,1.0659138,0.9772794,0.0,0.0,0.74101675,0.81109786,0.0,0.93111736,0.0,0.0,0.0,0.0,0.8098206,0.7521552,0.0
0.44131267,0.6767465,0.0,0.3857382,0.0,0.7790865,0.6205607,0.78872323,0.0,0.0,0.0,0.52310526,0.0,0.0,0.0,0.4954474,0.0,0.82380193,0.6907337,0.0,0.0,0.36725307,0.85606265,0.0,0.8261928,0.0,0.0,0.0,0.0,0.76787806,0.7564993,0.0
0.28077036,0.28840545,0.0,0.35520542,0.0,0.3944882,0.32717928,0.5009103,0.0,0.0,0.0,0.30304438,0.0,0.0,0.0,0.3961488,0.0,0.23708403,0.5270279,0.0,0.0,0.18804464,0.21198836,0.0,0.3532654,0.0,0.0,0.0,0.0,0.3111516,0.35889667,0.0
0.0,0.0,1.0360278,0.0,0.108994946,0.0,0.0,0.0,1.1420763,1.1335301,0.9657716,0.0,1.3930857,0.94147414,0.46581244,0.0,0.8713597,0.0,0.0,1.407423,0.44699723,0.0,0.0,0.8909142,0.0,1.0187211,0.9748109,0.62144244,0.8861572,0.0,0.0,1.1534101
0.0,0.0,1.0263095,0.0,0.59856933,0.0,0.0,0.0,0.9962447,0.9817848,1.3711205,0.0,1.156542,0.35393557,1.3052365,0.0,0.7674817,0.0,0.0,0.57163024,1.2467076,0.0,0.0,1.2258698,0.0,0.9705027,1.325066,1.9357291,1.139148,0.0,0.0,1.3173242
0.04408412,0.032198705,0.08700205,0.15376921,0.0,0.0,0.0789267,0.30987972,0.0,0.0,0.0658804,0.05204925,0.0,0.0,0.008947447,0.33986837,0.0,0.0,0.06861685,0.0,0.059868734,0.0,0.0,0.1069727,0.1868372,0.0,0.05825218,0.026844934,0.0,0.0,0.0,0.0
0.32055998,0.42420426,0.0,0.6080484,0.0,0.22921099,0.686262,0.6131117,0.0,0.0,0.0,0.60843307,0.0,0.0,0.0,0.6097654,0.0,0.12144886,0.32308635,0.0,0.0,0.23584454,0.38820907,0.0,0.63631684,0.0,0.0,0.0,0.0,0.6774154,0.09691524,0.0
1.2144333,1.424974,0.0,1.332836,0.0,1.3620414,1.7579477,0.28663993,0.0,0.0,0.0,1.7284359,0.0,0.0,0.0,1.0120951,0.0,1.6309044,1.556482,0.0,0.0,1.8381952,1.4151956,0.0,1.1915475,0.0,0.0,0.0,0.0,1.5859644,1.4813776,0.0
0.0,0.0,0.5017563,0.0,0.60742265,0.0,0.0,0.0,0.7754172,0.5363122,1.2997357,0.0,0.80345345,0.6363026,1.0452522,0.0,0.62233996,0.0,0.15783943,1.2129241,0.8621622,0.0,0.0,1.1853929,0.0,0.7896935,0.428891,1.1542019,1.0314085,0.0,0.0,0.61597544
0.9147577,1.1577334,0.0,1.0835465,0.0,0.72414,1.4027714,0.0,0.0,0.0,0.0,1.3381808,0.0,0.03488953,0.0,1.1185104,0.0,0.51902974,1.0414023,0.0,0.0,1.2239962,0.6644318,0.0,0.9735154,0.0,0.0,0.0,0.0,1.3290076,1.0190295,0.0
1.3127459,1.6074135,0.0,1.3373262,0.0,1.0350767,1.2415781,1.3005624,0.0,0.0,0.0,1.3777134,0.0,0.0,0.0,1.4302909,0.0,1.3378624,1.4294012,0.0,0.0,1.2197663,1.0650308,0.0,1.5122906,0.0,0.0,0.0,0.0,1.3233476,1.133032,0.0
0.0,0.0,0.87229097,0.0,0.4527381,0.0,0.0,0.0,0.77039254,0.71194464,0.69718754,0.0,0.7314761,0.43598047,0.41059458,0.0,0.8687831,0.0,0.0,0.48873398,0.66816485,0.0,0.0,1.0923738,0.0,0.8207806,0.58983207,0.3160868,0.8865351,0.0,0.0,0.61348325
0.0,0.0,0.23633641,0.0,0.0,0.0,0.0,0.14338596,0.0,0.0,0.2701376,0.0,0.23782365,0.0,0.04086439,0.05629386,0.0,0.0,0.0,0.016254105,0.17447227,0.0,0.0,0.27999008,0.0,0.0,0.29469746,0.043178298,0.13050531,0.0,0.0,0.16297856
0.0,0.0,1.2685525,0.0,0.80098337,0.0,0.0,0.0,1.3439301,1.23794,0.9652078,0.0,1.2883565,1.3908882,0.68218654,0.0,1.096107,0.0,0.0,1.2123692,1.1474302,0.0,0.0,1.4743233,0.0,1.2727396,1.0186952,0.5691005,1.2824332,0.0,0.0,1.5091238
1.1190234,1.0881845,0.0,1.3116425,0.0,1.0911729,1.2139732,1.0365506,0.0,0.0,0.0,1.286897,0.0,0.0,0.0,1.1075157,0.0,1.0152313,1.2561157,0.0,0.0,1.1946458,1.004228,0.0,1.4734248,0.0,0.0,0.0,0.0,1.1702336,0.98436826,0.0
0.0853775,0.17540371,0.1454184,0.33471906,0.0,0.0,0.43248886,0.0,0.025933359,0.0,0.59433097,0.27714255,0.0,0.052240577,0.0955579,0.3834322,0.18269473,0.0,0.27989727,0.2086614,0.11193249,0.40221542,0.0,0.17460878,0.17241624,0.27135867,0.0,0.0,0.37629455,0.18305396,0.19440043,0.0
0.5337858,0.7836099,0.0,0.8859494,0.0,0.92270553,0.8942951,0.6996242,0.0,0.0,0.0,0.8481572,0.0,0.0,0.0,0.66476595,0.0,0.5427318,0.79710966,0.0,0.0,0.8505495,0.69026124,0.0,0.84081084,0.0,0.0,0.0,0.0,0.9949052,0.4118198,0.0
0.0,0.0,1.8800824,0.0,0.29259378,0.0,0.0,0.0,1.0983196,1.732729,1.0273929,0.0,1.6546247,1.5189849,0.9329599,0.0,0.01847779,0.0,0.0,1.209941,0.18939087,0.0,0.0,0.039633743,0.0,2.2650535,1.1967243,0.60511065,1.4699421,0.0,0.0,1.546513
0.0,0.0,1.4878843,0.0,0.02517771,0.0,0.0,0.0,1.1106255,1.1222428,1.3340099,0.0,1.2349514,0.7944007,1.4332762,0.0,0.4382814,0.0,0.0,1.318085,0.40310407,0.0,0.0,0.96056294,0.0,1.4464018,0.7113219,1.2679416,1.3998338,0.0,0.0,1.0641568
0.39746827,0.5858715,0.0,0.68120843,0.0,0.3841398,0.7395368,0.6431475,0.0,0.0,0.0,0.67565256,0.0,0.0,0.0,0.5982378,0.0,0.2889168,0.55646384,0.0,0.0,0.43400055,0.6029339,0.0,0.6424762,0.0,0.0,0.0,0.0,0.7653792,0.28006116,0.0
0.0,0.0,1.0781311,0.0,0.6224125,0.0,0.0,0.0,1.1453384,0.93088466,0.9286732,0.0,1.071166,1.241571,0.5391325,0.0,1.2072045,0.0,0.0,1.0102143,0.98769474,0.0,0.0,1.1766253,0.0,1.0764072,0.82357895,0.53216034,1.2005574,0.0,0.0,1.0690863
0.516047,1.1120406,0.0,0.8447538,0.0,0.7802794,0.733726,0.6883462,0.0,0.0,0.0,0.6259535,0.0,0.0,0.0,0.9843938,0.0,0.9138361,0.5988548,0.0,0.0,0.72481024,1.3379338,0.0,1.0809147,0.0,0.0,0.0,0.0,1.2027159,0.600566,0.0
0.72663486,0.8998221,0.0,0.95560336,0.0,0.81999546,0.99494016,0.85617644,0.0,0.0,0.0,0.99522185,0.0,0.0,0.0,0.8366336,0.0,0.6443263,1.0026227,0.0,0.0,0.8495967,0.681046,0.0,0.95572007,0.0,0.0,0.0,0.0,0.9076124,0.627583,0.0
0.0,0.0,1.0218153,0.0,0.98702765,0.0,0.0,0.0,1.0336235,1.0003779,1.0789688,0.0,0.82910025,0.8519673,1.1752021,0.0,1.1010578,0.0,0.0,1.097758,1.2417864,0.0,0.0,1.0774899,0.0,0.76063716,0.9338177,0.9991667,1.027922,0.0,0.0,0.71942514
0.0,0.0,1.3426002,0.0,0.13942942,0.0,0.0,0.0,1.1451076,0.8649491,1.3207753,0.0,0.8579641,0.87886566,1.3378627,0.0,0.683401,0.0,0.0,1.0538927,0.556293,0.0,0.0,1.2465616,0.0,1.0209862,0.78569907,1.223647,1.4083985,0.0,0.0,0.8222546
0.11772279,0.03392057,0.05206342,0.13516384,0.0,0.03435418,0.030305423,0.22100902,0.0,0.06043964,0.06294815,0.06300762,0.07980579,0.0,0.0,0.2543941,0.014735512,0.0,0.070359975,0.0,0.011579819,0.0,0.0,0.065804034,0.18661521,0.0,0.0,0.0,0.020852305,0.0,0.091884784,0.0
0.36301953,0.39021817,0.0,0.4357585,0.0,0.7885863,0.59180474,0.51635754,0.0,0.0,0.0,0.5003418,0.0,0.0,0.0,0.3965295,0.0,0.4250972,0.5932739,0.0,0.0,0.56497425,0.68943334,0.0,0.50771797,0.0,0.0,0.0,0.0,0.74263537,0.31229722,0.0
0.26154006,0.11711057,0.008348279,0.15309158,0.0,0.2184295,0.15587094,0.43830806,0.0,0.0,0.049702402,0.35582572,0.0,0.005655445,0.27973926,0.21079168,0.15397689,0.23331942,0.32019037,0.044635758,0.27879232,0.089531586,0.21951224,0.034603648,0.23405811,0.0,0.0599999,0.2814454,0.0,0.21479353,0.17801772,0.0
0.20733716,0.47593936,0.0,0.48049197,0.0,0.3421868,0.5747722,0.67682076,0.0,0.0,0.0,0.78685194,0.0,0.0,0.0,0.5554134,0.0,0.1593954,0.5574264,0.0,0.0,0.39088827,0.43527737,0.0,0.42209792,0.0,0.0,0.0,0.0,0.56852955,0.2816225,0.0
0.0,0.0,1.0922406,0.0,0.94293875,0.0,0.0,0.0,1.2437884,1.0763382,1.0172228,0.0,1.2160542,1.3354167,0.6984514,0.0,1.0395254,0.0,0.0,1.2148107,1.0780768,0.0,0.0,1.0324243,0.0,1.1969994,0.8848521,0.69286925,1.3849702,0.0,0.0,1.2040255
0.011060525,0.0,0.08173595,0.07876232,0.0,0.057636745,0.0011736304,0.0,0.004020497,0.07667565,0.15259784,0.007417023,0.34642893,0.3953833,0.0,0.053825706,0.5468497,0.0,0.06777233,0.11760521,0.09937204,0.099220045,0.0,0.1155719,0.055000238,0.093402326,0.048356924,0.0,0.11985685,0.0,0.17597707,0.17241473
0.08129141,0.0,0.69789445,0.0,0.7939333,0.0,0.0,0.08084205,0.32009095,0.0,0.6151364,0.0,0.24682988,0.0,1.0159816,0.0,0.983717,0.0,0.0,0.0,1.4444476,0.0,0.0,1.1458511,0.0,0.4529298,0.91295254,0.27242744,0.5505964,0.0,0.0,0.0
0.0,0.0,0.53089,0.0,0.0,0.0,0.0,0.0,0.45511395,0.40188795,0.44870242,0.0,0.6165448,0.24509627,0.15856512,0.0,0.15983683,0.0,0.0,0.47512132,0.26361972,0.0,0.0,0.76001656,0.0,0.13666373,0.64230335,0.32845822,0.47876924,0.0,0.009646997,0.557233
0.57053936,0.76450956,0.0,0.74721587,0.0,0.36785486,0.8380847,0.5230565,0.0,0.0,0.0,0.67751205,0.0,0.05885152,0.0,0.71625614,0.0,0.44860035,0.757489,0.0,0.0,0.5540365,0.6019895,0.0,0.81967914,0.0,0.0,0.0,0.0,0.8060792,0.6777139,0.0
1.1964927,1.0350825,0.0,0.98662066,0.0,1.5324827,1.2421824,1.4440817,0.0,0.0,0.0,1.4112582,0.0,0.0,0.0,1.1838685,0.0,1.7977234,1.3598303,0.0,0.0,1.2337884,1.4131684,0.0,1.3488892,0.0,0.0,0.0,0.0,1.1855474,1.4448314,0.0
0.0,0.0,1.2189059,0.0,1.3262924,0.0,0.0,0.0,1.1429975,1.1943177,0.87194765,0.0,0.99216765,1.3951784,1.1181048,0.0,1.3455539,0.0,0.0,1.2351251,1.6570511,0.0,0.0,1.7718241,0.0,0.9295745,0.95285255,1.0961926,1.1296799,0.0,0.0,0.9881492
1.2513137,1.2796539,0.0,1.0550507,0.0,0.7890599,1.0255972,1.2847834,0.0,0.0,0.0,1.0920546,0.0,0.0,0.0,1.2443123,0.0,1.268176,1.1962304,0.0,0.0,0.9671887,1.0521563,0.0,1.2975805,0.0,0.0,0.0,0.0,1.1353028,1.1056557,0.0
0.0,0.0,0.67194664,0.0,0.4443379,0.0,0.0,0.0,0.79668576,0.71018124,0.90058833,0.0,0.7868963,0.3630969,0.7038158,0.0,0.24059373,0.0,0.0,0.77498263,0.4517161,0.0,0.05679673,0.6483954,0.0,0.6862064,0.6671549,0.74145377,0.81824,0.0,0.0,0.7805567
0.4405923,0.5506774,0.0,0.5153752,0.0,0.51517695,0.5308775,0.6673233,0.0,0.0,0.0,0.80819994,0.0,0.0,0.0,0.52157587,0.0,0.5561315,0.6791228,0.0,0.0,0.66703326,0.50621486,0.0,0.7281957,0.0,0.0,0.0,0.0,0.55662507,0.48120537,0.0
0.3588999,0.6428746,0.0,0.6013627,0.0,0.5443054,0.7269684,0.686521,0.0,0.0,0.0,0.8396711,0.0,0.0,0.0,0.63215303,0.0,0.3314148,0.86653036,0.0,0.0,0.48970467,0.58980656,0.0,0.50588644,0.0,0.0,0.0,0.0,0.70346195,0.44230342,0.0
0.0,0.0,0.9726453,0.0,0.6717677,0.0,0.0,0.0,0.876627,0.8384941,0.78029984,0.0,0.7551513,0.97390616,0.38948402,0.0,1.4055655,0.0,0.0,0.70478773,1.2104293,0.0,0.0,1.3183876,0.0,0.8255526,0.5612799,0.39655852,0.99482375,0.0,0.0,0.5268594
0.0,0.0,0.692454,0.0,0.70271116,0.0,0.0,0.0,0.9819441,0.6225388,0.9756929,0.0,0.9109514,0.5677395,0.7962874,0.0,0.38936558,0.0,0.0,0.7516633,0.6774868,0.0,0.0,0.6050194,0.0,0.66086876,0.881544,1.0258621,1.0819002,0.0,0.0,0.8189118
0.0,0.7045911,0.0,0.62421775,0.0,0.19925904,0.9902072,0.0,0.14747468,0.0,0.26514575,0.58909243,0.0,0.0,0.0,0.4052558,0.0,0.0,0.74736226,0.35490108,0.0,0.76229835,0.128385,0.039595015,0.27271736,0.0,0.0,0.0,0.3513362,0.70541865,0.38630468,0.0
1.1577722,1.4261599,0.0,1.157166,0.0,0.8213507,1.0082906,1.2637129,0.0,0.0,0.0,1.087862,0.0,0.0,0.0,1.2400604,0.0,1.2596939,1.1707093,0.0,0.0,1.0629703,1.0218271,0.0,1.3690532,0.0,0.0,0.0,0.0,1.1479725,0.9546478,0.0
0.13871813,0.1462966,0.0,0.27050388,0.0,0.22477572,0.26629084,0.32121283,0.0,0.026776552,0.026794456,0.22114228,0.0063545704,0.0,0.0,0.20674756,0.0,0.055566926,0.25286242,0.0,0.0,0.048569266,0.08163051,0.0,0.16670986,0.0,0.014777556,0.0,0.0,0.1944753,0.15116636,0.0
0.31106228,0.30525157,0.0,0.37906674,0.0,0.33285698,0.40518206,0.561718,0.0,0.0,0.0,0.4041794,0.0,0.0,0.0,0.5652063,0.0,0.2160033,0.48069885,0.0,0.0,0.2419057,0.27115846,0.0,0.5879689,0.0,0.0,0.0,0.0,0.36834675,0.3711428,0.0
0.0,0.0,1.5530761,0.0,0.26397663,0.0,0.0,0.0,1.2199374,1.233394,1.3435347,0.0,1.35302,1.0094281,1.4712919,0.0,0.46085152,0.0,0.0,1.3411461,0.4565203,0.0,0.0,0.9223167,0.0,1.6238785,0.9254529,1.3133756,1.5051789,0.0,0.0,1.2582489
0.0,0.0,1.6099423,0.0,0.5376336,0.0,0.0,0.0,1.3864324,1.3176967,1.1572978,0.0,1.3682863,1.3390864,1.7327172,0.0,0.40083978,0.0,0.0,1.3522962,0.5222162,0.0,0.0,0.9193305,0.0,1.312247,1.4095387,1.7168767,1.591692,0.0,0.0,1.5695984
0.0,0.0,0.61311626,0.0,0.2209224,0.0,0.0,0.0,0.40118414,0.35888475,0.58218604,0.0,0.5783585,0.26488313,0.27625287,0.0,0.73278636,0.0,0.0,0.31886828,0.43544534,0.0,0.0,0.70400697,0.0,0.47123212,0.4531265,0.32546392,0.55279547,0.0,0.0,0.36745822
0.21986921,0.34385812,0.0,0.3080792,0.0,0.26828906,0.4153483,0.5652997,0.0,0.0,0.0,0.31864402,0.0,0.0,0.0,0.5152266,0.0,0.2202735,0.41947737,0.0,0.0,0.20436016,0.22416343,0.0,0.46859568,0.0,0.0,0.0,0.0,0.32335597,0.19659679,0.0
0.0,0.0,1.3373585,0.0,0.71278393,0.0,0.0,0.0,1.013538,1.3068752,0.9797622,0.0,1.4509,1.4432179,1.0167739,0.0,0.56205535,0.0,0.0,0.8485796,0.62968147,0.0,0.0,0.1951248,0.0,1.4845929,1.3338,1.278481,1.340635,0.0,0.0,1.5530828
0.0017517065,0.1527807,0.07898609,0.1504183,0.0,0.0,0.110302776,0.32852834,0.0,0.0,0.0,0.07558853,0.0,0.0,0.0469771,0.4075024,0.0,0.0,0.15930608,0.0,0.07669876,0.0,0.024797883,0.0977026,0.3036638,0.0,0.07614155,0.019215167,0.0,0.07872758,0.0,0.0
0.0,0.0,1.5430683,0.0,0.10584061,0.0,0.0,0.0,1.0153847,1.5124694,1.0212137,0.0,1.7467618,1.1523185,1.1217921,0.0,0.26861072,0.0,0.0,1.0559487,0.46579137,0.0,0.0,0.5000336,0.0,1.7410243,1.5481654,1.2804914,1.2157855,0.0,0.0,1.801676
0.0,0.0,1.7119246,0.0,0.7039767,0.0,0.0,0.0,1.677707,1.548128,1.7469876,0.0,1.5382811,1.5373732,1.693267,0.0,0.98871017,0.0,0.0,1.4034749,0.9599816,0.0,0.0,1.6495198,0.0,1.7156006,1.2086579,1.5530527,1.7895796,0.0,0.0,1.6371858
0.38441294,0.46070248,0.0,0.6600052,0.0,0.52241284,0.7602003,0.7780081,0.0,0.0,0.0,0.674475,0.0,0.0,0.0,0.7146423,0.0,0.47277534,0.72365385,0.0,0.0,0.52876514,0.53779984,0.0,0.67085373,0.0,0.0,0.0,0.0,0.60208946,0.36480126,0.0
0.66201574,0.7371126,0.0,0.763592,0.0,0.7608872,0.7663758,0.8199657,0.0,0.0,0.0,0.7788588,0.0,0.0,0.0,0.7768242,0.0,0.58428675,0.8322575,0.0,0.0,0.586917,0.6456282,0.0,0.8908474,0.0,0.0,0.0,0.0,0.7837365,0.72141325,0.0
0.0,0.0,0.65034294,0.0,0.3511296,0.0,0.0,0.0,0.4400406,0.4318917,0.5402513,0.0,0.42950404,0.0,0.58503896,0.0,0.0,0.0,0.0,0.23938906,0.38280174,0.0,0.0,0.57239306,0.0,0.45920956,0.4202804,0.37038487,0.5708909,0.0,0.0,0.30244848
0.65225095,0.68426144,0.0,0.7354801,0.0,0.6310249,0.79207414,0.7710873,0.0,0.0,0.0,0.7923496,0.0,0.0,0.0,0.80717963,0.0,0.5364154,0.7585997,0.0,0.0,0.5462934,0.60868096,0.0,0.83570427,0.0,0.0,0.0,0.0,0.73477364,0.6216715,0.0
0.0,0.0,1.1428089,0.0,0.81851697,0.0,0.0,0.0,1.1176164,0.89337254,0.82548344,0.0,0.8628642,1.375759,0.5116513,0.0,1.3011979,0.0,0.0,0.852471,1.1494788,0.0,0.0,1.2314277,0.0,1.085472,0.6134082,0.45475054,1.1963189,0.0,0.0,1.0280836
0.0,0.20216726,0.7688898,0.08409366,0.0,0.0,0.17035367,0.0,0.5252112,0.31486875,0.7480901,0.35398507,0.29232538,0.67628175,0.2850419,0.079154864,0.28287047,0.0,0.0,0.44986638,0.0,0.36587375,0.0,0.030472148,0.0,0.85330695,0.30391482,0.148936,0.9954253,0.26071405,0.0,0.26964867
0.0,0.0,0.88945293,0.0,0.910349,0.0,0.0,0.0,1.0807837,0.80038494,1.1810753,0.0,0.5352886,0.49559858,1.3476837,0.0,0.91839486,0.0,0.0,0.57627225,1.1426052,0.0,0.0,0.69799584,0.0,0.84519506,1.1350249,2.2113712,1.1405,0.0,0.0,0.5984742
0.11265765,0.25039622,0.0,0.08264276,0.0,0.2176943,0.2625275,0.2630929,0.0,0.0,0.0,0.13117948,0.0,0.0,0.0,0.15748471,0.0,0.046230882,0.3375601,0.0,0.0,0.30727693,0.0071817096,0.0,0.37718588,0.0,0.0,0.0,0.0,0.27923396,0.27009487,0.0
0.0,0.2608876,0.27365133,0.036110006,0.051707275,0.031876523,0.0,0.31319517,0.15735926,0.31979576,0.2164526,0.0,0.047945037,0.005913079,0.51600736,0.0,0.10200328,0.0,0.13968267,0.45506817,0.5119484,0.0,0.14881465,0.20240545,0.1446748,0.0,0.14217624,0.23308145,0.20910598,0.060683627,0.0,0.0
0.0,0.0,1.3643045,0.0,0.7126776,0.0,0.0,0.0,1.3893706,1.3776394,1.0772643,0.0,1.4375124,1.3648103,0.62623656,0.0,1.2114004,0.0,0.0,1.31903,0.98408294,0.0,0.0,1.517458,0.0,1.4882447,1.1704235,0.46685117,1.3687235,0.0,0.0,1.5066926
0.0,0.0,1.3611134,0.0,0.38755882,0.0,0.0,0.0,1.1346365,0.895454,1.2024494,0.0,0.74563605,0.95450187,1.6008936,0.0,1.0808097,0.0,0.0,1.1045618,0.5619324,0.0,0.0,1.4016056,0.0,1.2468933,0.9313008,1.755106,1.3228503,0.0,0.0,0.8397114
0.1777235,0.28542933,0.0,0.29963884,0.0,0.39092982,0.3927598,0.41801703,0.0,0.0,0.0,0.34995085,0.0,0.0,0.0,0.40379965,0.0,0.13272882,0.6444179,0.0,0.0,0.4002889,0.122188084,0.0,0.37376502,0.0,0.0,0.0,0.0,0.3567404,0.30997533,0.0
0.0,0.0,0.75681436,0.0,0.4749502,0.0,0.0,0.0,0.77807224,0.57708806,0.754395,0.0,0.5809663,0.1374125,0.5681615,0.0,0.22008319,0.0,0.0,0.34323633,0.638207,0.0,0.0,0.9409985,0.0,0.51892,0.8010298,0.40457332,0.90629077,0.0,0.0,0.4953705
0.0,0.0,0.43689984,0.0,0.0,0.013614012,0.0,0.0,0.42003262,0.49823856,0.6119736,0.0,0.7360983,0.0,0.3760537,0.0,0.0,0.0,0.0,0.68746424,0.0,0.0,0.0,0.47576997,0.0,0.15197282,0.7369122,0.55325294,0.4457516,0.0,0.0,0.7110624
0.4693913,0.60648406,0.0,0.5208883,0.0,0.38502127,0.88944805,0.035726078,0.025829867,0.0,0.10502276,0.89966047,0.0,0.22988892,0.0,0.57553923,0.0,0.0,0.3484541,0.0,0.0,0.50354975,0.5037155,0.0,0.43663836,0.0,0.025835812,0.0,0.035388723,0.8887003,0.5430495,0.0
0.41217524,0.33520082,0.0,0.46307752,0.0,0.45582396,0.44760054,0.5595364,0.0,0.0,0.0,0.49425077,0.0,0.0,0.0,0.5574929,0.0,0.2129078,0.4402077,0.0,0.0,0.33387667,0.18424168,0.0,0.62867194,0.0,0.0,0.0,0.0,0.34689343,0.3752344,0.0
0.14538012,0.03911709,0.0,0.26724532,0.0,0.29229355,0.28754643,0.5150085,0.0,0.0,0.0,0.17513359,0.0,0.0,0.0,0.3883475,0.0,0.09285268,0.36052573,0.0,0.0,0.06799741,0.12778145,0.0,0.24916235,0.0,0.0,0.0,0.0,0.10092195,0.18603483,0.0
0.0,0.0,0.5945554,0.0,0.40812993,0.0,0.0,0.0,0.42650145,0.30713826,0.58395076,0.0,0.44339192,0.0,0.62002105,0.0,0.13844207,0.0,0.0,0.30899575,0.43872747,0.0,0.0,0.5755534,0.0,0.44539028,0.45234513,0.5166071,0.5462267,0.0,0.0,0.26726592
0.0,0.0,0.92127526,0.0,0.21243887,0.0,0.0,0.0,0.8057429,0.6261827,0.7881976,0.0,0.8414085,0.6712024,0.35352814,0.0,0.8926166,0.0,0.0,0.6962823,0.47902873,0.0,0.0,0.6540037,0.0,0.8402157,0.5297666,0.16872634,0.8851188,0.0,0.0,0.5213853
1.4135278,1.5579209,0.0,1.5382249,0.0,1.1172677,1.4842317,1.3436705,0.0,0.0,0.0,1.590648,0.0,0.0,0.0,1.5082307,0.0,1.5983675,1.4677966,0.0,0.0,1.3775922,1.2422155,0.0,1.6525384,0.0,0.0,0.0,0.0,1.3252221,1.497819,0.0
0.0,0.0,0.6037637,0.0,0.61335766,0.0,0.0,0.0,0.57246464,0.6140182,0.57520354,0.0,0.50673443,0.49109566,1.0015686,0.0,0.618989,0.0,0.0,0.7245401,0.9032747,0.0,0.0,0.97974414,0.0,0.4015053,0.60020924,1.069278,0.5778696,0.0,0.0,0.3066198
0.0,0.0,0.6935487,0.0,0.4015013,0.0,0.0,0.0,0.57459176,0.5300805,0.6618121,0.0,0.5516459,0.010565765,0.5995525,0.0,0.19095975,0.0,0.0,0.3302564,0.47849593,0.0,0.0,0.73943925,0.0,0.54911256,0.58644706,0.429125,0.7174544,0.0,0.0,0.49721158
0.0,0.0,0.51763475,0.0,0.5308262,0.0,0.0,0.0,0.5229188,0.2816245,0.3738147,0.0,0.3321209,0.55477226,0.49694034,0.0,0.43417147,0.0,0.015338369,0.47883552,0.68249,0.0,0.0,0.6924678,0.0,0.46596342,0.1245866,0.56743747,0.69703233,0.0,0.0,0.32559294
0.0,0.0,0.76954305,0.0,0.0,0.0,0.0,0.0,0.65329075,0.79125655,1.030531,0.0,1.1915019,0.73212177,0.8524067,0.0,0.6687615,0.0,0.0,0.7526127,1.0511941,0.0,0.0,0.7820443,0.0,0.7210275,1.1719279,1.0823644,0.9725427,0.0,0.0,1.3815964
0.0,0.037919916,0.5682334,0.0,0.5152464,0.0,0.0,0.031293195,0.5482543,0.37981194,0.8067979,0.0,0.44541186,0.0,0.64398086,0.0,0.08995976,0.0,0.0,0.30440164,0.4396315,0.0,0.0,0.61012274,0.0,0.4386347,0.44371158,0.62442195,0.72694945,0.0,0.0,0.09370288
0.98462236,1.5308554,0.0,1.2757943,0.0,0.59386736,1.4225515,0.0,0.0,0.0,0.0,1.2447742,0.0,0.0,0.0,1.032298,0.0,0.76183426,1.3225428,0.0,0.0,1.4887122,0.5611303,0.0,1.1185209,0.0,0.0,0.0,0.0,1.3526701,0.88832664,0.0
0.0,0.0,1.5941865,0.0,1.2827493,0.0,0.0,0.0,1.8203795,1.5377163,1.3024948,0.0,1.4893409,2.614259,0.95957184,0.0,2.1224911,0.0,0.0,1.9760239,1.5839163,0.0,0.0,1.1310636,0.0,1.9449337,0.9984411,0.52837414,1.4887413,0.0,0.0,1.8329014
0.0,0.0,1.3703089,0.0,0.22495258,0.0,0.0,0.0,0.8187304,1.1218134,0.92502725,0.0,1.090583,1.1914966,0.6639891,0.0,0.0,0.0,0.0,0.9299359,0.14426893,0.16143386,0.0,0.01214733,0.0,1.469883,0.78153855,0.34916276,1.29329,0.0,0.0,1.0758995
0.0,0.09670806,0.6459304,0.0,0.0,0.0,0.0,0.0,0.5075928,0.34896842,0.4758297,0.0,0.52014554,0.5238138,0.18324178,0.0,0.743016,0.0,0.06791314,0.54677325,0.502843,0.0,0.0,0.3608273,0.0,0.5701236,0.27196503,0.0,0.58242154,0.053742327,0.0,0.1800541
0.0,0.0,1.4257874,0.0,0.3993522,0.0,0.0,0.0,1.1611513,0.839193,1.4105995,0.0,0.8624528,0.89844424,1.0656426,0.0,0.79990995,0.0,0.0,0.9637872,0.34337947,0.0,0.0,0.8742343,0.0,1.3330243,0.7588181,1.0513694,1.6693182,0.0,0.0,0.75383955
0.0,0.0,0.4925885,0.0,0.15528896,0.02488944,0.0,0.035889354,0.36366856,0.09684908,0.5196603,0.0,0.46316898,0.37871942,0.34247044,0.0,0.78442097,0.0,0.052517727,0.40951204,0.4733881,0.0,0.0,0.4296863,0.0,0.35912776,0.3397218,0.33002746,0.5495745,0.0,0.020187907,0.19468084
0.0,0.0,0.8149445,0.0,2.5246115,0.0,0.0,0.0,1.8552433,1.0582246,2.0176964,0.0,1.4355335,1.3050611,2.2550855,0.0,2.270424,0.0,0.0,1.3532175,3.3786812,0.0,0.0,1.6535062,0.0,1.9402183,2.231053,1.4241564,2.0125742,0.0,0.0,1.5034885
0.0,0.0,1.2747263,0.0,2.3709848,0.0,0.0,0.0,1.7572628,2.4264586,1.7916473,0.0,1.0882028,0.7858904,2.405387,0.0,0.83040094,0.0,0.0,1.9900359,1.459377,0.0,0.0,2.2710023,0.0,2.216781,1.404759,2.591251,1.5130255,0.0,0.0,1.7319344
0.0,0.0,0.9499656,0.0,0.38443124,0.0,0.0,0.0,1.1011167,0.9160586,0.97952217,0.0,1.2043201,0.721026,0.67529684,0.0,0.6656276,0.0,0.0,1.0336366,0.5699786,0.0,0.0,1.0545248,0.0,0.82995623,1.0988456,0.79656386,1.0773501,0.0,0.0,1.1250085
0.24205853,0.17190938,0.058293268,0.19947177,0.0,0.08064973,0.2402044,0.424346,0.0,0.0,0.058402788,0.21477294,0.0,0.0,0.0,0.35959327,0.0,0.0,0.1478915,0.0,0.0,0.0,0.16397,0.0,0.2612061,0.0,0.0,0.045252733,0.008970022,0.12699088,0.10410566,0.0
0.0,0.0,1.6999905,0.0,0.5560888,0.0,0.0,0.0,1.3024108,1.1752994,1.4032134,0.0,1.014226,1.1787239,1.3895422,0.0,0.6601476,0.0,0.0,1.0506614,0.43677127,0.0,0.0,0.9277083,0.0,1.7003738,0.7588033,1.3455265,1.6180604,0.0,0.0,0.99108994
0.0,0.0,1.6703867,0.0,0.42961776,0.0,0.0,0.0,1.2621908,1.4458524,1.2674048,0.0,1.5893975,1.1485479,1.5005733,0.0,0.3187383,0.0,0.0,1.2309921,0.37116212,0.0,0.0,0.65433204,0.0,1.8097843,1.2042317,1.534155,1.4610873,0.0,0.0,1.5181983
0.0,0.0,0.76868904,0.0,0.2901184,0.0,0.0,0.0,0.7652086,0.5452652,0.6082277,0.0,0.7601992,0.705695,0.36611083,0.0,0.9474711,0.0,0.0,0.63450295,0.7456909,0.0,0.0,0.9589358,0.0,0.6357947,0.6204229,0.37641484,0.8613487,0.0,0.0,0.55717856
0.18499634,0.5231778,0.0,0.5052401,0.0,0.56997836,0.34913516,0.42743784,0.0,0.0,0.0,0.41171175,0.0,0.0,0.07369314,0.49639142,0.0,0.26475784,0.528468,0.010357834,0.0,0.21569863,0.41427508,0.0,0.38060015,0.0,0.0,0.0,0.0,0.41514677,0.31959066,0.0
0.0,0.0,1.1127927,0.0,0.44783843,0.0,0.0,0.0,0.9126624,0.8779841,0.75247097,0.0,1.0974308,0.7968916,0.4065238,0.0,0.9215857,0.0,0.0,0.9140901,0.8038688,0.0,0.0,1.3071569,0.0,0.9825867,0.84272754,0.32481155,0.9286448,0.0,0.0,0.9654684
0.3093462,0.25866827,0.0,0.5081648,0.0,0.33878225,0.50539637,0.6602698,0.0,0.0,0.0,0.42315364,0.0,0.0,0.0,0.5381505,0.0,0.18031153,0.6180764,0.0,0.0,0.35377118,0.17291726,0.0,0.587282,0.0,0.0,0.0,0.0,0.3569246,0.24834697,0.0
0.0,0.0,1.3503443,0.0,0.461047,0.0,0.0,0.0,1.3640068,1.2196985,1.7499553,0.0,0.8612225,1.2074776,1.2510637,0.0,1.0214002,0.0,0.0,1.2020521,1.1640099,0.0,0.0,1.7709092,0.0,1.3826772,0.66525304,0.7775849,1.6722134,0.0,0.0,1.0508578
0.0,0.0,0.2214832,0.019140728,0.0,0.0,0.0,0.25162265,0.0,0.021363255,0.15839548,0.0,0.07844886,0.0,0.0,0.19025499,0.0,0.0,0.01523646,0.0,0.12725496,0.0,0.0,0.21870863,0.0055121332,0.0,0.26071173,0.03212771,0.19981101,0.0,0.0,0.015028529
0.0,0.044696063,0.0,0.017804027,0.0,0.043473236,0.067045,0.11144272,0.0,0.041694034,0.0,0.0,0.17307162,0.0,0.0,0.09988182,0.0,0.0,0.32128286,0.0,0.0,0.13584182,0.0,0.08759305,0.17459145,0.0,0.15878484,0.0,0.0,0.04651134,0.28946644,0.0
0.0,0.02383846,0.089811146,0.11258129,0.0,0.0,0.3128463,0.0,0.37214267,0.31017116,0.67685723,0.12357346,0.2970422,0.41268098,0.33407182,0.19552,0.585371,0.0,0.55273587,0.7629891,0.31225255,0.28701192,0.0,0.80816776,0.0,0.25843045,0.18347529,0.19839035,0.5296773,0.0,0.4196647,0.0
0.0,0.0,1.5146147,0.0,0.49994743,0.0,0.0,0.0,0.956406,1.4173342,1.0041634,0.0,1.3584753,1.1234579,1.1257607,0.0,0.10281871,0.0,0.0,1.0005796,0.47181958,0.0,0.0,0.21004027,0.0,1.6983241,1.0413485,1.0329976,1.2565953,0.0,0.0,1.315166
0.0,0.0,0.96686316,0.0,1.2767355,0.0,0.0,0.0,1.3391073,1.4057624,1.1204262,0.0,0.7400258,0.33839193,1.3311231,0.0,0.42287037,0.0,0.0,1.0036178,1.2569892,0.0,0.0,1.6400084,0.0,0.76560897,1.2449783,1.5428684,1.4611394,0.0,0.0,0.9147079
0.0,0.018967293,0.21549875,0.0,0.0,0.047470495,0.0,0.0,0.12233107,0.09313205,0.115975216,0.0,0.27466324,0.40185115,0.0,0.0,0.44905132,0.0,0.10517936,0.23061034,0.2825582,0.0060148537,0.0,0.31344432,0.0,0.15326425,0.055371564,0.0,0.19405663,0.0,0.23642913,0.19691789
0.0,0.0,0.5482215,0.0,0.0,0.0,0.0,0.0,0.6457699,0.60659146,0.52354413,0.0,0.6732443,0.37490922,0.24608636,0.0,0.29120502,0.0,0.0,0.5668593,0.21773031,0.0,0.0,0.7010908,0.0,0.2713167,0.6702913,0.5484874,0.65283614,0.0,0.0,0.49970806
0.0113390675,0.0,0.355394,0.0,0.0,0.0,0.0,0.26009747,0.0,0.112030335,0.17807275,0.0,0.01628764,0.0,0.23167562,0.0,0.0,0.0,0.0,0.0,0.3837232,0.0,0.0,0.387229,0.0,0.0,0.39604586,0.25398457,0.08890189,0.0,0.0,0.07024111
0.0,0.0,0.09369538,0.0,0.0,0.18176551,0.0,0.20006986,0.05864801,0.20703426,0.20420314,0.0,0.23790617,0.0,0.12062732,0.0,0.0,0.0,0.16886678,0.1531583,0.017875802,0.0,0.0,0.2901801,0.0023307502,0.0,0.35734868,0.2360774,0.09136166,0.0,0.18111177,0.07281098
0.26370066,0.25162038,0.0,0.3174945,0.0,0.17784457,0.4821717,0.65853053,0.0,0.0,0.0,0.27453333,0.0,0.0,0.0,0.5176341,0.0,0.121965945,0.371285,0.0,0.0,0.09665388,0.26770914,0.0,0.4500726,0.0,0.0,0.0,0.0,0.3498247,0.10560186,0.0
0.0,0.0,1.6667051,0.0,0.73284906,0.0,0.0,0.0,1.0717964,1.5324337,0.95165926,0.0,1.5337659,1.3505142,1.1784778,0.0,0.06633675,0.0,0.0,1.0258262,0.46593645,0.0,0.0,0.19243208,0.0,1.8241687,1.2989014,1.1632203,1.4167492,0.0,0.0,1.6236104
0.0,0.0,0.74043965,0.0,0.57909894,0.0,0.0,0.0,0.5354566,0.43142578,0.7639841,0.0,0.5427774,0.051568188,0.7344131,0.0,0.49930754,0.0,0.0,0.32003054,0.5832969,0.0,0.0,0.81349266,0.0,0.60821307,0.60566795,0.75637835,0.6747422,0.0,0.0,0.31330597
0.0,0.0,0.8370011,0.0,0.22293214,0.0,0.0,0.0,0.5130568,0.5034307,0.54507583,0.0,0.6444982,0.42278394,0.41119722,0.0,0.68954736,0.0,0.0,0.48253185,0.4871724,0.0,0.0,0.63620085,0.0,0.71064794,0.45772678,0.29316306,0.58767897,0.0,0.0,0.4928599
0.0,0.0,0.61940503,0.0,0.07408935,0.0,0.0,0.0,0.76398027,0.5891411,1.2703816,0.0,0.7506516,0.30088463,0.8075231,0.0,0.62540895,0.0,0.0,0.87931466,0.4424235,0.0,0.0,1.0839812,0.0,0.71411043,0.49541593,0.7179009,0.9834362,0.0,0.0,0.34040803
1.0614935,1.0868237,0.0,0.8502147,0.0,0.7798602,1.0363674,1.1930501,0.0,0.0,0.0,1.1045662,0.0,0.0,0.0,1.3380309,0.0,1.2047276,1.0365782,0.0,0.0,0.8837381,0.92382956,0.0,1.1576147,0.0,0.0,0.0,0.0,1.075867,0.98991966,0.0
0.91457415,1.2649282,0.0,1.0212674,0.0,0.81282717,0.94171685,1.0096164,0.0,0.0,0.0,0.9544202,0.0,0.0,0.0,1.2769706,0.0,1.1085365,1.0549048,0.0,0.0,1.0474156,1.0544358,0.0,1.2039897,0.0,0.0,0.0,0.0,1.1541086,0.84453845,0.0
0.46746594,0.69652563,0.0,0.70645106,0.0,0.6019652,0.6298446,0.5384669,0.0,0.0,0.0,0.63352567,0.0,0.0,0.0,0.6583678,0.0,0.41850632,0.7276068,0.0,0.0,0.4955387,0.5558816,0.0,0.70585656,0.0,0.0,0.0,0.0,0.79547143,0.43683535,0.0
0.0,0.0,0.94707596,0.0,0.7309469,0.0,0.0,0.0,1.0201889,0.7443598,1.2832721,0.0,0.85174227,0.7891175,1.1212088,0.0,1.0805959,0.0,0.0,1.133363,0.8364851,0.0,0.0,1.1846901,0.0,1.2329348,0.8335058,1.1341975,1.1371537,0.0,0.0,0.5036059
0.0,0.0,1.0768732,0.0,0.0,0.0,0.0,0.0,0.9442406,0.99557745,0.89969885,0.0,1.246263,0.7157722,1.1604912,0.0,0.01608786,0.0,0.0,0.98864055,0.266964,0.0,0.0,0.5487316,0.0,0.82668626,1.2692282,1.1233271,1.004244,0.0,0.0,1.2889248
0.6268704,0.8467305,0.0,0.93437266,0.0,0.6495303,0.6708626,0.6533097,0.0,0.0,0.0,0.8258656,0.0,0.0,0.0,0.7106336,0.0,0.69205725,0.8690014,0.0,0.0,0.8404825,0.7065574,0.0,1.0094038,0.0,0.0,0.0,0.0,0.7547413,0.57411605,0.0
0.0,0.0,0.8277929,0.0,0.56607884,0.0,0.0,0.0,0.64849085,0.567968,0.72237414,0.0,0.7272618,0.7832287,0.73542374,0.0,0.9549827,0.0,0.0,0.7716653,0.7252298,0.0,0.0,0.70467037,0.0,0.66133916,0.8765299,0.8413554,0.57716423,0.0,0.0,0.5647175
0.1462783,0.35460794,0.0,0.51515645,0.0,0.2703593,0.52024376,0.4662724,0.0,0.0,0.0,0.4619891,0.0,0.0,0.0,0.51595294,0.0,0.27978966,0.5398243,0.0,0.0,0.44134516,0.44087353,0.0,0.54409695,0.0,0.0,0.0,0.0,0.5383719,0.23271738,0.0
0.53122187,0.8238166,0.0,0.79935694,0.0,0.5406663,0.78931415,0.5705885,0.0,0.0,0.0,0.68484724,0.0,0.0,0.0,0.70669264,0.0,0.43024597,0.83092177,0.0,0.0,0.6973162,0.44570273,0.0,0.8506317,0.0,0.0,0.0,0.0,0.7678619,0.6049274,0.0
0.0,0.0,0.87041557,0.0,1.0709405,0.0,0.0,0.0,1.0235324,1.0922933,0.89969033,0.0,0.90016407,0.848564,0.94813156,0.0,0.5841623,0.0,0.0,1.0693743,1.01443,0.0,0.0,0.8962521,0.0,0.8784328,0.7737326,0.9176931,1.0487846,0.0,0.0,0.7460399
0.0,0.0,1.445661,0.0,1.6089226,0.0,0.0,0.0,1.7415106,1.4741676,1.6432985,0.0,1.5759677,1.6214308,1.2468139,0.0,1.4594678,0.0,0.0,1.5456908,1.3872017,0.0,0.0,1.3614693,0.0,1.5539705,1.45608,1.3216116,1.7223428,0.0,0.0,1.5286392
0.0,0.0,0.38197935,0.13077615,0.0,0.0,0.5571772,0.0,0.11355275,0.0,0.5561439,0.0,0.0,0.0,0.23072876,0.1861426,0.0,0.0,0.24115074,0.30681708,0.20466092,0.30096558,0.0,0.41954675,0.0,0.066827044,0.23132983,0.061924987,0.58048356,0.20869389,0.0,0.14173001
0.09312628,0.18537569,0.058935143,0.0,0.0,0.033408545,0.0,0.25528944,0.0,0.0428167,0.0,0.0,0.0,0.0,0.0,0.09038729,0.0,0.0,0.36940473,0.0,0.045328148,0.020872481,0.0,0.2748695,0.10152163,0.0,0.07334496,0.0,0.037444472,0.0,0.2825936,0.0
0.0,0.0,0.9574293,0.0,0.36388397,0.0,0.0,0.0,1.0869468,0.9753864,1.0200809,0.0,1.17589,0.19717833,0.8492352,0.0,0.0,0.0,0.0,0.97858596,0.332116,0.0,0.0,0.90088356,0.0,0.7753903,1.2892745,0.7406113,1.1329635,0.0,0.0,1.2526315
1.141344,1.369417,0.0,1.1582533,0.0,0.85328543,1.2531226,1.2423142,0.0,0.0,0.0,1.2730911,0.0,0.0,0.0,1.4742951,0.0,1.2547866,1.289758,0.0,0.0,1.1211845,1.2122433,0.0,1.3724573,0.0,0.0,0.0,0.0,1.2813579,1.1392341,0.0
1.2492496,1.4112134,0.0,1.21314,0.0,0.9200465,1.2331061,1.2536631,0.0,0.0,0.0,1.2347267,0.0,0.0,0.0,1.4506074,0.0,1.2569064,1.279684,0.0,0.0,1.1309859,1.2208563,0.0,1.3931351,0.0,0.0,0.0,0.0,1.2876785,1.167035,0.0
0.20701356,0.6152221,0.0,0.7850251,0.0,0.0,1.0439413,0.0,0.020543408,0.0,0.4189053,0.7114846,0.0,0.28386754,0.0,0.61377823,0.0,0.0,0.83123887,0.30497,0.0,0.6885401,0.047948845,0.0,0.39922827,0.0,0.0,0.0,0.25688186,0.77916723,0.44501212,0.0
1.1196271,1.1963519,0.0,0.9264616,0.0,0.7630655,0.81474257,1.1959485,0.0,0.0,0.0,0.9545688,0.0,0.0,0.0,0.9954106,0.0,1.2514173,1.14388,0.0,0.0,0.8848014,0.98168564,0.0,1.2251091,0.0,0.0,0.0,0.0,0.93028855,1.1099932,0.0
0.0,0.0,0.98594224,0.0,0.40139753,0.0,0.0,0.0,0.61929506,0.72903025,0.40334588,0.0,0.5326262,0.0,0.5168228,0.0,0.0,0.0,0.0,0.20089403,0.3819564,0.0,0.0,0.92619115,0.0,0.5627714,0.76103127,0.533092,0.63109636,0.0,0.0,0.45849288
0.0,0.0,0.76123095,0.0,0.40474498,0.0,0.0,0.0,0.8849852,0.28508073,0.7783303,0.072695896,0.7943552,0.75346744,0.68604517,0.0,0.7894153,0.0,0.0,0.9160761,0.44241434,0.0,0.0,0.2694573,0.0,0.6314132,0.6873826,0.799563,0.8433364,0.036450554,0.0,0.5446161
0.5346127,0.56679785,0.0,0.73321766,0.0,0.58355695,0.85180944,0.84584785,0.0,0.0,0.0,0.75918305,0.0,0.0,0.0,0.7970428,0.0,0.5225175,0.74999195,0.0,0.0,0.54153126,0.6381427,0.0,0.7935769,0.0,0.0,0.0,0.0,0.70830864,0.4786247,0.0
0.0,0.0,1.5886626,0.0,0.543387,0.0,0.0,0.0,1.6230829,1.222034,1.7645683,0.0,1.2452474,1.7696602,1.1811464,0.0,1.3856213,0.0,0.0,1.5697285,1.0209523,0.0,0.0,1.6032777,0.0,1.3973451,0.8912194,1.1029845,2.022956,0.0,0.0,1.4387982
0.0,0.0,1.4271065,0.0,0.0,0.0,0.0,0.0,1.014346,1.1313615,1.3723277,0.0,1.1798708,0.63103783,1.1781452,0.0,0.4287388,0.0,0.0,1.270751,0.32312024,0.0,0.0,0.93022585,0.0,1.4423331,0.67166984,0.894766,1.3205321,0.0,0.0,0.87125254
0.0,0.0,0.827034,0.0,0.14484578,0.0,0.0,0.0,0.8454011,0.6317282,0.6328158,0.0,0.8732283,0.46215597,0.3352323,0.0,0.5008645,0.0,0.0,0.7469717,0.4538879,0.0,0.0,0.9918227,0.0,0.54992104,0.82313335,0.55407494,0.8755798,0.0,0.0,0.7562831
0.0,0.0,0.5166924,0.0,0.31725407,0.0,0.0,0.1166649,0.7165997,0.7653211,0.8644477,0.0,0.67930907,0.3810998,0.7451129,0.0,0.15569857,0.0,0.0,0.85693055,0.2291283,0.0,0.18378627,0.36487114,0.0,0.5394057,0.6290718,0.98876184,0.6298025,0.0,0.0,0.60689926
0.439614,0.75972176,0.0,0.78465426,0.0,0.5776077,0.44303274,0.44815427,0.0,0.0,0.0,0.41928387,0.0,0.0,0.0,0.3296463,0.0,0.40513209,0.56319165,0.0,0.0,0.5712356,0.4712899,0.0,0.70526564,0.0,0.0,0.0,0.0,0.61882734,0.35303566,0.0
0.0,0.0,1.3902278,0.0,1.2542133,0.0,0.0,0.0,1.8051298,1.7908983,1.4666556,0.0,1.885497,1.5228394,0.977645,0.0,0.8742072,0.0,0.0,1.682516,1.1219298,0.0,0.0,1.5828079,0.0,1.5342052,1.5783696,1.1302819,1.7156005,0.0,0.0,1.8951488
0.0,0.0,0.8000181,0.0,0.6286271,0.0,0.0,0.0,0.7090128,0.5715581,0.8943428,0.0,0.62696916,0.25398964,0.949076,0.0,0.60674447,0.0,0.0,0.6024843,0.8377026,0.0,0.0,0.7673398,0.0,0.5711491,0.6980717,0.88947874,0.80641854,0.0,0.0,0.41646874
0.0,0.009784445,0.33537546,0.0,0.0,0.31098747,0.11545923,0.032455146,0.28960782,0.08351342,0.2856434,0.0,0.43802595,0.081327274,0.19128817,0.0,0.042003967,0.0,0.09190579,0.31932402,0.0,0.0,0.14596513,0.22928575,0.0,0.006795332,0.36403298,0.41829413,0.28614756,0.14600915,0.0,0.23886293
0.0,0.20625181,0.20533535,0.0,0.036354493,0.24520983,0.0,0.16807005,0.19706902,0.0,0.15967023,0.04369754,0.13359985,0.0,0.2807742,0.0,0.14433026,0.0,0.33118588,0.13982153,0.2567832,0.0539128,0.17189759,0.39315718,0.0,0.0,0.16049471,0.36411583,0.326378,0.0,0.05577618,0.0
0.0,0.05698542,0.3399748,0.0,0.04766197,0.04400816,0.008966573,0.2689794,0.029431753,0.0,0.26569682,0.102322936,0.20178108,0.0,0.27054393,0.074884206,0.24646118,0.0,0.17123806,0.19733499,0.26365575,0.0,0.0,0.36845925,0.0,0.07004416,0.23611018,0.13798049,0.26089355,0.0,0.0,0.0
0.6380928,0.8142473,0.0,0.8839982,0.0,0.8383015,0.92100614,0.7098755,0.0,0.0,0.0,0.9184299,0.0,0.0,0.0,0.73233783,0.0,0.62341183,0.93131036,0.0,0.0,0.8784473,0.72965693,0.0,0.92441314,0.0,0.0,0.0,0.0,0.9306544,0.56849265,0.0
0.0,0.0,0.980927,0.0,0.8056943,0.0,0.0,0.0,1.1235625,1.2245817,0.99413264,0.0,1.0128775,0.9466321,1.0908118,0.0,0.77424544,0.0,0.0,1.2742068,0.73264223,0.0,0.0,1.2688035,0.0,0.96231645,0.8721702,1.3566203,0.82014763,0.0,0.0,0.9711216
0.0,0.0,0.7311859,0.0,0.19631721,0.0,0.0,0.0,0.7479427,0.56352246,0.54565364,0.0,0.7778035,0.52729434,0.2497259,0.0,0.5398334,0.0,0.0,0.5659023,0.53907686,0.0,0.0,0.83282775,0.0,0.5002748,0.7073242,0.23985216,0.8382182,0.0,0.0,0.5958362
0.0,0.0020198002,0.17489111,0.15281025,0.0,0.009776587,0.123575,0.28039464,0.0,0.0,0.028080352,0.05702674,0.08977559,0.015157722,0.06969836,0.13802552,0.0,0.012343574,0.0742273,0.0780755,0.07967209,0.0,0.06313444,0.1389041,0.1750867,0.0,0.27715382,0.14739066,0.0,0.13821186,0.0,0.09313941
0.51410866,0.63184005,0.0,0.8390129,0.0,0.62541664,0.88293874,0.7352143,0.0,0.0,0.0,0.8238637,0.0,0.0,0.0,0.81295985,0.0,0.482436,0.9667626,0.0,0.0,0.7207937,0.6363659,0.0,0.8862842,0.0,0.0,0.0,0.0,0.7696683,0.76025444,0.0
0.0,0.0,0.8840536,0.0,0.4166032,0.0,0.0,0.0,0.6506848,0.6065674,0.7329324,0.0,0.73870313,0.39104697,0.63102835,0.0,0.865564,0.0,0.0,0.43722397,0.6193547,0.0,0.0,0.85929257,0.0,0.7923528,0.6949432,0.55816513,0.8171982,0.0,0.0,0.62746686
0.6312095,0.63937616,0.0,0.8864132,0.0,0.53431237,0.89679646,0.83624744,0.0,0.0,0.0,0.8026736,0.0,0.0,0.0,0.8446568,0.0,0.5293986,0.7946289,0.0,0.0,0.5975579,0.73136806,0.0,0.9478254,0.0,0.0,0.0,0.0,0.85015094,0.50588626,0.0
0.058358155,0.287427,0.13403073,0.29045752,0.0,0.09348129,0.21020815,0.34857416,0.0,0.0,0.043763913,0.1841748,0.0,0.0,0.047072336,0.41724122,0.0,0.0,0.21719995,0.0,0.0007658601,0.0,0.200548,0.0,0.24971014,0.0,0.015616044,0.0064361542,0.0547338,0.2135889,0.0,0.0
0.037859358,0.083807774,0.28190285,0.0,0.26430964,0.0,0.0,0.2501239,0.3331011,0.22755435,0.52177334,0.09983063,0.36672848,0.23981825,0.4616989,0.0,0.48839355,0.0,0.040668942,0.45597118,0.4008472,0.0,0.0,0.2777611,0.0,0.1943526,0.24936421,0.40773153,0.48483452,0.0,0.0,0.057591967
0.0,0.0,1.5118614,0.0,0.24281426,0.0,0.0,0.0,1.0640397,1.2415713,1.2042744,0.0,1.5215116,1.4741081,0.76646405,0.0,0.7704619,0.0,0.0,0.9806458,0.7537579,0.0,0.0,0.34541494,0.0,1.5739746,1.2028531,0.8443945,1.4800574,0.0,0.0,1.6160741
0.34499288,0.39403826,0.0,0.4872778,0.0,0.6697186,0.5933729,0.4336222,0.0,0.0,0.0,0.61679155,0.0,0.0,0.0,0.4379412,0.0,0.5590386,0.6810628,0.0,0.0,0.5220846,0.66419184,0.0,0.5189194,0.0,0.0,0.0,0.0,0.6459175,0.34989312,0.0
0.23173635,0.3463474,0.0,0.42020783,0.0,0.3227331,0.57559097,0.62468404,0.0,0.0,0.0,0.46026134,0.0,0.0,0.0,0.5103711,0.0,0.25578654,0.4749508,0.0,0.0,0.27571163,0.37459674,0.0,0.43371296,0.0,0.0,0.0,0.0,0.47704226,0.13521625,0.0
0.0,0.0,1.0241399,0.0,0.81504387,0.0,0.0,0.0,0.8273065,0.8727161,0.8003321,0.0,0.7320932,0.7972456,1.1980078,0.0,0.9682486,0.0,0.0,1.0487292,1.0406374,0.0,0.0,1.022752,0.0,0.7116167,0.9683196,1.073101,0.7312763,0.0,0.0,0.65951157
0.0,0.0,1.5110754,0.0,1.036971,0.0,0.0,0.0,1.0900018,1.4927654,1.2171891,0.0,1.6994529,1.8290337,1.3609389,0.0,1.1949533,0.0,0.0,0.9049367,0.88334703,0.0,0.0,0.4950526,0.0,1.5269243,1.8888856,2.1148498,1.4258775,0.0,0.0,2.2374895
0.0,0.0,0.6665807,0.0,0.30360746,0.0,0.0,0.0,0.43986553,0.47487378,0.61693555,0.0,0.54419816,0.0,0.42011678,0.0,0.28259358,0.0,0.0,0.261178,0.43764514,0.0,0.0,0.69661975,0.0,0.44825703,0.42134535,0.33667114,0.57746327,0.0,0.0,0.4136287
0.0,0.0,0.84137475,0.0,0.32316297,0.0,0.0,0.0,0.84183306,0.74241835,0.75184375,0.0,0.958337,0.7555973,0.45485994,0.0,0.67879915,0.0,0.0,0.93037885,0.59990793,0.0,0.0,0.7466916,0.0,0.75550485,0.59122103,0.5265222,0.8862799,0.0,0.0,0.774449
0.0,0.5200395,0.13336363,0.27499342,0.0,0.64264035,0.2521438,0.3194063,0.0,0.0,0.08235022,0.21450259,0.12216755,0.0,0.18826786,0.26962596,0.0,0.00548454,0.3692761,0.115564816,0.034355395,0.16745164,0.50202835,0.0,0.056215465,0.0,0.0048887953,0.10172081,0.024779104,0.41422957,0.20017828,0.0
0.0,0.0,1.121996,0.0,0.6798671,0.0,0.0,0.0,1.0933733,0.9457587,0.79224414,0.0,0.9157368,1.6878378,0.31614897,0.0,1.7511845,0.0,0.0,0.96200866,1.3145664,0.0,0.0,1.2160196,0.0,1.1030732,0.5145357,0.25751862,1.1243018,0.0,0.0,0.90287125
0.0,0.0,1.1654235,0.0,0.4527517,0.0,0.0,0.0,1.1240336,0.7240021,1.6577744,0.0,0.8813613,1.2957273,1.4149262,0.0,1.243446,0.0,0.0,1.280051,0.77504027,0.0,0.0,1.2522923,0.0,1.1753662,0.51708466,1.1795772,1.5042288,0.0,0.0,0.7849405
0.0,0.0,1.1115847,0.0,0.8018195,0.0,0.0,0.0,1.3997464,1.5627707,1.3404253,0.0,1.4607034,1.2064799,0.9262848,0.0,0.97955775,0.0,0.0,1.5685203,0.8304692,0.0,0.0,1.0689237,0.0,1.5251833,1.0719994,0.9274336,1.1916673,0.0,0.0,1.5946308
0.9551104,0.9822875,0.0,0.74562275,0.0,0.44011837,0.5522564,0.9353681,0.0,0.0,0.0,0.6879513,0.0,0.0,0.0,0.89013064,0.0,0.963212,0.76619333,0.0,0.0,0.5418692,0.64136684,0.0,0.88377076,0.0,0.0,0.0,0.0,0.6926737,0.671242,0.0
1.1636922,1.4047716,0.0,1.1764452,0.0,0.6868105,1.1889365,1.161722,0.0,0.0,0.0,1.1299868,0.0,0.0,0.0,1.4833211,0.0,1.2287511,1.1323302,0.0,0.0,1.1829152,1.240421,0.0,1.4740765,0.0,0.0,0.0,0.0,1.367236,0.9690051,0.0
1.1601596,1.1309752,0.0,1.1048325,0.0,0.77748466,0.7545533,1.1137233,0.0,0.0,0.0,0.8687396,0.0,0.0,0.0,1.0729307,0.0,1.1434494,1.1125792,0.0,0.0,0.8848475,0.92889595,0.0,1.3390893,0.0,0.0,0.0,0.0,1.0051354,0.77551246,0.0
0.0,0.0,0.9499701,0.0,0.15932918,0.0,0.0,0.0,1.1161532,1.0173836,0.84360194,0.0,0.96005297,1.2008936,0.3446246,0.0,1.0020022,0.0,0.0,1.0380262,0.64485496,0.0,0.0,0.7829484,0.0,0.8661459,0.60572493,0.33896437,0.8873999,0.0,0.0,0.735255
1.3413225,1.649316,0.0,1.2654424,0.0,1.3544906,1.31186,1.3598368,0.0,0.0,0.0,1.4789995,0.0,0.0,0.0,1.4357733,0.0,1.7007492,1.4688147,0.0,0.0,1.4992521,1.2292824,0.0,1.7478739,0.0,0.0,0.0,0.0,1.2852091,1.2919914,0.0
1.5012027,1.5871341,0.0,1.3167465,0.0,1.2665662,1.3292909,1.4280936,0.0,0.0,0.0,1.5014616,0.0,0.0,0.0,1.4448274,0.0,1.6287763,1.4401623,0.0,0.0,1.3324301,1.2213885,0.0,1.6505085,0.0,0.0,0.0,0.0,1.2794986,1.4331157,0.0
0.0,0.004297495,0.7371303,0.0,0.17177929,0.0,0.0,0.0,0.70900536,0.3294413,0.94472456,0.0,0.4746015,0.2741701,0.62123173,0.0019005314,0.4938846,0.0,0.028298475,0.476723,0.49565685,0.0,0.0,0.73887867,0.0,0.69527316,0.5194709,0.5720383,1.0196474,0.0,0.0,0.27062055
0.0,0.0,0.42349598,0.0,0.0,0.0,0.0,0.09702431,0.04849128,0.23900297,0.22824818,0.0,0.20184761,0.0,0.10920827,0.0,0.0,0.0,0.0,0.04644467,0.2248343,0.0,0.0,0.39651144,0.0,0.053709403,0.3954298,0.03376233,0.22760954,0.0,0.0,0.21792962
0.0,0.0,0.5989655,0.0,0.4316063,0.0,0.0,0.0,0.6345215,0.44748077,0.7704814,0.0,0.5837081,0.1630584,0.6520066,0.0,0.24496284,0.0,0.0,0.42837676,0.48892495,0.0,0.0,0.61452866,0.0,0.5166569,0.6007875,0.5631805,0.84954506,0.0,0.0,0.47059238
0.0,0.0,1.3362762,0.0,0.76699835,0.0,0.0,0.0,1.2579151,1.2216874,0.92593557,0.0,1.200688,1.7213795,0.43320832,0.0,1.6719893,0.0,0.0,1.1593086,1.3863162,0.0,0.0,1.4702741,0.0,1.3305216,0.7946593,0.22514515,1.255252,0.0,0.0,1.2642797
0.0,0.0,0.9894211,0.0,0.34931606,0.0,0.0,0.0,0.8318421,0.41702,1.2733545,0.0,0.5747802,0.7815824,1.1292518,0.0,0.4626235,0.0,0.04346449,0.99230003,0.4395198,0.0,0.0,0.75821215,0.0,0.8744661,0.18572345,0.8103398,1.2747058,0.0,0.0,0.3723687
0.6223763,0.83569986,0.0,0.8949048,0.0,0.6293032,0.8173118,0.8433724,0.0,0.0,0.0,0.8401163,0.0,0.0,0.0,0.69452333,0.0,0.48454675,0.94271785,0.0,0.0,0.7319851,0.65465903,0.0,0.8321059,0.0,0.0,0.0,0.0,0.8542326,0.52815014,0.0
1.1369296,1.4247524,0.0,1.090726,0.0,1.1338425,1.2364246,1.1879692,0.0,0.0,0.0,1.3395685,0.0,0.0,0.0,1.287481,0.0,1.4838554,1.3212279,0.0,0.0,1.2957203,1.2746603,0.0,1.4431862,0.0,0.0,0.0,0.0,1.2227741,1.2984519,0.0
0.0,0.0,1.4192436,0.0,1.3156099,0.0,0.0,0.0,1.3099234,1.2016832,1.3813008,0.0,1.3943346,1.3495297,1.5136865,0.0,1.6504998,0.0,0.0,1.4744565,1.442063,0.0,0.0,1.3470631,0.0,1.0853515,1.6763,1.383564,1.0923641,0.0,0.0,1.2143897
0.0,0.0,0.57295495,0.0,0.28604695,0.0,0.0,0.03954269,0.5307193,0.23953384,0.51230127,0.0,0.33997905,0.25698563,0.490359,0.0,0.46484485,0.0,0.021333188,0.31049618,0.5790777,0.0,0.0,0.70876104,0.0,0.33444506,0.5528682,0.42181814,0.6811998,0.0,0.0,0.16142699
0.0,0.20807853,0.11698369,0.24396089,0.0,0.20360623,0.17269564,0.21548769,0.0,0.0,0.09178982,0.14715883,0.13247278,0.0,0.09090576,0.39418453,0.02062703,0.0,0.204882,0.13176675,0.016173039,0.040702388,0.029981323,0.0,0.25716895,0.0,0.04882249,0.0,0.022489898,0.15467066,0.010350656,0.0
0.0,0.1236289,0.26562154,0.0,0.15787356,0.056334466,0.0,0.2571811,0.19416758,0.2929774,0.3481368,0.0416333,0.26149845,0.31588438,0.58186376,0.0,0.34879768,0.13334437,0.21898079,0.4813814,0.4514295,0.0,0.15021527,0.35868233,0.026002139,0.0029122382,0.26503688,0.5128651,0.23341107,0.08851405,0.0,0.0
0.0,0.0,0.6660135,0.0,0.39935046,0.0,0.0,0.0,0.53928024,0.35887435,0.78574306,0.0,0.5602872,0.09046211,0.57112014,0.0,0.6635184,0.0,0.0,0.34381318,0.56944615,0.0,0.0,0.7931614,0.0,0.4419996,0.56218857,0.67081153,0.6884009,0.0,0.0,0.3144548
0.0,0.0,0.99698555,0.0,0.5640104,0.0,0.0,0.0,0.81462264,0.6800191,0.83087164,0.0,0.9588477,0.8208122,0.7733801,0.0,1.0736152,0.0,0.0,0.898748,0.63702375,0.0,0.0,0.97037023,0.0,0.8163376,0.94395995,1.0619154,0.76663506,0.0,0.0,0.61957246
0.0,0.0,1.1690739,0.0,1.2860204,0.0,0.0,0.0,1.129999,0.9027123,1.1725899,0.0,0.96097934,1.2581962,1.2871671,0.0,1.736733,0.0,0.0,1.3408396,1.372672,0.0,0.0,1.1320792,0.0,1.1010412,1.2497305,1.1555548,1.0424626,0.0,0.0,0.7107816
0.0,0.0,0.48130333,0.0,0.0,0.0,0.0,0.21150842,0.17414725,0.08871855,0.4933402,0.0,0.2919511,0.0,0.27450618,0.0,0.08370149,0.0,0.0,0.09345506,0.11742213,0.0,0.0,0.46651047,0.0,0.14958426,0.45214868,0.32565156,0.46352547,0.0,0.0,0.19014266
0.66626364,0.79481924,0.0,0.9322717,0.0,0.71838284,0.9121947,0.8363993,0.0,0.0,0.0,0.9177164,0.0,0.0,0.0,0.8809457,0.0,0.62340397,0.9989938,0.0,0.0,0.80670613,0.7538377,0.0,1.1007291,0.0,0.0,0.0,0.0,0.8957736,0.7965154,0.0
0.0,0.101175144,0.41866428,0.0,0.22148338,0.0,0.0,0.11809235,0.2769483,0.13165933,0.607622,0.0,0.3523634,0.0,0.55978334,0.0,0.0,0.0,0.0,0.22463301,0.28183573,0.0,0.0,0.45662433,0.0,0.16155025,0.4330094,0.38379973,0.48593917,0.0,0.0,0.055131167
0.32429045,0.458473,0.0,0.3552406,0.0,0.5091721,0.8057106,0.23271787,0.0,0.0,0.0,0.6744265,0.0,0.0,0.0,0.7004181,0.0,0.34202665,0.56124616,0.0,0.0,0.48649114,0.4169531,0.0,0.48253077,0.0,0.0,0.0,0.0,0.6313829,0.54146326,0.0
0.37421077,0.41925275,0.0,0.43643293,0.0,0.45079637,0.58092695,0.6167179,0.0,0.0,0.0,0.5489304,0.0,0.0,0.0,0.51321256,0.0,0.33478594,0.61849815,0.0,0.0,0.40135664,0.37176627,0.0,0.48209321,0.0,0.0,0.0,0.0,0.43274042,0.3828252,0.0
0.0,0.0,0.7029897,0.0,0.43826628,0.0,0.0,0.0,0.57665807,0.47818708,0.7628391,0.0,0.6815068,0.22879383,0.50931096,0.0,0.6824977,0.0,0.0,0.46322474,0.50976944,0.0,0.0,0.7976778,0.0,0.6416252,0.45684606,0.46409112,0.75438064,0.0,0.0,0.5124061
0.20391916,0.39298666,0.0,0.54692626,0.0,0.27664587,0.51747406,0.61337656,0.0,0.0,0.0,0.45077217,0.0,0.0,0.0,0.56405455,0.0,0.29973283,0.5116242,0.0,0.0,0.25717095,0.4404736,0.0,0.53636837,0.0,0.0,0.0,0.0,0.5550953,0.13435112,0.0
0.0,0.0,0.81626344,0.0,0.4199403,0.0,0.0,0.0,0.9032359,0.59786266,1.2364986,0.0,0.85778975,0.0,1.1313128,0.0,0.7556677,0.0,0.0,0.41211912,1.0524153,0.0,0.0,1.3236891,0.0,0.8833473,1.1045053,1.3476146,0.8180641,0.0,0.0,0.47423506
0.0,0.0,1.3803881,0.0,0.0,0.0,0.0,0.0,0.6851544,1.3033137,0.8672259,0.0,1.3132837,0.629862,0.7871269,0.0,0.0,0.0,0.0,1.3147948,0.13847859,0.0,0.0,0.4470505,0.0,1.4376662,0.83612484,0.15307349,1.0637342,0.0,0.0,1.1742173
0.033499263,0.079409406,0.3088532,0.0,0.044385575,0.032723777,0.0,0.31486666,0.0,0.0,0.2743762,0.022737678,0.13111947,0.0,0.2729502,0.08453275,0.14709738,0.0,0.16361381,0.114956394,0.3158946,0.0,0.0,0.33090526,0.0,0.0,0.24120623,0.14065328,0.22015908,0.0,0.0,0.0
0.941281,1.0436729,0.0,0.864099,0.0,0.53203464,0.49193752,0.99599606,0.0,0.0,0.0,0.8121096,0.0,0.0,0.0,0.9938644,0.0,0.7884224,0.7753868,0.0,0.0,0.5974791,0.7598016,0.0,1.0277677,0.0,0.0,0.0,0.0,0.9611536,0.4209452,0.0
0.8777806,0.8275581,0.0,0.65118176,0.0,0.3801337,0.544193,1.1133705,0.0,0.0,0.0,0.5980661,0.0,0.0,0.0,0.97044015,0.0,0.67551625,0.7691492,0.0,0.0,0.59286016,0.6825192,0.0,0.94405913,0.0,0.0,0.0,0.0,0.79405004,0.48987937,0.0
0.0,0.0,0.4109319,0.0,0.0,0.0,0.0,0.1758065,0.24266894,0.36007082,0.20665807,0.0,0.06553334,0.0,0.30802667,0.0,0.0,0.0,0.0,0.09084993,0.23554951,0.0,0.0,0.5692481,0.0,0.022483677,0.5210651,0.37681115,0.3267059,0.0,0.0,0.14694516
0.40913337,0.39975122,0.0,0.72528285,0.0,0.56081957,0.73004806,0.77233744,0.0,0.0,0.0,0.7004222,0.0,0.0,0.0,0.6507754,0.0,0.41135636,0.7261366,0.0,0.0,0.49033073,0.52070695,0.0,0.63811046,0.0,0.0,0.0,0.0,0.5571653,0.43860614,0.0
0.0,0.0,2.0592258,0.0,1.1477356,0.0,0.0,0.0,1.5209455,2.0106673,1.2854838,0.0,1.8981054,1.9232515,1.4739119,0.0,0.26619482,0.0,0.0,1.2026103,0.4896355,0.0,0.0,0.5214321,0.0,2.1936939,1.7134086,1.5196908,1.8408298,0.0,0.0,2.1670032
0.4072492,0.6753472,0.0,0.60484856,0.0,0.38354006,0.7041514,0.5888768,0.0,0.0,0.0,0.6649207,0.0,0.0,0.0,0.6652997,0.0,0.3714483,0.6927299,0.0,0.0,0.5465635,0.7172978,0.0,0.81381416,0.0,0.0,0.0,0.0,0.878242,0.44172755,0.0
0.0,0.0,0.7604526,0.0,0.0051398166,0.0,0.0,0.0,0.64758855,0.6985808,0.5641463,0.0,0.73111635,0.6034081,0.37649444,0.0,0.61724126,0.0,0.0,0.70490766,0.5771762,0.0,0.0,0.80753845,0.0,0.49337023,0.72277933,0.32848236,0.5375984,0.0,0.0,0.56990457
0.21258596,0.21120001,0.0,0.31739226,0.0,0.3217794,0.2961468,0.3549926,0.0,0.0,0.0,0.2523023,0.0,0.0,0.0,0.3942933,0.0,0.048805192,0.54070115,0.0,0.0,0.3079211,0.012631515,0.0,0.3263451,0.0,0.0,0.0,0.0,0.16387177,0.42010912,0.0
0.63059676,0.74732596,0.0,0.8429761,0.0,0.6915923,0.8300751,0.76454777,0.0,0.0,0.0,0.8668358,0.0,0.0,0.0,0.8489835,0.0,0.7618396,0.920597,0.0,0.0,0.7838697,0.7474295,0.0,0.99260664,0.0,0.0,0.0,0.0,0.864261,0.60874814,0.0
0.0,0.0,0.9010905,0.0,0.49874747,0.0,0.0,0.0,0.98621625,0.806981,0.92398006,0.0,1.0538642,0.92655456,0.6221206,0.0,0.7887809,0.0,0.0,0.9372871,0.7352946,0.0,0.0,0.8357272,0.0,0.85482454,0.8098614,0.6291662,1.0494417,0.0,0.0,1.0216732
0.0,0.0,0.7796782,0.0,0.28663528,0.0,0.0,0.0,0.6029633,0.57148683,0.6484522,0.0,0.73105973,0.6342353,0.73220485,0.0,0.8113929,0.0,0.0,0.78854,0.8072837,0.0,0.0,0.87617165,0.0,0.3690493,0.9387448,0.7296658,0.479629,0.0,0.0,0.53475916
0.0,0.0,1.865037,0.0,1.1232307,0.0,0.0,0.0,1.481493,1.4544696,1.3447441,0.0,1.7119912,1.5971043,2.247591,0.0,1.3232973,0.0,0.0,1.2702898,1.0796878,0.0,0.0,1.4647329,0.0,1.4267399,2.0194871,2.2036853,1.337113,0.0,0.0,1.6774572
0.48413295,0.65102035,0.0,0.69667935,0.0,0.72576296,0.8145824,0.8691285,0.0,0.0,0.0,1.0224919,0.0,0.0,0.0,0.6294675,0.0,0.5625467,0.9070162,0.0,0.0,0.68270993,0.554827,0.0,0.6600542,0.0,0.0,0.0,0.0,0.7380074,0.4537813,0.0
0.0,0.3300327,0.009560697,0.29700696,0.0,0.025144335,0.48669636,0.0,0.043350935,0.0,0.30215055,0.47138262,0.0,0.10938169,0.05227232,0.43622172,0.0,0.0,0.26492086,0.007281281,0.30003193,0.13301222,0.4341734,0.0,0.18330726,0.0374838,0.12139712,0.23094003,0.106906325,0.5704691,0.0,0.0
0.8392442,0.8896413,0.0,1.0537323,0.0,0.7608161,1.0801243,0.967687,0.0,0.0,0.0,1.053162,0.0,0.0,0.0,0.93107414,0.0,0.7197625,1.0558734,0.0,0.0,0.8686181,0.8393394,0.0,1.1249223,0.0,0.0,0.0,0.0,0.996923,0.7991508,0.0
0.2833292,0.49765778,0.0,0.5772512,0.0,0.36771524,0.5382398,0.5283032,0.0,0.0,0.0,0.5452643,0.0,0.0,0.0,0.5021692,0.0,0.32737198,0.65617466,0.0,0.0,0.5309251,0.41791838,0.0,0.6752297,0.0,0.0,0.0,0.0,0.52072966,0.42959586,0.0
0.0,0.0,1.6912,0.0,1.2167103,0.0,0.0,0.0,1.4393413,1.5680493,1.5731156,0.0,1.1353514,0.7367188,1.185422,0.0,0.51015264,0.0,0.0,1.0883389,0.8654516,0.0,0.0,2.2022483,0.0,1.8503518,0.9825887,0.91696936,1.7288388,0.0,0.0,1.1928544
0.0,0.0,1.2874963,0.0,0.0,0.0,0.0,0.0,0.6925253,1.0992684,0.7156372,0.0,0.8775241,0.88514954,0.5540002,0.0,0.0,0.0,0.0,0.8300722,0.23377869,0.0,0.0,0.20774645,0.0,1.3883283,0.7620225,0.3846687,1.0489192,0.0,0.0,0.8127539
0.0,0.26483968,0.58169127,0.0,0.20706964,0.0,0.04569406,0.0,0.5700934,0.23130333,0.62824833,0.1793845,0.62225085,0.67192703,0.46919984,0.0,0.6138458,0.0,0.09544295,0.6816677,0.5624709,0.0,0.08158835,0.22284439,0.0,0.44225115,0.25778663,0.32137775,0.5552934,0.150607,0.0,0.29635552
0.86241925,0.9270775,0.0,1.0689559,0.0,0.8030389,1.099855,0.9636996,0.0,0.0,0.0,1.1255692,0.0,0.0,0.0,1.0208116,0.0,0.7356691,1.0223691,0.0,0.0,0.95137167,0.94651854,0.0,1.250457,0.0,0.0,0.0,0.0,1.1238127,0.828319,0.0
0.51549816,0.8487904,0.0,0.9244849,0.0,0.73945516,0.615436,0.59472114,0.0,0.0,0.0,0.7212972,0.0,0.0,0.0,0.53941995,0.0,0.65210855,0.962237,0.0,0.0,0.8794519,0.75317395,0.0,0.83865696,0.0,0.0,0.0,0.0,0.81471354,0.55441403,0.0
0.0,0.0,0.84622896,0.0,0.0,0.0,0.0,0.0,0.31307077,1.1035116,0.73006576,0.0,1.1204735,0.85571074,0.3624336,0.0,0.40910658,0.0,0.0,0.7522636,0.89728,0.0,0.0,0.0,0.0,1.287273,1.014792,0.37833035,0.71938497,0.0,0.0,1.1555072
0.0,0.0,1.6671584,0.0,1.2739512,0.0,0.0,0.0,2.2940128,1.8280089,1.5539861,0.0,1.9875782,2.3897893,1.1815112,0.0,1.1380166,0.0,0.0,2.1066825,0.8916938,0.0,0.0,0.75718695,0.0,2.0862832,1.3264561,1.0761696,1.6603713,0.0,0.0,2.3113027
0.0,0.0,0.36370325,0.0,0.0,0.0,0.0,0.07427633,0.062139846,0.06947512,0.4229653,0.0,0.3103206,0.0,0.23916717,0.0,0.17018077,0.0,0.0,0.052056056,0.25676703,0.0,0.0,0.41706178,0.0,0.07443494,0.36896157,0.2660214,0.29684696,0.0,0.0,0.17024979
0.32276803,0.48954967,0.0,0.47824612,0.0,0.30907297,0.59310746,0.6060044,0.0,0.0,0.0,0.56981355,0.0,0.0,0.0,0.592039,0.0,0.33344796,0.57469916,0.0,0.0,0.44980392,0.56698775,0.0,0.64541686,0.0,0.0,0.0,0.0,0.67034715,0.34524664,0.0
0.5773817,0.7255818,0.0,0.74696195,0.0,0.7452563,0.7518249,0.7148012,0.0,0.0,0.0,0.8473322,0.0,0.0,0.0,0.7057504,0.0,0.62418777,0.8842219,0.0,0.0,0.7277058,0.6687416,0.0,0.83971125,0.0,0.0,0.0,0.0,0.8053906,0.58608764,0.0
0.0,0.16953799,0.3315797,0.053842664,0.025063567,0.12408779,0.21827325,0.21609427,0.34975433,0.14068675,0.40373063,0.24282792,0.32237846,0.20790182,0.529217,0.25045782,0.29852277,0.0,0.12646683,0.480556,0.32890895,0.0,0.12712365,0.26339337,0.012221977,0.12760517,0.33480746,0.37674248,0.40350002,0.2858551,0.0,0.026106626
0.0,0.0,0.6456697,0.0,0.87584955,0.0,0.0,0.0,0.8891696,0.75296825,0.9033825,0.0,0.93511426,0.888569,0.8023439,0.0,0.77059597,0.0,0.0,0.95989215,0.87252665,0.0,0.0,0.53313965,0.0,0.78158957,0.63464665,0.833273,1.0188187,0.0,0.0,0.7000096
0.0,0.0,1.1518025,0.0,0.4744298,0.0,0.0,0.0,0.9508727,1.0470608,1.2661198,0.0,1.7270381,1.5203594,0.95136774,0.0,1.0412908,0.0,0.0,1.1877093,1.0811274,0.0,0.0,0.7289118,0.0,1.3213844,1.1549748,1.2522733,1.3511026,0.0,0.0,1.8845197
0.0,0.0,1.2480232,0.0,0.7793875,0.0,0.0,0.0,1.2217988,1.2059088,1.1558526,0.0,1.2934284,0.81126237,1.1772381,0.0,0.85120016,0.0,0.0,1.2589768,1.2801367,0.0,0.0,1.8323984,0.0,0.9395448,1.3937017,1.3319027,1.003982,0.0,0.0,1.1091154
0.0,0.0,1.1060688,0.0,0.84767777,0.0,0.0,0.0,1.2430519,0.97631437,1.4881968,0.0,1.1816542,0.8809299,1.7361631,0.0,1.4659042,0.0,0.0,1.2579285,1.4791986,0.0,0.0,1.672946,0.0,1.1355633,1.5093869,1.8160995,0.9750273,0.0,0.0,0.8799548
0.0,0.0,2.0940127,0.0,1.3028352,0.0,0.0,0.0,1.5927329,1.5286136,1.7852646,0.0,1.595784,1.7786082,2.5136404,0.0,1.8647585,0.0,0.0,1.5495865,1.184464,0.0,0.0,1.8330961,0.0,1.4477638,1.9436678,2.3811202,1.62773,0.0,0.0,1.5357622
0.19008191,0.31225574,0.0,0.35366502,0.0,0.3057549,0.42378557,0.5709883,0.0,0.0,0.0,0.34362417,0.0,0.0,0.0,0.5331407,0.0,0.2178807,0.60628283,0.0,0.0,0.25325835,0.2897411,0.0,0.50145024,0.0,0.0,0.0,0.0,0.33121204,0.471905,0.0
0.0,0.0,1.5617808,0.0,2.9826221,0.0,0.0,0.0,2.205898,2.799364,2.130758,0.0,1.2281026,1.2022704,2.7532024,0.0,1.1030015,0.0,0.0,1.7876052,1.9588857,0.0,0.0,2.9052258,0.0,2.4157732,1.766548,3.0093877,1.7211981,0.0,0.0,1.8398186
0.0,0.0,1.0349171,0.0,3.0617166,0.0,0.0,0.0,3.144421,4.070591,3.2124825,0.0,2.3540275,2.8594348,1.6275223,0.0,2.3967292,0.0,0.0,3.2282293,0.8389084,0.0,0.0,2.1608894,0.0,3.0924573,2.6588197,3.2458978,1.9331819,0.0,0.0,2.6419137
0.105664805,0.3988212,0.0,0.34400547,0.0,0.111218296,0.701278,0.0,0.0,0.0,0.2315439,0.441396,0.0,0.0,0.0,0.61613685,0.0,0.068696246,0.7031552,0.0,0.0,0.32697266,0.0,0.13906553,0.23555565,0.0,0.0,0.0,0.0,0.37425214,0.5611098,0.0
0.0,0.0,1.7368325,0.0,1.2532421,0.0,0.0,0.0,1.3008043,1.4088415,1.7433962,0.0,0.8774349,1.1063226,2.232986,0.0,1.7593198,0.0,0.0,1.6314569,1.3211541,0.0,0.0,1.6413532,0.0,1.5367888,1.1098373,1.9028268,1.5651183,0.0,0.0,0.65239495
0.0,0.0,1.228998,0.0,1.2215984,0.0,0.0,0.0,1.4588861,0.9757942,0.97267234,0.0,0.9383073,0.6133183,1.7060039,0.0,0.8724419,0.0,0.0,1.3581834,1.0876408,0.0,0.0,1.5106341,0.0,0.9715238,1.791789,1.5945957,1.5203178,0.0,0.0,1.0599066
0.0,0.0,1.2129995,0.0,1.259662,0.0,0.0,0.0,1.3514813,1.0401042,1.1401687,0.0,0.836557,0.6521798,1.51446,0.0,1.093275,0.0,0.0,1.1354758,1.0916246,0.0,0.0,1.4720433,0.0,0.8637409,1.3269658,1.5112336,1.3370169,0.0,0.0,0.85318613
0.49468946,0.58065957,0.0,0.74810416,0.0,0.5243097,0.70755506,0.69172436,0.0,0.0,0.0,0.6306647,0.0,0.0,0.0,0.74744195,0.0,0.47061935,0.7218466,0.0,0.0,0.4849022,0.5852134,0.0,0.795962,0.0,0.0,0.0,0.0,0.70317036,0.45622337,0.0
0.0,0.0,1.4754766,0.0,1.1101946,0.0,0.0,0.0,1.5270185,1.5694327,1.9025509,0.0,2.2440128,2.098719,1.6944126,0.0,2.1637578,0.0,0.0,1.2548757,1.0649747,0.0,0.0,0.82337844,0.0,1.6313683,2.5168588,2.4527974,1.7454724,0.0,0.0,2.799814
0.0,0.0,1.5128556,0.0,0.67907196,0.0,0.0,0.0,1.4514291,1.3018819,1.0453119,0.0,1.5533252,1.6105363,0.75465095,0.0,1.7976736,0.0,0.0,1.6696153,1.2576694,0.0,0.0,1.6783051,0.0,1.2775246,1.3192987,0.7414955,1.2230417,0.0,0.0,1.3542978
0.95396364,1.4248897,0.0,1.0180928,0.0,1.1879964,1.1001501,0.9238153,0.0,0.0,0.0,1.1892017,0.0,0.0,0.0,0.99044526,0.0,1.2881923,1.2438041,0.0,0.0,1.1665756,0.84845674,0.0,1.2510467,0.0,0.0,0.0,0.0,1.0817692,0.96576357,0.0
0.0,0.0,1.0604302,0.0,1.8372499,0.0,0.0,0.0,1.142797,1.9764147,2.374272,0.0,1.4331874,0.96039903,1.8325256,0.0,1.0354029,0.0,0.0,0.9083653,0.705112,0.0,0.0,1.7423664,0.0,1.5239912,1.5193479,2.473501,0.7357264,0.0,0.0,0.9888346
0.0,0.0,1.0203382,0.0,0.31760043,0.0,0.0,0.0,1.1129359,0.70766836,1.5513917,0.0,0.9627035,0.90776664,1.389692,0.0,0.3544307,0.0,0.0,1.3898044,0.37197927,0.0,0.0,1.2359419,0.0,0.82271135,0.8782502,1.3329246,1.5921552,0.0,0.0,1.2198601
0.0,0.0,1.8446201,0.0,0.35980976,0.0,0.0,0.0,1.3622887,1.5991615,1.2626418,0.0,1.762846,1.3228954,1.5563775,0.0,0.1764493,0.0,0.0,1.4964572,0.41891465,0.0,0.0,0.79400545,0.0,2.0856483,1.3655479,1.2542429,1.5760258,0.0,0.0,1.7101142
0.0,0.0,1.0982739,0.0,1.1642085,0.0,0.0,0.0,0.99483335,0.7792265,0.8547537,0.0,0.86779374,1.1342025,1.2404352,0.0,1.2667631,0.0,0.0,1.2812352,1.1600307,0.0,0.0,0.80536795,0.0,0.8351054,0.9413751,1.1232398,0.8265203,0.0,0.0,0.59806204
0.0,0.0,1.3931485,0.0,1.681883,0.0,0.0,0.0,1.5794392,1.3618182,1.3838503,0.0,1.0845222,0.9115084,1.4542958,0.0,1.0044316,0.0,0.0,1.242951,1.2625303,0.0,0.0,1.322283,0.0,1.3102298,1.7149119,1.2125123,1.5054787,0.0,0.0,1.2478023
1.2943909,1.5331856,0.0,1.353738,0.0,1.1006663,1.222929,1.2026116,0.0,0.0,0.0,1.4012246,0.0,0.0,0.0,1.3640445,0.0,1.4582806,1.3600714,0.0,0.0,1.401612,1.32904,0.0,1.6457093,0.0,0.0,0.0,0.0,1.2764825,1.2839991,0.0
1.356044,1.4771489,0.0,1.3977734,0.0,1.1512715,1.2839097,1.3089529,0.0,0.0,0.0,1.4801819,0.0,0.0,0.0,1.3984302,0.0,1.5134853,1.4899267,0.0,0.0,1.3492147,1.2651368,0.0,1.6845914,0.0,0.0,0.0,0.0,1.3739924,1.3209316,0.0
0.96786237,1.0113723,0.0,1.1539168,0.0,0.95306957,1.1763994,0.97564423,0.0,0.0,0.0,1.1884683,0.0,0.0,0.0,1.0739148,0.0,0.85418206,1.1509688,0.0,0.0,1.002304,0.8759748,0.0,1.2567664,0.0,0.0,0.0,0.0,1.0520755,0.8830366,0.0
0.37954938,0.22205989,0.023225814,0.35256773,0.0,0.47168118,0.23838978,0.52919465,0.0,0.0,0.0,0.28316897,0.0,0.0,0.0,0.19517055,0.0,0.6910284,0.480422,0.0,0.09242205,0.52553535,0.36882713,0.0,0.61135817,0.0,0.0,0.0,0.0,0.22386408,0.49031255,0.0
0.0,0.0,1.1853749,0.0,0.98679453,0.0,0.0,0.0,1.4764913,0.93061054,1.5563447,0.0,1.0888817,1.5659971,0.9604155,0.0,1.4523153,0.0,0.0,1.4088216,1.2220094,0.0,0.0,1.2675345,0.0,1.5147549,0.8916982,0.7532042,1.7755698,0.0,0.0,1.0331662
0.22283764,0.15322351,0.0,0.1846146,0.0,0.3068273,0.18020871,0.3371153,0.0,0.0,0.0,0.30118728,0.0,0.021612935,0.0,0.2545904,0.0,0.18852364,0.48889115,0.0,0.073977664,0.29888815,0.101961754,0.09394523,0.24925616,0.0,0.0,0.0,0.0,0.108611844,0.24416424,0.0
0.0,0.0,1.2673699,0.0,1.2528837,0.0,0.0,0.0,1.3548837,1.0508828,1.3173201,0.0,1.2052059,1.4088206,1.3014288,0.0,1.6953193,0.0,0.0,1.4547117,1.3217138,0.0,0.0,1.0557559,0.0,0.9666261,1.499382,1.2342613,1.1328659,0.0,0.0,1.0529681
0.0,0.0,1.4441701,0.0,1.865003,0.0,0.0,0.0,1.9911611,1.6830822,2.2419026,0.0,1.8193038,2.1970232,1.6520485,0.0,2.2398615,0.0,0.0,2.840076,1.6829523,0.0,0.0,1.704361,0.0,1.5755318,1.8492252,1.6739643,1.7621427,0.0,0.0,1.6373694
0.0,0.0,1.3578968,0.0,2.5537813,0.0,0.0,0.0,1.9113913,2.4615793,1.6876603,0.0,1.0066714,1.5994413,1.8094708,0.0,1.5413417,0.0,0.0,1.8357654,2.0824468,0.0,0.0,1.9555135,0.0,1.916865,1.5034333,1.5624951,1.469861,0.0,0.0,1.4992497
0.0,0.0,1.3515552,0.0,2.3879535,0.0,0.0,0.0,1.8573015,1.9962091,1.6281388,0.0,1.0051618,1.4625068,1.9082707,0.0,1.4588139,0.0,0.0,1.6249994,1.61994,0.0,0.0,1.6382455,0.0,1.8663521,1.5974717,1.8014963,1.4417231,0.0,0.0,1.4466448
0.0,0.0,1.3013531,0.0,1.5958152,0.0,0.0,0.0,1.7644216,1.8952947,1.4742296,0.0,1.202895,1.5452724,1.0541971,0.0,1.2715733,0.0,0.0,1.4068717,1.5547724,0.0,0.0,1.5216994,0.0,1.48998,1.6521596,1.1453516,1.4441718,0.0,0.0,1.5811929
0.0,0.0,1.3475889,0.0,1.5055608,0.0,0.0,0.0,2.268838,1.502947,2.0063906,0.0,1.2060782,0.2653524,2.3977408,0.0,0.7129606,0.0,0.0,1.870857,1.5514796,0.0,0.0,2.3307934,0.0,1.5326308,2.4853878,1.9920801,2.1882374,0.0,0.0,1.3414572
0.0,0.0,1.1764674,0.0,0.6463112,0.0,0.0,0.0,1.170744,0.76764685,1.4401408,0.0,1.4821342,0.60274786,1.3525841,0.0,1.3479934,0.0,0.0,1.0282645,1.3120782,0.0,0.0,1.3177843,0.0,0.9114345,1.8698317,1.548533,1.006992,0.0,0.0,0.967749
0.0,0.0,1.1037153,0.0,1.2529093,0.0,0.0,0.0,1.1778115,1.1670536,0.9629117,0.0,0.7815967,0.8209576,1.3325133,0.0,1.0201315,0.0,0.0,1.1269001,1.2777646,0.0,0.0,1.3996971,0.0,0.899055,0.91664785,1.1534027,1.1862657,0.0,0.0,0.931738
0.0,0.0,1.5282379,0.0,1.8834349,0.0,0.0,0.0,1.6660612,1.7617337,1.2491112,0.0,1.1678157,1.3475047,1.6209306,0.0,1.365729,0.0,0.0,1.6663129,1.6035259,0.0,0.0,2.0401652,0.0,1.4609439,1.4105747,1.4781896,1.5937657,0.0,0.0,1.3203967
0.56416917,0.8013663,0.0,0.33410966,0.0,0.45503345,0.21121886,0.6195112,0.0,0.0,0.0,0.46300554,0.0,0.0,0.04857179,0.1392415,0.07001064,0.6874,0.49798286,0.0,0.10171247,0.2341628,0.77676046,0.031589232,0.4227245,0.0,0.0,0.0,0.013525762,0.33669305,0.71940875,0.0
0.0,0.0,1.2426167,0.0,1.2072216,0.0,0.0,0.0,1.3102373,0.84307355,1.2270514,0.0,1.2797419,1.4671578,1.1236018,0.0,1.6560752,0.0,0.0,1.5224311,1.0489688,0.0,0.0,0.93315786,0.0,1.1143742,1.1041306,1.3050268,1.1067085,0.0,0.0,0.9965826
1.2619092,1.0494293,0.0,0.9681741,0.0,1.1308563,1.0241038,1.3122694,0.0,0.0,0.0,1.3028677,0.0,0.0,0.0,0.9393756,0.0,1.4870108,1.0716382,0.0,0.0,1.1428226,0.9388584,0.0,1.1473719,0.0,0.0,0.0,0.0,1.0228832,1.240423,0.0
0.0,0.0,0.788476,0.0,0.45213878,0.0,0.0,0.0,0.8124164,0.64937156,0.68760014,0.0,0.70689684,0.5981339,0.40548617,0.0,0.6131316,0.0,0.0,0.57229424,0.7612623,0.0,0.0,0.93836695,0.0,0.6540282,0.61597705,0.32703465,0.93366265,0.0,0.0,0.64770734
1.4255842,1.8432792,0.0,1.5586106,0.0,0.7535703,1.788789,0.2960455,0.0,0.0,0.0,1.6707599,0.0,0.0,0.0,1.7395555,0.0,1.1345681,1.7727498,0.0,0.0,1.5512747,1.0749531,0.0,1.5374877,0.0,0.0,0.0,0.0,1.6981877,1.5759518,0.0
1.4739188,1.9878944,0.0,1.726375,0.0,0.9316304,1.8243409,0.38639253,0.0,0.0,0.0,1.6950346,0.0,0.0,0.0,1.758887,0.0,1.199807,1.8273753,0.0,0.0,1.7861997,1.143633,0.0,1.6668421,0.0,0.0,0.0,0.0,1.7373034,1.5298958,0.0
0.55931765,0.60654587,0.0,0.81264514,0.0,0.5707272,0.87323713,0.7872478,0.0,0.0,0.0,0.784602,0.0,0.0,0.0,0.7507025,0.0,0.4728247,0.71580255,0.0,0.0,0.5752059,0.6627921,0.0,0.8250317,0.0,0.0,0.0,0.0,0.80207795,0.43835396,0.0
0.0,0.0,1.3833127,0.0,0.89013153,0.0,0.0,0.0,1.5655318,1.2009568,1.5085433,0.0,1.2520915,2.025568,0.7737456,0.0,1.8726526,0.0,0.0,1.6058116,1.3814936,0.0,0.0,1.7851247,0.0,1.7629479,0.75829434,0.42789274,1.7537576,0.0,0.0,1.3607374
0.3890007,0.465804,0.0,0.4760988,0.0,0.33435947,0.42309022,0.55686456,0.0,0.0,0.0,0.6002982,0.0,0.0,0.0,0.48760325,0.0,0.38508314,0.51675195,0.0,0.0,0.49403265,0.46155828,0.0,0.7051669,0.0,0.0,0.0,0.0,0.4652569,0.26053926,0.0
0.0,0.0,1.3351755,0.0,1.5295628,0.0,0.0,0.0,1.915542,1.7452737,1.5205092,0.0,1.4226782,1.5113031,1.6371322,0.0,1.0594827,0.0,0.0,1.9521475,1.2977623,0.0,0.0,1.1600152,0.0,1.1774493,1.6673622,1.6862824,1.2501599,0.0,0.0,1.5089772
0.0,0.40140033,0.092309535,0.21608746,0.0,0.46635097,0.28613853,0.3530057,0.0,0.0,0.030324452,0.34765583,0.037712682,0.0,0.15031214,0.3649398,0.0,0.20940153,0.52332574,0.086093165,0.04673695,0.2045524,0.40234005,0.0,0.18030629,0.0,0.0,0.0,0.0,0.30929968,0.25719208,0.0
0.0,0.0,1.6202172,0.0,1.5775659,0.0,0.0,0.0,1.5090574,1.4154377,0.8695959,0.0,1.268284,2.5238242,0.4178657,0.0,1.8139576,0.0,0.0,1.5759298,1.513908,0.0,0.0,1.1191963,0.0,1.8792665,0.2250664,0.38890988,1.0525726,0.0,0.0,1.2958412
0.0,0.0,1.5254623,0.0,1.6561636,0.0,0.0,0.0,1.5645978,1.6720177,1.72649,0.0,1.8144349,1.8197649,1.3727404,0.0,1.8997554,0.0,0.0,1.9452266,1.6831734,0.0,0.0,1.259215,0.0,1.2540934,1.666721,1.307793,1.2585917,0.0,0.0,1.4308572
0.0,0.0,1.4233475,0.0,1.3815951,0.0,0.0,0.0,1.3970406,1.1312178,1.4312044,0.0,1.475971,1.5545319,1.3811187,0.0,1.7512221,0.0,0.0,1.723668,1.3418434,0.0,0.0,1.0853875,0.0,1.1520981,1.3858782,1.1893163,1.1631378,0.0,0.0,1.0209106
0.0,0.0,1.3105965,0.0,1.16713,0.0,0.0,0.0,1.400131,0.971644,1.1738914,0.0,1.2445775,1.7626683,1.2142565,0.0,1.8442491,0.0,0.0,1.7002645,1.3409365,0.0,0.0,1.024371,0.0,1.1599824,1.1000798,1.1770377,1.1302412,0.0,0.0,1.1278181
0.0,0.0,0.15674892,0.04300472,0.0,0.026445925,0.037779443,0.120757274,0.023483295,0.17504382,0.20978254,0.0,0.2449725,0.0,0.0,0.03695833,0.0,0.0,0.057411805,0.04332418,0.0,0.0,0.0,0.24342155,0.0,0.0,0.22238559,0.08176379,0.026785113,0.0,0.0,0.123522
0.0,0.0,1.887632,0.0,0.7048895,0.0,0.0,0.0,1.3738642,1.6678,1.0903184,0.0,1.5056616,1.585258,0.97835827,0.0,0.0,0.0,0.0,0.8783679,0.3699363,0.0,0.0,0.0017585903,0.0,2.202106,1.5338727,0.8135323,1.6699655,0.0,0.0,1.6325896
0.11648378,0.22064027,0.096523196,0.1506952,0.0,0.20437007,0.08992653,0.3317749,0.0,0.075155355,0.09615399,0.17638192,0.09215329,0.21490607,0.37630615,0.10589373,0.3076961,0.28543094,0.22822708,0.33985606,0.22887346,0.16711976,0.25951907,0.093215935,0.34257674,0.0,0.19156317,0.25875023,0.0,0.2904958,0.038412027,0.0
0.5155386,0.5893069,0.0,0.71429837,0.0,0.52816874,0.80613357,0.8441558,0.0,0.0,0.0,0.783042,0.0,0.0,0.0,0.7601498,0.0,0.5586356,0.7584826,0.0,0.0,0.61386454,0.64397514,0.0,0.8722671,0.0,0.0,0.0,0.0,0.68870926,0.51450205,0.0
1.0794404,1.3402799,0.0,1.1324703,0.0,0.9736059,0.89171547,0.92593336,0.0,0.0,0.0,0.95725125,0.0,0.0,0.0,1.1570555,0.0,0.986284,1.245857,0.0,0.0,0.99786097,0.92160046,0.0,1.2339487,0.0,0.0,0.0,0.0,1.1452016,1.0071675,0.0
0.0,0.0,1.3527346,0.0,0.0,0.0,0.0,0.0,0.97066,1.04211,0.9741051,0.0,0.8558904,1.0031266,0.7699295,0.0,0.16567454,0.0,0.0,0.7707469,0.0,0.0,0.0,0.30160546,0.0,1.256209,0.7472256,0.7384612,1.2504122,0.0,0.0,0.8659536
0.0,0.0,1.4627051,0.0,2.0110526,0.0,0.0,0.0,1.6134052,1.4854294,1.4110862,0.0,1.1701089,1.6252791,1.6735514,0.0,1.7825017,0.0,0.0,1.8169469,1.5637338,0.0,0.0,1.5093191,0.0,1.592529,1.5395756,1.548338,1.3249663,0.0,0.0,1.0733199
0.0,0.0,1.4635407,0.0,1.7071112,0.0,0.0,0.0,1.6913029,1.4406824,1.5447079,0.0,1.4612445,1.9257696,1.5804303,0.0,2.1656544,0.0,0.0,1.995887,1.6897116,0.0,0.0,1.4426509,0.0,1.3517882,1.7162718,1.6668054,1.2506641,0.0,0.0,1.174405
0.0,0.0,1.202199,0.0,1.3315194,0.0,0.0,0.0,1.7197305,1.3338459,1.473883,0.0,0.9231178,1.4139942,1.6619849,0.0,1.2395169,0.0,0.0,1.6996423,1.3353988,0.0,0.0,1.4025979,0.0,1.3966295,1.4252408,1.6167694,1.4173963,0.0,0.0,1.0351658
0.0,0.0,0.7666606,0.0,0.58264196,0.0,0.0,0.0,0.85551447,0.683195,0.84856457,0.0,0.728612,0.4257907,0.76246494,0.0,0.39092365,0.0,0.0,0.61890084,0.6486019,0.0,0.0,0.63489145,0.0,0.6295357,0.73116165,0.9022966,0.9082622,0.0,0.0,0.68280774
0.0,0.0,0.9582766,0.0,0.76482576,0.0,0.0,0.0,0.7994874,0.7141398,0.88381886,0.0,0.65311956,0.5204591,0.852887,0.0,0.9322445,0.0,0.0,0.7822534,0.72416115,0.0,0.0,0.85686845,0.0,0.82830834,0.6798981,0.84990656,0.92103696,0.0,0.0,0.7166948
0.0,0.0,1.4124583,0.0,0.6463509,0.0,0.0,0.0,1.345525,1.3860677,1.9051732,0.0,2.4175766,1.5770589,1.8747317,0.0,1.7267921,0.0,0.0,1.363998,1.0235387,0.0,0.0,1.0353518,0.0,1.3888042,2.4338717,2.3409715,1.5368962,0.0,0.0,2.9007285
0.0,0.0,1.2765645,0.0,1.2638377,0.0,0.0,0.0,1.6876463,1.0189849,1.5431736,0.0,1.1422145,0.8499063,1.5054896,0.0,1.0596309,0.0,0.0,1.2271585,1.3431723,0.0,0.0,1.1687952,0.0,1.203754,1.9296099,1.6037339,1.4876089,0.0,0.0,0.98557115
0.9804068,1.3031751,0.0,0.86809665,0.0,0.78520435,0.91727793,0.8334851,0.0,0.0,0.0,0.7784416,0.0,0.0,0.0,0.9720443,0.0,0.7606917,0.9940492,0.0,0.0,0.78628135,0.759536,0.0,0.9657311,0.0,0.0,0.0,0.0,1.0216163,0.98777354,0.0
1.1373518,1.2037321,0.0,1.0561684,0.0,0.9295848,0.7986516,0.94403386,0.0,0.0,0.0,0.9845812,0.0,0.0,0.0,1.0024499,0.0,0.9706222,1.151098,0.0,0.0,0.8421311,0.5903877,0.0,1.0886943,0.0,0.0,0.0,0.0,1.0182748,0.87820834,0.0
0.0,0.0,1.3903852,0.0,1.5191476,0.0,0.0,0.0,1.3098147,1.1891562,1.2815825,0.0,1.2887815,1.6042974,1.546862,0.0,1.8120924,0.0,0.0,1.6261147,1.5116516,0.0,0.0,1.2834914,0.0,1.2417518,1.4222208,1.3591654,1.0628177,0.0,0.0,1.0458411
0.2522335,0.2963741,0.0,0.38621834,0.0,0.21076268,0.3902349,0.526954,0.0,0.0,0.0,0.25019413,0.0,0.0,0.0,0.4449165,0.0,0.053282287,0.42450497,0.0,0.0,0.09863332,0.21906343,0.0,0.41246998,0.0,0.0,0.0,0.0,0.37816668,0.1040332,0.0
0.0,0.0,1.249213,0.0,1.7846758,0.0,0.0,0.0,1.8424997,1.6817622,1.402222,0.0,0.92234045,1.1037295,1.3269545,0.0,1.0588433,0.0,0.0,1.2850394,1.0313437,0.0,0.0,1.4501216,0.0,1.4700606,1.6167467,1.4151055,1.5681741,0.0,0.0,1.43526
0.69442534,0.86241865,0.0,0.99093765,0.0,0.9024148,1.0744538,0.83913493,0.0,0.0,0.0,1.0471063,0.0,0.0,0.0,0.91043055,0.0,0.7015332,1.0834935,0.0,0.0,0.9371287,0.70904815,0.0,0.98388994,0.0,0.0,0.0,0.0,0.9173416,0.6400336,0.0
0.2756654,0.47024816,0.0,0.5205886,0.0,0.3911745,0.544846,0.52443904,0.0,0.0,0.0,0.4561324,0.0,0.0,0.0,0.62464786,0.0,0.3686236,0.5450191,0.0,0.0,0.4266931,0.35909352,0.0,0.6585053,0.0,0.0,0.0,0.0,0.4977654,0.2637048,0.0
0.0,0.0,1.2758268,0.0,0.41005427,0.0,0.0,0.0,1.0080237,1.7351292,1.3138169,0.0,2.2060804,1.8272185,1.0115235,0.0,1.6635109,0.0,0.0,1.9460295,1.3698854,0.0,0.0,1.0051877,0.0,1.3071349,1.8122051,1.8369312,1.4621253,0.0,0.0,2.7029374
1.568721,1.7244557,0.0,1.4974511,0.0,1.3886101,1.5159731,1.283214,0.0,0.0,0.0,1.5118163,0.0,0.0,0.0,1.5320233,0.0,1.405874,1.4314178,0.0,0.0,1.2988191,1.0668283,0.0,1.6635052,0.0,0.0,0.0,0.0,1.4745251,1.3431407,0.0
0.0,0.0,0.6526362,0.0,0.3537745,0.0,0.0,0.0,0.6552254,0.6477923,0.7499188,0.0,0.65979403,0.0,0.59390414,0.0,0.008204378,0.0,0.0,0.3777696,0.33830908,0.0,0.0,0.8535363,0.0,0.5700796,0.7827798,0.390343,0.864203,0.0,0.0,0.5410549
0.0,0.0,1.3532968,0.0,1.5434018,0.0,0.0,0.0,1.4941269,1.1806115,1.3008872,0.0,1.068944,0.93628824,1.3303324,0.0,1.0228217,0.0,0.0,1.2083433,1.152475,0.0,0.0,1.1341288,0.0,1.2262818,1.5854448,1.1426159,1.3816128,0.0,0.0,1.1371539
0.0,0.0,1.0927984,0.0,0.87225664,0.0,0.0,0.0,1.1295025,0.9924249,1.090978,0.0,1.1685742,1.2333347,1.1917495,0.0,1.3831184,0.0,0.0,1.2243665,1.1747857,0.0,0.0,1.0720986,0.0,0.7793596,1.0265036,1.24914,1.0262401,0.0,0.0,1.0021603
0.0,0.0,1.7278551,0.0,1.5762427,0.0,0.0,0.0,1.6848912,1.3533522,1.6580048,0.0,1.3594948,1.9097068,1.7792652,0.0,1.7865314,0.0,0.0,2.0013294,1.512985,0.0,0.0,1.809189,0.0,1.7038888,1.3941413,1.6614798,1.5743471,0.0,0.0,1.1348356
0.0,0.0,1.9671324,0.0,1.1315947,0.0,0.0,0.0,1.6492302,1.5434613,1.763211,0.0,1.2800024,1.5029134,2.3047876,0.0,1.8711891,0.0,0.0,1.4248887,1.0609859,0.0,0.0,1.8315955,0.0,1.5932623,1.7932436,2.5809023,1.6176505,0.0,0.0,1.4366314
0.0,0.0,1.1819125,0.0,0.9695824,0.0,0.0,0.0,1.0399218,0.8032127,1.1650748,0.0,1.24313,1.2933537,1.270699,0.0,1.7297583,0.0,0.0,1.3614236,1.2256832,0.0,0.0,1.0104467,0.0,0.8841914,1.3193605,1.2233747,0.8622168,0.0,0.0,0.78702456
0.0,0.0,1.525734,0.0,0.5927479,0.0,0.0,0.0,1.6055816,1.4464648,1.1582736,0.0,1.3481342,1.8589334,0.414497,0.0,2.0612617,0.0,0.0,1.3812153,1.611735,0.0,0.0,1.9936388,0.0,1.773907,0.9732073,0.19000688,1.594079,0.0,0.0,1.3580043
0.0,0.0,0.19466858,0.0,0.0,0.03735913,0.0,0.041376904,0.085988246,0.14151156,0.30660293,0.0,0.27428746,0.0,0.0,0.012545608,0.12460352,0.0,0.044015937,0.11096744,0.047798358,0.0,0.0,0.29086018,0.0,0.0,0.2613356,0.109029524,0.11756918,0.0,0.0,0.10592976
0.0,0.0,1.2671436,0.0,1.517699,0.0,0.0,0.0,1.4395537,1.3302141,1.1669047,0.0,0.8331828,0.79299617,1.501096,0.0,1.1646845,0.0,0.0,1.0366247,1.2659519,0.0,0.0,1.7053014,0.0,1.1496632,1.3154815,1.5111504,1.4828387,0.0,0.0,1.0551096
0.0,0.0,1.5667467,0.0,2.1833344,0.0,0.0,0.0,2.086395,1.4083035,1.4161162,0.0,1.2579185,1.8015906,1.6186081,0.0,1.8827933,0.0,0.0,2.1552527,1.3284022,0.0,0.0,1.5966203,0.0,1.8482342,1.7521784,1.9490471,1.5717561,0.0,0.0,1.197819
0.0,0.0,0.8043541,0.0,0.73296034,0.0,0.0,0.0,0.8194998,0.6614681,0.96299416,0.0,0.6864442,0.13874772,0.7933791,0.0,0.40310478,0.0,0.0,0.43117964,0.5690624,0.0,0.0,0.9072169,0.0,0.7814571,0.79188615,0.82233787,1.0003698,0.0,0.0,0.6085848
0.0,0.0,1.2736148,0.0,1.4983422,0.0,0.0,0.0,1.3479967,1.0367885,1.1584612,0.0,1.0443689,1.1951674,1.4700147,0.0,1.4452785,0.0,0.0,1.4971288,1.1151444,0.0,0.0,1.1370316,0.0,1.1882601,1.3372406,1.4921328,1.1399167,0.0,0.0,0.8548589
0.4209937,0.0,0.66042924,0.24118152,0.24293171,0.0,0.0,0.0,0.42408884,0.058026556,0.8672111,0.10173017,0.115356505,0.538178,0.85951835,0.0,0.94514483,0.07995667,0.62756217,0.64487815,1.5934366,0.2230548,0.0,0.8158685,0.09833357,0.70655245,0.46017796,0.0,0.5510142,0.0,0.026950175,0.0
0.31314182,0.0,0.7954967,0.058333777,0.40857118,0.0,0.0,0.0,0.655667,0.27834386,1.1115084,0.0,0.26959938,0.6785095,1.1825644,0.0,1.0755062,0.06550454,0.39804196,0.91045266,1.7220733,0.12118211,0.0,1.1120882,0.0,0.86368024,0.62910885,0.009591334,0.6670898,0.0,0.0,0.0
0.0,0.0,1.639975,0.0,0.32580388,0.0,0.0,0.0,1.276019,1.4567249,1.2611604,0.0,1.6536037,1.0667684,1.577977,0.0,0.15699627,0.0,0.0,1.3442106,0.54039526,0.0,0.0,0.89082557,0.0,1.9364723,1.2668107,1.2272024,1.4410733,0.0,0.0,1.5628
0.0,0.0,0.70943236,0.0,0.008982858,0.0,0.0,0.0,0.82008207,0.7634409,0.6322231,0.0,0.98977286,0.6713536,0.41105133,0.0,0.5648477,0.0,0.0,1.1310673,0.15588805,0.0,0.0,0.46407104,0.0,0.77260983,0.5736798,0.5609586,0.55399156,0.0,0.0,0.89167374
0.0,0.0,1.1987282,0.0,0.2269595,0.0,0.0,0.0,0.9429649,1.0047513,1.2000077,0.0,1.4689466,1.0422559,0.9979233,0.0,0.78750384,0.0,0.0,1.1160345,0.8202452,0.0,0.0,0.718175,0.0,1.6063026,0.98227715,0.90106684,1.4193174,0.0,0.0,1.4138165
0.0,0.0,1.3268317,0.0,1.6974953,0.0,0.0,0.0,1.6536789,1.3718396,1.5960933,0.0,0.88911027,1.5470991,1.7539803,0.0,1.7944882,0.0,0.0,2.2322776,1.9294775,0.0,0.0,2.2043393,0.0,1.5045882,1.6470644,1.2797039,1.7164803,0.0,0.0,0.6613171
0.0,0.0,1.4407978,0.0,2.1102736,0.0,0.0,0.0,1.6588535,1.8051927,1.2311463,0.0,1.1176941,1.6355022,1.7327291,0.0,1.4728177,0.0,0.0,2.063811,1.6868719,0.0,0.0,1.6929591,0.0,1.611375,1.3590255,1.5063201,1.2661167,0.0,0.0,1.1173898
0.0,0.0,1.2203866,0.0,1.9372572,0.0,0.0,0.0,1.3158484,1.5593848,1.3725464,0.0,1.8384123,0.68591285,1.7705053,0.0,0.76728076,0.0,0.0,1.3258017,1.0860181,0.0,0.0,0.8049193,0.0,1.4206597,2.5245914,2.6753798,2.11123,0.0,0.0,2.5233
0.0,0.0,1.4538549,0.0,1.5283303,0.0,0.0,0.0,1.3594134,1.2868148,1.5073395,0.0,1.8236783,1.25222,2.0246005,0.0,1.6038696,0.0,0.0,1.0755558,1.1593976,0.0,0.0,1.1903696,0.0,1.459452,1.871808,3.0170856,1.7146196,0.0,0.0,2.278592
0.0,0.0,1.2184678,0.0,0.74145716,0.0,0.0,0.0,1.0117255,1.3417317,1.5276418,0.0,2.0328062,1.5747167,1.4204273,0.0,1.9710809,0.0,0.0,1.4633298,1.495706,0.0,0.0,0.8303227,0.0,1.0633413,1.9159354,2.1830351,1.4852568,0.0,0.0,2.3734336
1.1872802,1.313397,0.0,1.2082754,0.0,1.4529891,1.345178,1.2410398,0.0,0.0,0.0,1.5719584,0.0,0.0,0.0,1.0965037,0.0,1.4406488,1.4010508,0.0,0.0,1.3631935,1.1391541,0.0,1.403642,0.0,0.0,0.0,0.0,1.2726742,1.2667444,0.0
1.4739991,1.5184126,0.0,1.3774318,0.0,1.6184967,1.4184593,1.4540218,0.0,0.0,0.0,1.642597,0.0,0.0,0.0,1.2171103,0.0,1.5483603,1.4928534,0.0,0.0,1.4869267,1.1550692,0.0,1.6353066,0.0,0.0,0.0,0.0,1.3014004,1.3753934,0.0
0.0,0.0,1.5457042,0.0,0.66136235,0.0,0.0,0.0,1.3501468,1.2670844,1.3784667,0.0,1.4690362,1.1628983,1.7129042,0.0,0.64184785,0.0,0.0,1.0745064,0.74039334,0.0,0.0,0.92640495,0.0,1.6119236,1.1001793,1.9094069,1.3645465,0.0,0.0,1.5900549
0.95455873,1.1981208,0.0,0.99744874,0.0,1.2622349,1.1803634,1.0950935,0.0,0.0,0.0,1.3674222,0.0,0.0,0.0,0.954251,0.0,1.2789419,1.2429228,0.0,0.0,1.2522745,1.0537717,0.0,1.2386289,0.0,0.0,0.0,0.0,1.1211392,1.131871,0.0
0.0,0.0,0.67508006,0.0,0.19432761,0.16441265,0.0,0.0,0.6839598,0.21404913,0.9583658,0.0,0.6624569,0.46433285,0.87236404,0.0,0.7537783,0.0,0.0,0.4169516,1.0138509,0.0,0.0,0.49391273,0.0,0.29231745,1.0206127,0.6984858,0.44417894,0.0,0.0,0.33236122
0.9969372,1.4980059,0.0,1.3349109,0.0,1.4437075,1.410489,0.9854644,0.0,0.0,0.0,1.1387936,0.0,0.0,0.0,1.1602796,0.0,1.0959015,1.1110581,0.0,0.0,1.2295228,1.0609833,0.0,1.2913634,0.0,0.0,0.0,0.0,1.362094,1.1691694,0.0
1.4069631,1.7170506,0.0,1.4703993,0.0,1.1670676,1.4259583,1.2238606,0.0,0.0,0.0,1.4468204,0.0,0.0,0.0,1.6989346,0.0,1.5291672,1.5707093,0.0,0.0,1.4688668,1.3901551,0.0,1.8450439,0.0,0.0,0.0,0.0,1.4849366,1.4391319,0.0
0.0,0.0,1.2087399,0.0,1.4707958,0.0,0.0,0.0,1.2469759,1.3356446,0.98391914,0.0,0.8019091,0.89703375,1.3645549,0.0,1.0023755,0.0,0.0,1.1389256,1.3643721,0.0,0.0,1.5619322,0.0,1.0620444,0.9233915,1.0864875,1.2652359,0.0,0.0,1.0209156
0.0,0.0,0.6062262,0.0,0.4440596,0.0,0.0,0.0,0.5299539,0.35688415,0.7639096,0.0,0.3941036,0.050152868,0.7320617,0.0,0.5820698,0.0,0.0,0.41148362,0.7399945,0.0,0.0,0.6893123,0.0,0.3041904,0.53145754,0.62386656,0.69856966,0.0,0.0,0.07166712
0.0,0.0,0.78905797,0.0,0.52065104,0.0,0.0,0.0,0.8383818,0.71217465,0.8058616,0.0,0.82130903,0.71245223,0.73098403,0.0,0.809365,0.0,0.0,1.0662279,0.5841626,0.0,0.0,0.5953394,0.0,0.78627336,0.5249633,0.81332314,0.86431277,0.0,0.0,0.6456531
0.0,0.0,1.154849,0.0,0.9143196,0.0,0.0,0.0,0.94261444,0.7096814,0.8852341,0.0,1.0767874,0.58322215,1.4208292,0.0,1.075416,0.0,0.0,1.2281607,1.0947157,0.0,0.0,1.1995009,0.0,0.6399223,1.49771,1.2876917,1.0776591,0.0,0.0,0.80268794
0.0,0.0,1.3115891,0.0,1.3423852,0.0,0.0,0.0,1.1088991,1.2498118,1.0042462,0.0,1.0898292,1.4979597,0.9321971,0.0,1.705182,0.0,0.0,1.4113375,1.6478374,0.0,0.0,1.4272618,0.0,1.1708498,0.72837085,0.66307217,1.1703805,0.0,0.0,0.94978267
0.0,0.0,1.4367448,0.0,1.7174274,0.0,0.0,0.0,1.6118349,1.280696,1.5140179,0.0,1.2948239,1.515202,1.5002505,0.0,1.8380669,0.0,0.0,1.6157712,1.5138807,0.0,0.0,1.4389702,0.0,1.3417327,1.8536552,1.47999,1.2819667,0.0,0.0,1.0354233
0.6205425,1.1682781,0.0,0.8558079,0.0,0.43630213,0.6858919,0.68288606,0.0,0.0,0.0,0.5168173,0.0,0.0,0.0,0.8647671,0.0,0.62487847,0.725817,0.0,0.0,0.55282676,0.6019691,0.0,0.7875122,0.0,0.0,0.0,0.0,0.9549522,0.5878528,0.0
0.0,0.0,1.1266148,0.0,0.8618689,0.0,0.0,0.0,1.0727538,0.75723183,1.2624352,0.0,1.2570211,1.1277012,1.1610807,0.0,1.5172006,0.0,0.0,1.3030015,1.29284,0.0,0.0,0.8659317,0.0,0.67109805,1.3888918,0.8917416,0.9724572,0.0,0.0,0.8760427
1.2962613,1.4206305,0.0,1.2207332,0.0,1.3105483,1.1876607,1.166908,0.0,0.0,0.0,1.2603831,0.0,0.0,0.0,1.2094114,0.0,1.4118271,1.3568115,0.0,0.0,1.3349091,1.2431651,0.0,1.6201123,0.0,0.0,0.0,0.0,1.2463958,1.1715446,0.0
1.358271,1.7128011,0.0,1.4427456,0.0,1.106159,1.3452646,1.265673,0.0,0.0,0.0,1.463109,0.0,0.0,0.0,1.6339741,0.0,1.4595165,1.4902393,0.0,0.0,1.3425564,1.353192,0.0,1.6652898,0.0,0.0,0.0,0.0,1.4106619,1.4479077,0.0
0.0,0.025795728,0.37563092,0.0,0.0,0.0,0.0,0.1996925,0.43288034,0.3847412,0.2763242,0.0,0.5105701,0.22441119,0.2834124,0.0,0.08770381,0.0,0.0,0.7196093,0.0,0.0,0.0,0.17752981,0.026328653,0.22221354,0.3741305,0.50287306,0.1472669,0.0,0.0,0.5676703
0.86437863,0.9405677,0.0,1.1022149,0.0,0.9021307,1.1052903,1.0229672,0.0,0.0,0.0,1.0962834,0.0,0.0,0.0,0.9558451,0.0,0.73317486,1.1542717,0.0,0.0,0.95956457,0.73462653,0.0,1.1090132,0.0,0.0,0.0,0.0,0.86970145,0.81334543,0.0
0.563377,1.1998779,0.0,0.6502723,0.0,0.7424413,0.8428981,0.8093422,0.0,0.0,0.0,0.82575357,0.0,0.0,0.0,0.96186334,0.0,0.8672438,0.83698016,0.0,0.0,0.6199828,0.85498405,0.0,0.712997,0.0,0.0,0.0,0.0,1.0254725,0.85015917,0.0
0.0,0.0,1.4260817,0.0,1.8943495,0.0,0.0,0.0,2.0800867,2.0152001,1.6465579,0.0,1.3498428,1.5632536,1.6882341,0.0,1.18992,0.0,0.0,1.765814,1.6040126,0.0,0.0,1.6672722,0.0,1.586602,2.0391183,1.881678,1.5751767,0.0,0.0,1.637975
0.0,0.0,1.5679904,0.0,2.0262856,0.0,0.0,0.0,1.7154698,1.4097477,1.471818,0.0,1.2928683,1.7861085,1.6327257,0.0,1.873613,0.0,0.0,1.6853063,1.4572675,0.0,0.0,1.5523059,0.0,1.682677,1.736188,1.625393,1.3522776,0.0,0.0,1.1383201
0.0,0.0,1.3906869,0.0,1.6732374,0.0,0.0,0.0,1.5002388,1.1705015,1.4254009,0.0,1.2296445,1.3890172,1.5409824,0.0,1.6082153,0.0,0.0,1.5662745,1.3070403,0.0,0.0,1.1941209,0.0,1.3477614,1.5264027,1.406678,1.3019526,0.0,0.0,1.077655
0.8492624,0.8620886,0.0,1.0546143,0.0,0.8413697,1.087744,1.0360231,0.0,0.0,0.0,1.0951426,0.0,0.0,0.0,0.99591243,0.0,0.8550995,1.1128404,0.0,0.0,0.9513028,0.91145563,0.0,1.2002063,0.0,0.0,0.0,0.0,0.9908693,0.8399009,0.0
0.0,0.0,1.0356846,0.0,1.1423231,0.0,0.0,0.0,0.8744529,1.342867,1.4359825,0.0,1.9040926,1.7110366,1.4916054,0.0,1.4972444,0.0,0.0,1.1623524,1.0923556,0.0,0.0,0.5615808,0.0,1.3190848,1.9148496,2.177,1.2281872,0.0,0.0,2.336369
0.83882684,0.9529942,0.0,0.73726296,0.0,0.9224907,0.94925195,0.6865153,0.0,0.0,0.0,1.1166668,0.0,0.0,0.0,0.756622,0.0,0.8848835,1.0091081,0.0,0.0,0.9758791,1.0163759,0.0,1.0031549,0.0,0.0,0.0,0.0,1.0082055,0.7535595,0.0
1.1858057,1.3251262,0.0,1.0978602,0.0,1.2501094,1.2086647,1.1523033,0.0,0.0,0.0,1.4039403,0.0,0.0,0.0,1.2076813,0.0,1.3681726,1.3422304,0.0,0.0,1.1302463,1.3330891,0.0,1.4408472,0.0,0.0,0.0,0.0,1.3020871,1.3178401,0.0
0.0,0.0,0.7508843,0.0,0.0,0.031115973,0.0,0.0,0.75378084,0.87186056,0.60579985,0.0,0.8084905,0.6519215,0.23386352,0.0,0.29325572,0.0,0.0,0.5340058,0.14791337,0.0,0.0,0.9436116,0.0,0.49754614,0.54325753,0.3069976,0.64223003,0.0,0.0,0.52856284
0.84640944,0.9915954,0.0,1.0888174,0.0,0.8103197,1.0498121,0.8664814,0.0,0.0,0.0,1.124201,0.0,0.0,0.0,1.0207798,0.0,0.72246146,1.0138594,0.0,0.0,1.0029798,0.94132745,0.0,1.2342228,0.0,0.0,0.0,0.0,1.0864764,0.9002112,0.0
0.03350219,0.08670443,0.0153056085,0.29818356,0.0,0.0,0.30224544,0.4022534,0.0,0.08558625,0.0,0.2357664,0.0,0.030793443,0.0,0.34432846,0.0,0.0,0.13766733,0.0,0.0,0.0,0.07513067,0.019480865,0.22670639,0.0,0.05217909,0.0,0.0,0.24356052,0.0,0.0
0.35288978,0.50275445,0.0,0.40824723,0.0,0.36910978,0.41027254,0.35122117,0.0,0.0,0.0,0.38827175,0.0,0.168812,0.0,0.3240723,0.16968955,0.31261602,0.46391335,0.023643762,0.0,0.42868406,0.20487723,0.0,0.50006694,0.0,0.0,0.0,0.0,0.3204713,0.34369287,0.0
0.13483517,0.65582013,0.0,0.16906434,0.0,0.5028693,0.4575985,0.29836863,0.14728239,0.0,0.15055937,0.46718502,0.0,0.0,0.23539463,0.39411247,0.14422654,0.440489,0.3707874,0.0,0.42854026,0.30654597,0.65795255,0.17616363,0.1213058,0.0,0.045681767,0.053045526,0.0,0.6047878,0.5796314,0.0
0.0,0.0,1.255086,0.0,1.3681927,0.0,0.0,0.0,1.3645227,1.1807777,1.2622396,0.0,1.0671501,1.1203322,1.4752696,0.0,1.3508139,0.0,0.0,1.3315067,1.367915,0.0,0.0,1.2429066,0.0,1.0527579,1.5892714,1.2680119,1.2501827,0.0,0.0,1.0985941
0.0,0.0,1.1122668,0.0,2.3936148,0.0,0.0,0.0,2.5686738,3.3239055,2.561179,0.0,2.0011926,2.3791358,1.353595,0.0,1.9585948,0.0,0.0,2.6067395,0.76409084,0.0,0.0,1.6892481,0.0,2.448759,2.104874,2.4746535,1.624633,0.0,0.0,2.3074305
1.0294473,1.5610192,0.0,1.2612362,0.0,0.6824524,1.3655545,0.11928875,0.0,0.0,0.0,1.3668408,0.0,0.0,0.0,1.3776579,0.0,0.99969655,1.3076069,0.0,0.0,1.3812579,0.8945215,0.0,1.1741924,0.0,0.0,0.0,0.0,1.4625615,1.0881522,0.0
0.95585936,0.9129135,0.0,0.75957507,0.0,0.7040404,0.9712121,1.1695448,0.0,0.0,0.0,0.9008839,0.0,0.0,0.0,1.206182,0.0,1.0978317,1.1172358,0.0,0.0,0.94881576,1.0774816,0.0,1.1740259,0.0,0.0,0.0,0.0,0.9688429,0.9483235,0.0
1.327124,1.419642,0.0,1.1892477,0.0,0.9866569,1.3642175,1.2439076,0.0,0.0,0.0,1.409626,0.0,0.0,0.0,1.5365821,0.0,1.2763907,1.3407243,0.0,0.0,1.0896778,1.2627397,0.0,1.4493556,0.0,0.0,0.0,0.0,1.3797574,1.3689492,0.0
0.4859991,0.8751937,0.0,0.86544514,0.0,0.8834425,0.80219114,0.68236744,0.0,0.0,0.0,0.93217814,0.0,0.0,0.0,0.6673066,0.0,0.81158775,0.98793614,0.0,0.0,0.9406675,0.61875474,0.0,0.8366395,0.0,0.0,0.0,0.0,0.6973593,0.5790974,0.0
0.78180003,1.2445312,0.0,1.018796,0.0,0.5374849,0.79436094,0.8531579,0.0,0.0,0.0,0.7368323,0.0,0.0,0.0,0.9009583,0.0,0.8500342,0.88329726,0.0,0.0,0.7312106,0.58482444,0.0,0.93772626,0.0,0.0,0.0,0.0,0.9861751,0.62672645,0.0
0.0,0.0,1.4128252,0.0,1.550431,0.0,0.0,0.0,1.4903824,1.2332119,1.4868497,0.0,1.4011635,1.6415733,1.4999249,0.0,1.8737881,0.0,0.0,1.6256726,1.4479332,0.0,0.0,1.2654847,0.0,1.2579758,1.5621005,1.3823237,1.2389036,0.0,0.0,1.2263873
0.8482981,0.8831469,0.0,1.0697892,0.0,0.84921,0.9820102,0.949848,0.0,0.0,0.0,1.0315827,0.0,0.0,0.0,0.9779708,0.0,0.7730069,1.0460501,0.0,0.0,0.8609926,0.82020426,0.0,1.1726921,0.0,0.0,0.0,0.0,1.0670255,0.7557662,0.0
0.0,0.0,1.3193743,0.0,1.4811337,0.0,0.0,0.0,1.2406598,1.124709,1.2016872,0.0,1.1926838,1.4621997,1.2920879,0.0,1.7244468,0.0,0.0,1.6073722,1.435637,0.0,0.0,1.207242,0.0,1.1770201,1.1501907,1.2294278,1.0426687,0.0,0.0,0.79077524
0.0,0.0,1.4556806,0.0,1.8115668,0.0,0.0,0.0,1.626536,1.1433773,1.469633,0.0,1.2914814,1.6020834,1.5347198,0.0,1.9340513,0.0,0.0,1.690098,1.2843981,0.0,0.0,1.2786939,0.0,1.5324711,1.5834018,1.6431601,1.3452433,0.0,0.0,1.047285
0.0,0.0,1.1803191,0.0,1.2047346,0.0,0.0,0.0,1.3221238,1.0934236,1.1396297,0.0,1.0924008,1.1909057,1.452309,0.0,1.362612,0.0,0.0,1.3139514,1.3615654,0.0,0.0,1.2219443,0.0,0.91253024,1.5213214,1.3480028,1.1877711,0.0,0.0,1.1533427
0.0,0.0,1.2445166,0.0,1.4975493,0.0,0.0,0.0,1.3301336,1.4985858,1.320559,0.0,1.1176668,1.2715664,1.2610116,0.0,1.4264307,0.0,0.0,1.3668715,1.508386,0.0,0.0,1.3361526,0.0,1.0829829,1.2569933,0.94656664,1.2531446,0.0,0.0,1.2156756
0.06308821,0.4054166,0.2777803,0.23314637,0.0,0.12060329,0.31235492,0.1485305,0.27755964,0.09863078,0.22413403,0.31322291,0.26784596,0.43706322,0.07255419,0.12444967,0.37371427,0.0,0.34247354,0.24889296,0.3230902,0.11600593,0.14515325,0.0,0.020794094,0.069329284,0.0,0.0,0.22786212,0.32366434,0.24124247,0.0
0.0,0.0,0.92686486,0.0,0.66784954,0.0,0.0,0.042557705,0.80734867,0.5812895,0.7102722,0.0,0.72950536,0.60664696,1.4042791,0.0,0.8540439,0.0,0.0,1.1216465,0.9764513,0.0,0.0,0.88058656,0.0,0.541965,1.092886,1.0350157,0.8278005,0.0,0.0,0.560646
0.26460278,0.5022692,0.0,0.44650218,0.0,0.52939975,0.55221444,0.458209,0.0,0.0,0.0,0.5321751,0.0,0.0,0.0,0.45217294,0.0,0.3680015,0.6989556,0.0,0.0,0.5333853,0.35879284,0.0,0.50582576,0.0,0.0,0.0,0.0,0.50585324,0.36745572,0.0
0.4071359,0.53234434,0.0,0.6260979,0.0,0.35597163,0.64236146,0.6190162,0.0,0.0,0.0,0.68689305,0.0,0.0,0.0,0.66746956,0.0,0.25396854,0.5854058,0.0,0.0,0.570012,0.4072969,0.0,0.7508922,0.0,0.0,0.0,0.0,0.5902617,0.3689709,0.0
0.0,0.0,1.8626202,0.0,1.3478161,0.0,0.0,0.0,1.5237533,1.5822212,1.6606961,0.0,1.0255454,1.3613342,2.2184415,0.0,1.7730575,0.0,0.0,1.2960085,1.3758203,0.0,0.0,1.8336852,0.0,1.5167038,1.5418935,2.4240532,1.5304325,0.0,0.0,1.1482959
0.0,0.0,1.5191337,0.0,1.7818221,0.0,0.0,0.0,1.4817353,1.3581036,1.3583012,0.0,1.415969,1.8776305,1.6077905,0.0,2.0547721,0.0,0.0,1.9429816,1.6313243,0.0,0.0,1.5405344,0.0,1.482528,1.426919,1.4557239,1.2064271,0.0,0.0,1.0801651
0.0,0.0,0.70997953,0.0,0.27680874,0.0,0.0,0.0,0.71584207,0.70140254,1.1844964,0.0,0.94935817,0.42389414,0.8985337,0.0,0.9137993,0.0,0.0,0.5700598,1.1059495,0.0,0.0,0.73070544,0.0,0.6976515,0.9627263,1.3370144,0.9856137,0.0,0.0,0.95472264
0.0,0.0,1.3813202,0.0,1.7279129,0.0,0.0,0.0,1.4500995,1.6464149,1.5547739,0.0,1.575357,1.0779581,1.92591,0.0,1.0737876,0.0,0.0,1.2932457,1.1282215,0.0,0.0,0.89312506,0.0,1.3994863,2.4934475,2.906724,2.107394,0.0,0.0,2.8426921
0.0,0.11625477,0.7774309,0.0,0.26373556,0.0,0.055350125,0.0,0.89367694,0.33563563,1.0466169,0.0,0.58951145,0.8366858,1.0486417,0.0,0.9478371,0.0,0.14313988,1.1468102,0.7476203,0.20270123,0.0,0.8790442,0.0,0.53927916,0.7487853,0.78726935,1.0382385,0.104886994,0.0,0.34710467
0.0,0.0,0.63513064,0.0,0.304587,0.0,0.0,0.0,0.81182444,0.58382934,1.0411845,0.0,0.8046291,0.37138578,0.73127156,0.0,0.677874,0.0,0.0,0.75291884,0.52850145,0.0,0.0,0.7342169,0.0,0.8867739,0.8542392,0.99812824,0.8440529,0.0,0.0,0.5528127
1.1359105,1.6088251,0.0,1.410345,0.0,0.66082627,1.4176384,0.1989012,0.0,0.0,0.0,1.4239013,0.0,0.0,0.0,1.3971813,0.0,0.9834741,1.3600588,0.0,0.0,1.4137399,0.9121493,0.0,1.202416,0.0,0.0,0.0,0.0,1.494867,1.1678538,0.0
0.0,0.0,1.7122278,0.0,2.3532176,0.0,0.0,0.0,2.3526726,4.4818773,2.9907386,0.0,2.8405802,3.2787607,0.56332,0.0,3.7128963,0.0,0.0,2.399103,2.1541631,0.0,0.0,1.3252963,0.0,3.2917736,2.8792675,2.8998175,2.3653412,0.0,0.0,4.3832097
0.6005783,0.75247353,0.0,0.83234566,0.0,0.6696226,0.8494663,0.86512965,0.0,0.0,0.0,0.89849806,0.0,0.0,0.0,0.83630633,0.0,0.69239235,1.0024544,0.0,0.0,0.71327966,0.63821197,0.0,0.91906345,0.0,0.0,0.0,0.0,0.8267834,0.6997519,0.0
0.5189548,0.6961581,0.0,0.75240856,0.0,0.7081434,0.8300913,0.6648865,0.0,0.0,0.0,0.7066554,0.0,0.0,0.0,0.73140126,0.0,0.55763865,0.7838698,0.0,0.0,0.657918,0.5946803,0.0,0.8299577,0.0,0.0,0.0,0.0,0.8033959,0.5749189,0.0
0.42363018,0.50852084,0.0,0.66266304,0.0,0.44448322,0.6644237,0.6694178,0.0,0.0,0.0,0.5526059,0.0,0.0,0.0,0.6815273,0.0,0.37364995,0.626517,0.0,0.0,0.38310868,0.50172174,0.0,0.694635,0.0,0.0,0.0,0.0,0.60926735,0.3621249,0.0
0.0,0.0,1.4212304,0.0,1.2481309,0.0,0.0,0.0,1.5154732,1.4136283,1.1660553,0.0,1.3644613,1.797378,1.2890391,0.0,1.8260008,0.0,0.0,1.936241,1.3624312,0.0,0.0,1.4247321,0.0,1.3347987,1.2227075,1.342611,1.1191466,0.0,0.0,1.2264851
0.7156623,0.9551083,0.0,0.64479405,0.0,0.91384846,0.79812485,0.64976615,0.0,0.0,0.0,0.7814491,0.0,0.0,0.0,0.56815284,0.046005957,0.7270361,0.6668739,0.0,0.0,0.51009643,0.59228075,0.0,0.65573925,0.0,0.0,0.0,0.0,0.7354854,0.86586195,0.0
0.0,0.0,0.97034204,0.0,0.9669602,0.0,0.0,0.0,1.173524,0.99125063,1.181871,0.0,0.6625312,1.3710226,0.9793713,0.0,1.2987669,0.0,0.0,1.3795519,1.0676608,0.0,0.0,1.2070128,0.0,1.2637885,0.4848265,0.8672704,1.2353203,0.0,0.0,0.40730447
0.874904,0.9333688,0.0,1.0612276,0.0,0.88259745,1.1100149,0.9871691,0.0,0.0,0.0,1.1491109,0.0,0.0,0.0,1.0351232,0.0,0.7968645,1.0950758,0.0,0.0,0.9698135,0.9055977,0.0,1.1909513,0.0,0.0,0.0,0.0,1.0679338,0.85172844,0.0
0.0,0.0,1.2212518,0.0,0.81817794,0.0,0.0,0.0,1.208376,1.0067016,1.1174325,0.0,1.3094676,1.5694321,0.9537354,0.0,1.8452089,0.0,0.0,1.504204,1.120702,0.0,0.0,1.1037372,0.0,1.1000992,1.0931815,0.9355353,0.9812191,0.0,0.0,1.0132011
0.0,0.0,0.7910249,0.0,0.60336024,0.0,0.0,0.08729209,0.57064015,0.4680411,0.7470571,0.0,0.7748228,0.78342944,0.8845739,0.0,1.0808953,0.0,0.0,1.0155206,0.94826835,0.0,0.0,0.58937293,0.0,0.38832504,0.81329167,0.6717796,0.5742273,0.0,0.0,0.3639521
0.0,0.0,1.3025125,0.0,1.4951268,0.0,0.0,0.0,1.1994711,1.0783604,1.255141,0.0,1.2640942,1.269746,1.3743042,0.0,1.4290321,0.0,0.0,1.5706143,1.1968896,0.0,0.0,1.1166846,0.0,1.1680841,1.1344132,1.2289573,1.0785396,0.0,0.0,0.83439195
0.62466776,0.62412393,0.0,0.84710705,0.0,0.53218526,0.8697416,0.7431337,0.0,0.0,0.0,0.75505483,0.0,0.0,0.0,0.7775626,0.0,0.49272403,0.724802,0.0,0.0,0.53621745,0.6618751,0.0,0.85581714,0.0,0.0,0.0,0.0,0.7907758,0.52479446,0.0
0.0,0.0,1.2249515,0.0,2.1105187,0.0,0.0,0.0,2.3770843,3.046138,2.346359,0.0,1.7494278,2.1474853,1.2411008,0.0,1.6892316,0.0,0.0,2.1388266,0.9091549,0.0,0.0,1.5324446,0.0,2.1120164,2.0405605,1.9574326,1.6000483,0.0,0.0,2.2525473
0.0,0.0,1.5940965,0.0,0.91387343,0.0,0.0,0.0,1.9296856,1.6571828,1.3859137,0.0,1.7425827,2.574232,0.6518138,0.0,1.737621,0.0,0.0,1.920199,1.2109638,0.0,0.0,0.8146679,0.0,1.9206545,1.0179803,0.23860005,1.5998199,0.0,0.0,2.128338
0.28555834,0.9944507,0.0,0.86725694,0.0,0.04430335,1.1094538,0.0,0.034789555,0.0,0.29337847,0.86160016,0.0,0.2160753,0.0,0.61031616,0.0,0.0,1.0508037,0.22560412,0.0,0.99907607,0.26624328,0.0,0.5106591,0.0,0.0,0.0,0.26349133,1.0293008,0.5681379,0.0
0.0,0.0,1.3483464,0.0,1.6546892,0.0,0.0,0.0,1.5506063,1.1780384,1.3074954,0.0,0.9442429,1.0022678,1.776259,0.0,1.4267682,0.0,0.0,1.2980338,1.2861245,0.0,0.0,1.4425213,0.0,1.3333848,1.362199,1.8336487,1.4452988,0.0,0.0,1.1306809
0.09707635,0.37136805,0.02247475,0.23547947,0.0,0.2040242,0.32940957,0.32291824,0.15269282,0.11693318,0.0,0.17516446,0.14260334,0.093366705,0.0,0.1815605,0.0,0.05677214,0.3072132,0.21688539,0.0,0.14790031,0.1038185,0.0,0.2835423,0.13240409,0.0,0.0,0.07669523,0.31285593,0.13759208,0.0
0.0,0.0,1.5320637,0.0,1.855889,0.0,0.0,0.0,1.5483615,1.1812098,1.5553552,0.0,1.4118458,1.6759036,1.4466242,0.0,1.914227,0.0,0.0,1.599963,1.3156738,0.0,0.0,1.1585155,0.0,1.5643921,1.5066471,1.4746492,1.3072666,0.0,0.0,1.1315312
0.0,0.0,1.0781177,0.0,1.0012811,0.0,0.0,0.0,1.0042179,0.6367186,0.84252703,0.0,0.9585798,0.89969826,1.5484235,0.0,1.2091811,0.0,0.0,1.5124425,1.1708169,0.0,0.0,1.0608344,0.0,0.83817,1.2497871,1.2242471,1.0116286,0.0,0.0,0.55675375
0.36987066,0.53499204,0.0,0.533696,0.0,0.5490956,0.50548756,0.46024457,0.0,0.0,0.0,0.5955728,0.0,0.0,0.0,0.50253683,0.0,0.48053423,0.63259536,0.0,0.0,0.5174873,0.55281043,0.0,0.6221548,0.0,0.0,0.0,0.0,0.5885646,0.45232627,0.0
0.23006263,0.5285954,0.0,0.33498356,0.0,0.0,0.70998615,0.0,0.0,0.0,0.22853026,0.462359,0.0,0.0,0.0,0.6607981,0.0,0.0,0.538015,0.0,0.0,0.30517617,0.03514922,0.0717725,0.30245662,0.0,0.0,0.0,0.15105765,0.53866035,0.31565133,0.0
0.0,0.0,1.3718973,0.0,1.3716534,0.0,0.0,0.0,1.3742738,1.064433,1.3280815,0.0,1.3374453,1.5022653,1.5439093,0.0,1.84485,0.0,0.0,1.5809423,1.3251032,0.0,0.0,1.2727997,0.0,1.1657568,1.4908894,1.5442115,1.1328993,0.0,0.0,1.069127
0.0,0.0,1.4179308,0.0,1.7729436,0.0,0.0,0.0,1.5109012,1.4165114,1.4048977,0.0,1.1679076,1.4678241,1.5918312,0.0,1.613655,0.0,0.0,1.5164969,1.4450085,0.0,0.0,1.4127791,0.0,1.4133565,1.5408559,1.4079227,1.2676206,0.0,0.0,1.1780132
1.1470581,1.1193641,0.0,1.3558506,0.0,0.96431214,1.3265061,1.1154644,0.0,0.0,0.0,1.3396016,0.0,0.0,0.0,1.2040794,0.0,0.92609847,1.2590507,0.0,0.0,1.1955259,1.047377,0.0,1.550614,0.0,0.0,0.0,0.0,1.2228887,1.0212221,0.0
1.3995699,1.6567605,0.0,1.5011353,0.0,1.181318,1.4336151,1.3736069,0.0,0.0,0.0,1.4806987,0.0,0.0,0.0,1.5276893,0.0,1.565665,1.5477048,0.0,0.0,1.411312,1.2572516,0.0,1.6828212,0.0,0.0,0.0,0.0,1.4459193,1.4343204,0.0
0.0,0.0,0.15801355,0.0,0.0,0.22815308,0.0,0.42656434,0.24959531,0.47959256,0.4119062,0.0,0.54257715,0.0,0.31862137,0.0,0.0,0.12549369,0.0,0.55796564,0.0,0.0,0.13663942,0.057855386,0.0,0.022256728,0.52199066,0.5907093,0.20315215,0.0,0.0,0.46327323
1.5675261,1.5737514,0.0,1.5072418,0.0,1.1654521,1.4621588,1.429178,0.0,0.0,0.0,1.5010209,0.0,0.0,0.0,1.5455364,0.0,1.5456121,1.5493239,0.0,0.0,1.3011405,1.2825029,0.0,1.6319743,0.0,0.0,0.0,0.0,1.4426165,1.5683911,0.0
0.11140985,0.101318285,0.2198355,0.0532786,0.0,0.0,0.016088657,0.33999556,0.0,0.16843194,0.07707572,0.0,0.0,0.0,0.0,0.30176142,0.0,0.0,0.1122189,0.0,0.0,0.0,0.0,0.1709862,0.28342324,0.0,0.032930337,0.0,0.0,0.0,0.0,0.0
0.91074723,1.2650018,0.0,1.0952753,0.0,1.4557021,1.1912594,0.90887743,0.0,0.0,0.0,1.134383,0.0,0.0,0.0,0.8953875,0.0,1.1897382,1.147227,0.0,0.0,1.1985446,0.83940196,0.0,1.3131541,0.0,0.0,0.0,0.0,1.138945,0.94420296,0.0
1.0463883,1.2084891,0.0,1.0832939,0.0,1.1749476,0.97301996,1.1534005,0.0,0.0,0.0,1.17817,0.0,0.0,0.0,1.1342767,0.0,0.9381058,1.206087,0.0,0.0,0.9413864,0.97908854,0.0,1.056318,0.0,0.0,0.0,0.0,1.2060032,0.9062682,0.0
0.683277,0.9859069,0.0,0.6130619,0.0,0.69694525,0.8177972,0.7877944,0.0,0.0,0.0,0.9152432,0.0,0.0,0.0,0.85275143,0.0,0.76750034,1.0344937,0.0,0.0,0.74663275,0.7995417,0.0,0.8281035,0.0,0.0,0.0,0.0,0.97244614,0.8465398,0.0
0.0,0.0,1.6378213,0.0,1.5001498,0.0,0.0,0.0,1.517856,1.3070755,1.2471905,0.0,1.4932367,2.3386793,0.9484283,0.0,2.3788934,0.0,0.0,1.9525207,1.8976012,0.0,0.0,1.2899687,0.0,1.4909881,0.92423314,0.6313384,1.1838202,0.0,0.0,1.2113011
0.0,0.0,1.2505896,0.0,1.0414699,0.0,0.0,0.0,1.2014102,0.93724966,1.1095784,0.0,1.1627733,1.223902,1.3635203,0.0,1.5072025,0.0,0.0,1.2625629,1.1904652,0.0,0.0,1.1534637,0.0,0.90844136,1.3906279,1.3509514,1.0457454,0.0,0.0,1.0627377
0.0,0.0,1.429653,0.0,1.2492073,0.0,0.0,0.0,1.4499863,1.1423391,1.3801053,0.0,1.3929963,1.0971068,1.3223256,0.0,1.4723206,0.0,0.0,1.1419201,1.01739,0.0,0.0,1.4116524,0.0,1.1421894,1.6678357,1.5737407,1.3054411,0.0,0.0,1.2859852
0.0,0.0,1.0978324,0.0,1.1804016,0.0,0.0,0.0,0.9727944,0.74336594,0.991747,0.0,0.85846347,0.9100283,1.544704,0.0,1.4106094,0.0,0.0,1.34292,1.1397355,0.0,0.0,1.0801531,0.0,0.9294291,1.1278517,1.3761773,0.9711353,0.0,0.0,0.5334165
0.42670047,0.5832547,0.0,0.71404254,0.0,0.49592695,0.76919454,0.7050815,0.0,0.0,0.0,0.7181578,0.0,0.0,0.0,0.7210966,0.0,0.3593977,0.67092174,0.0,0.0,0.535531,0.5837835,0.0,0.6660769,0.0,0.0,0.0,0.0,0.6981559,0.3454162,0.0
0.0,0.0,1.4881078,0.0,2.018434,0.0,0.0,0.0,1.6741358,1.5233161,1.6416073,0.0,1.2610774,1.3600184,1.8285261,0.0,1.8667732,0.0,0.0,1.5969967,1.4524179,0.0,0.0,1.8342186,0.0,1.6964747,1.4372293,1.951858,1.4602133,0.0,0.0,1.1250204
0.81948465,0.8805272,0.0,1.0311475,0.0,0.89331156,1.0547467,0.84582907,0.0,0.0,0.0,1.0255426,0.0,0.0,0.0,0.9915761,0.0,0.72044384,1.0371017,0.0,0.0,0.854456,0.8558477,0.0,1.1467408,0.0,0.0,0.0,0.0,1.0705076,0.8227102,0.0
0.96529585,1.0481442,0.0,1.1473104,0.0,0.9658534,1.0921963,0.9673122,0.0,0.0,0.0,1.19372,0.0,0.0,0.0,1.0559357,0.0,0.9491635,1.1475306,0.0,0.0,1.1261758,0.943704,0.0,1.3342625,0.0,0.0,0.0,0.0,1.0687499,0.90935355,0.0
0.0,0.0,1.2671452,0.0,0.72314066,0.0,0.0,0.0,1.0301847,0.879298,0.98791456,0.0,1.2168477,1.0179888,0.9261373,0.0,1.3312622,0.0,0.0,0.9127044,0.87912995,0.0,0.0,1.0467404,0.0,1.1236753,1.1206017,0.9695572,0.9954837,0.0,0.0,1.1220052
0.049422648,0.0,0.014841467,0.04622522,0.0,0.10109584,0.029077977,0.34717995,0.0,0.0,0.07386543,0.0,0.0005319491,0.0,0.0,0.19689056,0.0,0.0,0.19160005,0.0,0.04130972,0.0,0.0,0.08885253,0.09195498,0.0,0.17473662,0.0,0.0,0.0,0.11921926,0.0
1.0438317,1.4918144,0.0,1.1054218,0.0,1.1225351,1.073452,0.7892279,0.0,0.0,0.0,1.1804425,0.0,0.0,0.0,1.0544515,0.0,1.2281804,1.02585,0.0,0.0,0.88109803,1.111046,0.0,0.94239265,0.0,0.0,0.0,0.0,1.0886165,1.2162324,0.0
0.0,0.0,1.2979517,0.0,0.94152546,0.0,0.0,0.0,1.4631748,1.216893,1.2485998,0.0,1.3543589,1.3444923,1.0237012,0.0,1.1823143,0.0,0.0,1.432897,1.2084507,0.0,0.0,1.2479359,0.0,1.1665815,1.1706198,1.363686,1.2880234,0.0,0.0,1.2020705
0.0,0.0,1.1627073,0.0,1.2034518,0.0,0.0,0.0,1.1315646,0.89265066,1.0883605,0.0,0.89293915,0.42186132,1.5576335,0.0,0.9579467,0.0,0.0,1.0520236,1.2275759,0.0,0.0,1.4081477,0.0,0.7818334,1.3219877,1.3288474,1.3293471,0.0,0.0,0.79451793
0.0,0.0,1.0314397,0.0,0.32064217,0.0,0.0,0.0,1.2619828,1.1440823,1.2278715,0.0,1.5664413,0.5837778,0.929902,0.0,0.31347093,0.0,0.0,1.5288045,0.16740242,0.0,0.0,0.5801884,0.0,1.2217462,1.1381279,0.9265037,1.2075295,0.0,0.0,1.2989643
1.3143885,1.3567412,0.0,1.163169,0.0,1.2035022,1.1746432,1.0526339,0.0,0.0,0.0,1.1372178,0.0,0.0,0.0,1.1954316,0.0,0.9009687,1.1658573,0.0,0.0,1.1862965,0.79629815,0.0,1.2854807,0.0,0.0,0.0,0.0,1.2425245,0.91583854,0.0
0.0,0.0,1.4785733,0.0,0.6480307,0.0,0.0,0.0,1.1292526,1.3309853,1.3309363,0.0,1.7266293,1.8774991,1.3899992,0.0,1.6902747,0.0,0.0,1.0021569,1.1932175,0.0,0.0,1.16133,0.0,1.4534214,1.6551398,2.0393653,1.232141,0.0,0.0,2.1682124
0.0,0.0,1.0983541,0.0,0.86245507,0.0,0.0,0.0,1.1314569,0.69036645,1.0350118,0.0,0.3908282,0.08746479,1.0082514,0.0,0.37426832,0.0,0.0,0.29489163,1.0305337,0.0,0.0,1.0667703,0.0,1.0281936,1.0841371,1.1662064,1.1812879,0.0,0.0,0.43737096
0.0,0.0,1.2692503,0.0,2.0238454,0.0,0.0,0.0,1.7781068,1.6432924,1.0813997,0.0,0.75276667,0.5093036,1.1662483,0.0,0.23603508,0.0,0.0,1.0369433,0.95506644,0.0,0.0,1.8570174,0.0,1.3395622,1.7482558,0.9049205,1.8182608,0.0,0.0,1.1725817
0.0,0.0,1.290073,0.0,1.3955622,0.0,0.0,0.0,1.5355401,1.2148967,1.3084002,0.0,0.9857824,0.518109,1.5309536,0.0,0.9317607,0.0,0.0,1.0495193,1.1333809,0.0,0.0,1.6190883,0.0,0.94680625,1.6249976,1.6018041,1.57759,0.0,0.0,1.0921142
0.0,0.0,0.7897589,0.0,0.57562476,0.0,0.0,0.0,0.825923,0.71160173,0.87128115,0.0,0.77437806,0.8430017,0.45165575,0.0,0.8589444,0.0,0.0,0.88535464,0.5513901,0.0,0.0,0.6415235,0.0,0.8780199,0.45253682,0.61798495,0.8116449,0.0,0.0,0.5687358
0.20374271,0.5212449,0.0,0.461685,0.0,0.19109064,0.489986,0.55939907,0.0,0.0,0.0,0.5823731,0.0,0.05453203,0.0,0.5580084,0.0,0.2210657,0.41180408,0.0,0.0,0.23775671,0.388274,0.0,0.5086782,0.0,0.0,0.0,0.0,0.4791425,0.16758443,0.0
0.0,0.0,1.2318124,0.0,1.3183128,0.0,0.0,0.0,1.1954949,0.88797945,1.1898699,0.0,1.1075782,1.2171988,1.2836075,0.0,1.4287056,0.0,0.0,1.3256946,1.0548946,0.0,0.0,0.8575201,0.0,1.0916088,1.1500767,1.2365113,1.0539013,0.0,0.0,0.97288835
0.0,0.0,1.487843,0.0,1.3583897,0.0,0.0,0.0,1.7243376,1.3346802,1.7878478,0.0,1.407931,1.4463497,1.6234804,0.0,1.6882653,0.0,0.0,1.6595473,1.3099613,0.0,0.0,1.7465591,0.0,1.5798577,1.902543,1.6321125,1.6020393,0.0,0.0,1.121483
0.0,0.0,1.6674663,0.0,1.35759,0.0,0.0,0.0,1.7982804,1.406219,1.3659164,0.0,1.46336,1.637687,2.0817986,0.0,0.8550848,0.0,0.0,1.1767282,0.7086106,0.0,0.0,1.0262557,0.0,1.4141096,1.6731776,2.5320055,1.8213537,0.0,0.0,1.7931652
1.0387315,1.4666083,0.0,0.97103727,0.0,1.2368473,1.1770267,1.1644052,0.0,0.0,0.0,1.1484042,0.0,0.0,0.0,1.1277522,0.0,1.433552,1.3150271,0.0,0.0,1.2632523,1.0360945,0.0,1.3606712,0.0,0.0,0.0,0.0,1.0950584,1.2610145,0.0
0.0,0.0,1.0391816,0.0,1.4322143,0.0,0.0,0.0,1.2196623,1.1815187,1.2562966,0.0,0.82260644,0.90017766,1.585773,0.0,1.2284381,0.0,0.0,1.1483709,1.5739187,0.0,0.0,1.367967,0.0,1.0706685,1.1079803,1.6392372,1.1107392,0.0,0.0,0.76355493
0.0,0.0,1.223944,0.0,1.1447583,0.0,0.0,0.0,1.1900865,1.4739577,1.2780768,0.0,1.5620733,1.8500335,1.2648739,0.0,1.1785761,0.0,0.0,0.8321244,1.1606035,0.0,0.0,0.49066254,0.0,1.2121091,1.7666404,1.9043834,1.4149716,0.0,0.0,2.0190668
0.0,0.0,0.8413662,0.0,0.6518469,0.0,0.0,0.0,0.7790856,0.8144205,0.76216304,0.0,0.6750012,0.7748931,0.92427146,0.0,0.9164943,0.0,0.0,0.80808884,0.98531926,0.0,0.0,0.9343415,0.0,0.5612601,0.77694577,0.7657838,0.685094,0.0,0.0,0.5194143
0.0,0.0,0.42050877,0.0,0.4131416,0.0,0.0,0.015522418,0.6217776,0.5444046,0.44822395,0.0,0.4344526,0.30985346,0.72863656,0.0,0.29376698,0.0,0.008137673,0.65026253,0.6127309,0.0,0.0,0.508367,0.0,0.36196744,0.54069465,0.8800587,0.66947347,0.0,0.0,0.24968861
0.0,0.16469365,0.42459333,0.0,0.3686697,0.0,0.0,0.13437594,0.52616525,0.54103374,0.4246688,0.0,0.43146384,0.59624785,0.6614624,0.0,0.57316947,0.0,0.0,0.7519243,0.7011294,0.0,0.0,0.44460776,0.0,0.27384037,0.446052,0.47177392,0.5439108,0.0,0.0,0.25554782
0.0,0.0,0.6990117,0.0,0.0,0.0,0.0,0.0,0.74724567,0.69988424,0.45807827,0.0,0.72050554,0.69186246,0.14655259,0.0,0.5390005,0.0,0.0,0.7768793,0.32340124,0.0,0.0,0.78733176,0.0,0.5304738,0.56923443,0.33011115,0.6145243,0.0,0.0,0.58432966
0.0,0.0,1.2193595,0.0,0.8281833,0.0,0.0,0.0,1.7156919,1.5441505,1.391636,0.0,1.593331,1.336953,1.0305359,0.0,0.7781223,0.0,0.0,1.6994599,0.38153484,0.0,0.0,0.8606783,0.0,1.2961665,1.2437328,1.5857055,1.1313498,0.0,0.0,1.5651722
1.5619833,1.688186,0.0,1.7172674,0.0,1.4012876,1.6304619,1.426626,0.0,0.0,0.0,1.5542415,0.0,0.0,0.0,1.5641642,0.0,1.4721185,1.712777,0.0,0.0,1.4272904,1.1471171,0.0,1.6438655,0.0,0.0,0.0,0.0,1.4895439,1.3951969,0.0
0.0,0.0,1.235929,0.0,0.71013445,0.0,0.0,0.0,1.5881515,1.1490663,1.2036043,0.0,1.2315327,1.603961,1.7510557,0.0,0.74357516,0.0,0.0,1.0636604,1.132914,0.0,0.0,1.1312938,0.0,0.8759496,1.7496762,1.911956,1.3596103,0.0,0.0,1.5941259
0.17985573,0.5997182,0.0,0.6615708,0.0,0.4880093,0.5680025,0.47864375,0.0,0.0,0.0,0.5729708,0.0,0.0,0.0,0.3937428,0.0,0.112660676,0.75337034,0.0,0.0,0.5833069,0.38551533,0.0,0.44045627,0.0,0.0,0.0,0.0,0.6293914,0.3231184,0.0
1.1287489,1.4530561,0.0,1.0603013,0.0,1.165137,1.1687151,1.1827531,0.0,0.0,0.0,1.2069509,0.0,0.0,0.0,1.1405851,0.0,1.4208828,1.303636,0.0,0.0,1.1640316,1.0075928,0.0,1.3287978,0.0,0.0,0.0,0.0,1.1039928,1.2914375,0.0
0.33330286,0.58904827,0.0,0.49135235,0.0,0.72902846,0.59977883,0.52156913,0.0,0.0,0.0,0.4725244,0.0,0.0,0.0,0.48745257,0.0,0.3766638,0.70051855,0.0,0.0,0.50266224,0.5797298,0.0,0.4669981,0.0,0.0,0.0,0.0,0.70405,0.33933845,0.0
0.16997254,0.06796454,0.10944281,0.06804789,0.0,0.17800148,0.18140382,0.4732838,0.0,0.0,0.051774513,0.19213821,0.0014302135,0.0,0.07260163,0.19790506,0.0,0.058994584,0.19153011,0.0,0.07614054,0.0,0.075874746,0.019113112,0.1734594,0.0,0.16411224,0.047806017,0.03504964,0.09054676,0.124538794,0.0
0.33606535,0.31011635,0.22376166,0.06442058,0.21301572,0.21045952,0.0,0.33239284,0.5151237,0.0,0.08477944,0.13741173,0.17159477,0.17153753,0.58192503,0.11990018,0.54712147,0.49229255,0.1676496,0.12193367,0.9529935,0.027064878,0.38915673,0.370047,0.06154377,0.15819848,0.22077748,0.07565138,0.23844314,0.32285294,0.15459867,0.0
1.1711103,0.0,0.0,0.3219607,0.0,0.5570652,0.5648713,0.79078025,0.0,0.0,0.0,0.9383267,0.0,0.0,0.0,0.5980669,0.0,0.87120646,0.99346566,0.0,0.039882798,0.5890381,0.6718241,0.0,0.75198096,0.0,0.0,0.0,0.0,0.57423186,0.8293965,0.0
0.0,0.0,1.0487208,0.0,0.11537818,0.0,0.0,0.0,0.63665223,1.1913356,1.1429302,0.0,1.675123,1.0466698,1.0060252,0.0,0.944931,0.0,0.0,1.1227326,0.9871969,0.0,0.0,0.75436026,0.0,1.15521,1.5674875,1.1877087,1.0852088,0.0,0.0,2.064888
0.0,0.0,0.61492896,0.0,0.5156526,0.0,0.0,0.23441328,0.8570507,0.73743784,0.9941082,0.0,0.90497226,0.43958494,0.98837066,0.0,0.32219648,0.0,0.0,1.110756,0.23859647,0.0,0.09609257,0.3190795,0.0,0.57543045,0.78757435,1.208468,0.6937479,0.0,0.0,0.8702058
0.0,0.0,0.9072511,0.0,0.20185284,0.0,0.0,0.0,0.7913099,0.6543826,0.77506334,0.0,1.0711465,0.94262856,0.4388429,0.0,1.2420969,0.0,0.0,1.0331019,0.6385608,0.0,0.0,0.82968646,0.0,0.7037254,0.739643,0.41142452,0.6924812,0.0,0.0,0.7021071
0.0,0.0,0.7152519,0.0,0.35560334,0.0,0.0,0.0,0.6070991,0.53264016,0.6186708,0.0,0.4619999,0.36776498,0.86356664,0.0,0.5775891,0.0,0.0,0.6391141,0.7747331,0.0,0.0,0.6619872,0.0,0.31739777,0.73083323,0.7904088,0.594081,0.0,0.0,0.37808996
0.0,0.0,0.45766258,0.0,0.045130983,0.0,0.067613296,0.14033644,0.7533474,0.57534444,0.7281684,0.0,0.714769,0.5748612,0.51429546,0.0,0.04387342,0.0,0.0,0.6731976,0.0,0.0,0.21543118,0.08956504,0.0,0.32462013,0.4919719,0.6325111,0.5668017,0.07661289,0.0,0.6095501
0.0,0.0,1.8779106,0.0,1.1175075,0.0,0.0,0.0,1.5294724,1.548624,1.8271124,0.0,1.203462,1.2206285,2.549818,0.0,1.7940583,0.0,0.0,1.5704517,1.438231,0.0,0.0,2.149734,0.0,1.5721183,1.6021218,2.371692,1.5033766,0.0,0.0,1.1707745
0.0,0.0,1.0958875,0.0,0.48216784,0.0,0.0,0.0,1.3276727,0.9930153,1.3602679,0.0,0.9703327,0.86430573,1.7342347,0.0,0.6998556,0.0,0.0,1.0418602,0.92779034,0.0,0.0,0.9992091,0.0,0.86569417,1.3037746,1.9408625,1.2693691,0.0,0.0,1.0831381
0.2986371,0.33902645,0.0,0.40712965,0.0,0.1602292,0.42520678,0.5044461,0.0,0.0,0.0,0.25410956,0.0,0.0,0.0,0.5776755,0.0,0.1586467,0.42211232,0.0,0.0,0.16906421,0.22058994,0.0,0.60260737,0.0,0.0,0.0,0.0,0.4336561,0.13914894,0.0
0.0,0.0,0.34450072,0.0,0.11158364,0.0,0.0,0.13276148,0.2979411,0.20878538,0.38912427,0.0,0.27406806,0.20645666,0.4525102,0.0,0.38585204,0.0,0.0,0.2789421,0.45615712,0.0,0.0,0.3317949,0.0,0.08934438,0.364999,0.41985458,0.41918546,0.0,0.0,0.09142803
1.5406616,1.9099538,0.0,1.6903666,0.0,1.2220331,1.559505,1.3868608,0.0,0.0,0.0,1.6313725,0.0,0.0,0.0,1.7771118,0.0,1.504812,1.6560847,0.0,0.0,1.4707416,1.2838298,0.0,1.8064152,0.0,0.0,0.0,0.0,1.5206083,1.4162558,0.0
0.0,0.0,1.2959713,0.0,0.6145238,0.0,0.0,0.0,0.70261294,1.259698,1.0847485,0.0,1.7198051,1.0017095,1.3250173,0.0,0.8450372,0.0,0.0,1.1056751,0.94959867,0.0,0.0,0.753419,0.0,1.4132459,1.5358938,1.7301908,1.2626342,0.0,0.0,2.0987363
0.0,0.0,1.8907963,0.0,2.7690897,0.0,0.0,0.0,2.4669557,2.2987099,1.5750197,0.0,1.5962741,1.7969016,1.8376098,0.0,1.1868001,0.0,0.0,1.8424857,1.2875719,0.0,0.0,2.5676599,0.0,2.0250542,2.7743938,1.96445,2.0417914,0.0,0.0,1.6882868
0.0,0.0,0.7363744,0.0,0.68956816,0.0,0.0,0.0,0.93876576,0.6686302,0.9754276,0.0,0.7049493,0.257563,0.71256167,0.0,0.31179908,0.0,0.0,0.56167966,0.59621817,0.0,0.0,0.86089146,0.0,0.6727989,0.700618,0.89942825,1.1126055,0.0,0.0,0.58344907
0.0,0.0,0.5350604,0.0,0.65382713,0.0,0.0,0.0,0.6740215,0.94939595,0.6302139,0.0,1.1141554,0.666769,0.51262546,0.0,0.284895,0.0,0.0,1.2874064,0.1791653,0.0,0.0,0.21665531,0.0,1.1978228,0.47485346,0.61047465,0.7455686,0.0,0.0,0.52347994
0.0,0.0,0.9642457,0.0,1.1141287,0.0,0.0,0.0,1.066341,0.973928,1.0545079,0.0,1.0133737,1.0447229,1.047085,0.0,0.88976705,0.0,0.0,1.1703293,1.1630017,0.0,0.0,0.88322103,0.0,0.97083986,0.8913593,1.0047996,1.1113554,0.0,0.0,0.8871053
0.0,0.0,1.0105664,0.0,1.036636,0.0,0.0,0.0,1.2241653,0.8251414,1.2559924,0.0,0.724386,1.0095555,1.4638807,0.0,0.8503918,0.0,0.0,0.77782124,1.0226219,0.0,0.0,0.88980544,0.0,0.8496528,1.1110922,1.939621,1.2585518,0.0,0.0,0.89032936
0.0,0.0,1.0853308,0.0,0.4302371,0.0,0.0,0.0,1.0885409,0.76784694,1.0965707,0.0,1.2477016,1.0430281,1.0167115,0.0,1.4080307,0.0,0.0,1.0839267,1.2217691,0.0,0.0,1.2312882,0.0,1.019853,1.3112396,1.2820774,0.67292273,0.0,0.0,1.0669992
0.0,0.0,0.9197185,0.0,0.46468657,0.0,0.0,0.0,0.6848098,0.45055988,0.78212523,0.0,0.84047526,0.44959676,0.6748719,0.0,0.8344299,0.0,0.0,0.7609925,0.5367411,0.0,0.0,0.6201774,0.0,0.7200415,0.807805,0.5992845,0.826811,0.0,0.0,0.81411356
0.0,0.0,1.5624387,0.0,1.1866032,0.0,0.0,0.0,1.5020297,1.4687397,1.6426599,0.0,1.7514609,2.4650662,1.1300184,0.0,2.091807,0.0,0.0,0.78389317,1.5428426,0.0,0.0,0.96032023,0.0,1.7767811,1.754635,1.6127273,1.7786328,0.0,0.0,2.5861764
0.0,0.0,1.2415162,0.0,0.2899167,0.0,0.0,0.0,0.8354425,1.1497191,1.4380028,0.0,1.9094535,1.2293706,1.1905802,0.0,1.5112836,0.0,0.0,1.2046894,1.0694971,0.0,0.0,0.839253,0.0,1.2399461,1.6651824,1.5904535,1.2632983,0.0,0.0,2.2443092
0.23033322,0.41038048,0.0,0.36144733,0.0,0.46513128,0.5325245,0.50076157,0.0,0.0,0.0,0.5159483,0.0,0.0,0.0,0.5423977,0.0,0.47833714,0.5195542,0.0,0.0,0.4999903,0.47155622,0.0,0.55278265,0.0,0.0,0.0,0.0,0.4120269,0.333319,0.0
0.0,0.0,0.9551848,0.0,0.7272558,0.0,0.0,0.0,0.82041323,0.7847812,0.88710517,0.0,0.66606915,0.41563976,1.314291,0.0,0.6781195,0.0,0.0,0.8182184,0.98768294,0.0,0.0,1.2902015,0.0,0.583623,1.0494525,1.2617586,0.82095015,0.0,0.0,0.55079556
0.0,0.0,0.69906545,0.0,0.0,0.0,0.0,0.0,0.22849493,0.32849988,0.38585106,0.0,0.46861875,0.0,0.3803798,0.0,0.0,0.0,0.0,0.30016258,0.45235097,0.0,0.0,0.61668736,0.0,0.18259454,0.7546394,0.27429688,0.294368,0.0,0.0,0.6162647
0.0,0.0,1.0081512,0.0,0.93748975,0.0,0.0,0.07915946,0.82727134,0.75521,0.67410403,0.0,0.6024918,0.24202913,1.3185852,0.0,0.637066,0.0,0.0,0.8764888,1.240764,0.0,0.0,1.1542928,0.0,0.5417445,1.1435668,1.0453051,0.9390431,0.0,0.0,0.5247405
0.0,0.0,1.0518676,0.0,0.6401794,0.0,0.0,0.0,1.0123649,0.85986775,0.74966407,0.0,0.80972135,0.7844276,0.59757185,0.0,0.7873041,0.0,0.0,0.7211195,0.91762096,0.0,0.0,1.2629769,0.0,0.9844631,0.8151121,0.32521808,1.1034281,0.0,0.0,0.9081608
0.0,0.0,0.601478,0.0,0.0,0.0,0.0,0.12722987,0.9247063,1.0403807,1.14043,0.0,1.6611726,0.0,1.2538006,0.0,0.087818325,0.0,0.0,1.4034885,0.7948941,0.0,0.0,1.0746435,0.0,0.6348876,1.3529882,1.5475805,0.5839041,0.0,0.0,1.198832
0.0,0.0,0.6556418,0.0,0.36069417,0.0,0.0,0.0,0.6101595,0.46364844,0.6267467,0.0,0.5627503,0.50848854,0.57542706,0.0,0.7436018,0.0,0.0,0.56530076,0.5164505,0.0,0.0,0.53021127,0.0,0.6151187,0.4676332,0.6133759,0.659827,0.0,0.0,0.4203033
0.41166884,0.6620253,0.0,0.23752162,0.0,0.34424385,0.22137387,0.49700004,0.0,0.0,0.0,0.23885779,0.0,0.0,0.0,0.33373117,0.0,0.6069504,0.40420365,0.0,0.0,0.17401043,0.6253712,0.0,0.44455183,0.0,0.0,0.0,0.0,0.45060056,0.7395604,0.0
0.0,0.0,0.9862162,0.0,0.44424164,0.0,0.0,0.0,0.89894825,0.6738522,0.8927157,0.0,0.9298576,0.7861691,0.83391964,0.0,1.180532,0.0,0.0,0.8963797,0.74476576,0.0,0.0,0.88776124,0.0,0.8099307,0.8482455,0.89767784,0.8711205,0.0,0.0,0.69386256
0.0,0.0,0.71956015,0.0,0.5613138,0.0,0.0,0.0,0.6584982,0.63560206,0.723782,0.0,0.85191536,0.8838281,0.43327117,0.0,0.9017047,0.0,0.0,0.79105103,0.5651843,0.0,0.0,0.48001012,0.0,0.6850125,0.5105418,0.37623274,0.67158204,0.0,0.0,0.59343255
0.0,0.0,0.8393928,0.0,0.31074858,0.0,0.0,0.0,1.046055,0.94216114,1.033485,0.0,1.1459749,0.70902026,0.8712344,0.0,0.28793746,0.0,0.0,1.3589935,0.1954037,0.0,0.0,0.37997216,0.0,0.85596645,0.83977234,1.0573236,0.7428568,0.0,0.0,1.0950744
0.0,0.0,1.2033693,0.0,1.3273466,0.0,0.0,0.0,1.1722419,1.3147738,1.1317114,0.0,1.0080602,0.70672965,1.3426485,0.0,0.92473954,0.0,0.0,1.2078854,1.3837535,0.0,0.0,1.421392,0.0,0.8931311,1.1230499,1.1566694,1.2633662,0.0,0.0,0.8993186
0.0,0.0,0.94955575,0.0,1.2628725,0.0,0.0,0.0,1.2255148,1.1439717,1.1849171,0.0,0.8692275,0.7791521,1.3131105,0.0,0.9087295,0.0,0.0,1.0324048,1.3529888,0.0,0.0,1.2135259,0.0,0.9032972,1.133252,1.4562057,1.1782911,0.0,0.0,0.8946614
0.31355304,0.36420554,0.0,0.6071422,0.0,0.5168425,0.65501165,0.6130595,0.0,0.0,0.0,0.5391594,0.0,0.0,0.0,0.5657945,0.0,0.38667032,0.5708772,0.0,0.0,0.43438396,0.4703422,0.0,0.55814874,0.0,0.0,0.0,0.0,0.4880965,0.33761972,0.0
0.0,0.0,0.98930943,0.0,0.86521184,0.0,0.0,0.0,1.0736469,0.84580326,1.0505652,0.0,0.73923916,0.3587803,1.0246392,0.0,0.6686936,0.0,0.0,0.7692561,0.82254344,0.0,0.0,0.93765914,0.0,0.73315006,0.95719683,1.2313622,1.0984995,0.0,0.0,0.6329743
0.0,0.0,1.0350751,0.0,1.2212077,0.0,0.0,0.0,1.1014371,1.2400761,1.0960838,0.0,1.1798261,1.0066415,1.1332152,0.0,0.77243954,0.0,0.0,1.287807,1.239529,0.0,0.0,0.9969645,0.0,0.84438324,1.0403494,0.99794114,1.1086121,0.0,0.0,0.9837333
0.0,0.0,0.43530086,0.0,0.16038296,0.0,0.0,0.21660702,0.37473828,0.2633884,0.34565133,0.038380813,0.47919315,0.45710984,0.44853035,0.0,0.6092972,0.0,0.0,0.5435052,0.3764809,0.0,0.0,0.35362425,0.0,0.23628235,0.6252352,0.55234784,0.38043743,0.0,0.0,0.25535268
0.0,0.0,1.1534581,0.0,0.62590456,0.0,0.0,0.0,1.0977036,0.776603,0.9338792,0.0,1.0685296,1.4157583,0.78779083,0.0,1.5897968,0.0,0.0,1.0622118,0.85534763,0.0,0.0,0.728714,0.0,1.2309942,0.9092348,0.7633445,0.929161,0.0,0.0,0.9979693
0.6616954,1.1509459,0.0,0.8178408,0.0,0.66824704,0.91555125,0.73838156,0.0,0.0,0.0,0.963868,0.0,0.0,0.0,1.0335828,0.0,0.7980177,0.8356911,0.0,0.0,0.71424675,1.083833,0.0,0.8023528,0.0,0.0,0.0,0.0,1.0177224,0.92126566,0.0
0.0,0.0,1.6804776,0.0,0.7348989,0.0,0.0,0.0,1.3733479,1.5116957,1.5009433,0.0,2.256974,0.96044236,2.2227812,0.0,0.8659275,0.0,0.0,1.5889649,1.0678966,0.0,0.0,1.2392079,0.0,1.5903852,2.1244516,2.6507578,1.6447344,0.0,0.0,2.6268709
0.0,0.0,1.495605,0.0,1.2349749,0.0,0.0,0.0,1.2940729,1.1254418,1.1178805,0.0,1.1353207,0.72225827,1.5686235,0.0,0.93086904,0.0,0.0,1.1330576,1.1950758,0.0,0.0,1.4541429,0.0,1.1382877,1.6343141,1.5163882,1.2919213,0.0,0.0,1.3436103
0.0,0.0,1.3341492,0.0,0.6194203,0.0,0.0,0.0,1.3262203,1.1914482,1.0426155,0.0,1.3986106,1.5481057,0.5564141,0.0,1.3669214,0.0,0.0,1.4499248,0.9433993,0.0,0.0,1.1908392,0.0,1.4290878,0.77673185,0.6123585,1.2038959,0.0,0.0,1.3341993
0.0,0.0,1.3209882,0.0,1.4097574,0.0,0.0,0.0,1.5087049,1.4075483,1.5596018,0.0,1.2819693,1.2470555,1.3897499,0.0,1.6286157,0.0,0.0,1.4899832,1.2159529,0.0,0.0,1.3223205,0.0,1.3563457,1.4082723,1.5309833,1.3731005,0.0,0.0,1.156632
0.0,0.1743678,0.38092545,0.0,0.11176413,0.0,0.0,0.23146735,0.14921372,0.031779535,0.4541925,0.0,0.22217685,0.0,0.464924,0.04536261,0.0072794333,0.0,0.19970027,0.1419172,0.31919914,0.0,0.17526409,0.38466373,0.0,0.047456224,0.31973213,0.29819894,0.33437783,0.0,0.0,0.0
0.0,0.0,0.60813105,0.0,0.41765344,0.0,0.0,0.0,0.56832343,0.41514182,0.57271343,0.0,0.4292482,0.6605151,0.76795155,0.0,0.9021245,0.0,0.0,0.70003974,0.69051564,0.0,0.0,0.46116143,0.0,0.4750961,0.45648038,0.7432902,0.5289835,0.0,0.0,0.18561256
0.0,0.0,1.1396549,0.0,1.1088002,0.0,0.0,0.0,1.1534518,1.0549304,1.0609465,0.0,1.0038774,1.0307442,0.9835483,0.0,0.95162135,0.0,0.0,1.0053076,1.0443656,0.0,0.0,1.0404418,0.0,1.2136905,0.8775477,0.98423195,1.18083,0.0,0.0,1.0163009
0.0,0.0,0.70411646,0.0,0.6795784,0.0,0.0,0.0,0.8256494,0.40032154,0.87015593,0.0,0.65445966,0.61564285,1.5848753,0.0,1.8008306,0.0,0.0,0.71160334,1.7353952,0.0,0.0,0.9662538,0.0,1.2394197,1.6430206,0.8347577,1.261683,0.0,0.0,0.0
0.0,0.0,1.1312357,0.0,0.84041435,0.0,0.0,0.0,1.2030883,1.0444976,1.1882541,0.0,1.2021343,0.9883453,0.74318177,0.0,1.2002708,0.0,0.0,1.0139089,0.7938303,0.0,0.0,1.2993963,0.0,1.2485354,0.925145,0.9222035,1.2615662,0.0,0.0,1.1113153
0.0,0.0,0.82313,0.0,0.56858003,0.0,0.0,0.0,0.7913087,0.7040403,0.8039746,0.0,0.76311314,0.29860327,0.51438046,0.0,0.4741241,0.0,0.0,0.52369434,0.59476465,0.0,0.0,1.0153526,0.0,0.768509,0.6179619,0.36298805,0.95241696,0.0,0.0,0.65979296
0.0,0.0,1.2935715,0.0,0.99577767,0.0,0.0,0.0,1.2518861,1.0151988,1.2911327,0.0,1.0224721,1.2023225,1.4903842,0.0,0.8534935,0.0,0.0,0.99870974,0.7993924,0.0,0.0,0.75921273,0.0,1.2982951,0.95018977,1.8957896,1.4630152,0.0,0.0,1.014961
0.60905385,0.8446595,0.0,0.73782265,0.0,0.60462224,0.6358545,0.7333256,0.0,0.0,0.0,0.74135554,0.0,0.0,0.0,0.84597623,0.0,0.9159108,1.1475742,0.0,0.0,0.76952106,0.8954872,0.0,0.82127655,0.0,0.0,0.0,0.0,0.7468188,0.7587803,0.0
1.1782293,1.0930282,0.0,0.9575208,0.0,0.85406935,1.1456115,1.0754128,0.0,0.0,0.0,1.1335021,0.0,0.0,0.0,1.1760222,0.0,1.1103672,1.2601919,0.0,0.0,0.98245347,0.8922193,0.0,1.230168,0.0,0.0,0.0,0.0,1.0068599,1.1252928,0.0
0.0,0.0,1.2005645,0.0,1.1175505,0.0,0.0,0.0,0.9176862,1.119257,1.4103127,0.0,1.5519081,1.4029542,1.4559072,0.0,1.3117672,0.0,0.0,0.85207665,1.3129252,0.0,0.0,0.6624617,0.0,1.3734976,1.5816847,2.1392658,1.2799405,0.0,0.0,2.119551
0.0,0.0,0.7818229,0.0,0.62665284,0.0,0.0,0.0,0.9562067,0.78162783,0.946892,0.0,0.8925274,0.5332969,0.7235934,0.0,0.36550382,0.0,0.0,0.7437065,0.6022878,0.0,0.0,0.78517866,0.0,0.83578527,0.84669137,0.77453667,1.1206955,0.0,0.0,0.8680961
0.0,0.0,1.2633667,0.0,1.3482696,0.0,0.0,0.0,1.3745418,1.1028577,1.3015351,0.0,0.8559997,0.31921396,1.4822857,0.0,0.91194046,0.0,0.0,0.89022356,1.0295079,0.0,0.0,1.4767025,0.0,0.9942655,1.3929687,1.6011696,1.4702655,0.0,0.0,0.8374113
0.0,0.0,1.5826384,0.0,1.6689601,0.0,0.0,0.0,1.1596868,0.89514154,1.42627,0.0,1.4177679,1.1276875,2.2365632,0.0,3.1154332,0.0,0.0,1.2830575,1.6375929,0.0,0.0,1.6475232,0.0,2.2086077,1.84511,2.4249427,1.6421245,0.0,0.0,0.7202252
0.0,0.0,0.9319271,0.0,0.55967844,0.0,0.0,0.0,0.90492123,0.994311,0.5584261,0.0,0.80964357,1.0652293,0.2671126,0.0,0.75992113,0.0,0.0,0.90317976,0.7282269,0.0,0.0,1.1954345,0.0,0.9889723,0.34917,0.45897925,0.7652873,0.0,0.0,0.8570814
0.5131147,0.71187884,0.0,0.44599977,0.0,0.1591401,0.3594033,0.6993351,0.0,0.0,0.0,0.491274,0.0,0.0,0.004122138,0.59549963,0.044870682,0.66527575,0.52349204,0.0,0.04212763,0.24683718,0.50040865,0.0,0.581542,0.0,0.0,0.0,0.0,0.33870292,0.64365923,0.0
0.0,0.0,1.4338535,0.0,1.0824459,0.0,0.0,0.0,0.922738,1.382454,1.9954959,0.0,2.24886,1.3938562,1.6080718,0.0,2.3493578,0.0,0.0,1.3566208,1.6156198,0.0,0.0,0.9680184,0.0,1.2053292,2.5228949,2.357433,1.4066193,0.0,0.0,2.576326
0.0,0.0,1.2972038,0.0,1.1462241,0.0,0.0,0.0,1.0378942,1.3267591,0.86992496,0.0,1.0717193,1.4483045,0.71674216,0.0,1.3580053,0.0,0.0,1.3178457,1.4700394,0.0,0.0,1.3394568,0.0,0.99095345,0.603063,0.2681998,1.0581585,0.0,0.0,0.9084607
0.0,0.0,1.078,0.0,1.1858037,0.0,0.0,0.0,1.0139279,1.0789955,1.0733669,0.0,0.7854891,0.70771855,1.4482653,0.0,0.9462643,0.0,0.0,0.9770259,1.0160316,0.0,0.0,1.582045,0.0,1.1127048,1.0115176,1.3451687,0.9501609,0.0,0.0,0.69330835
0.0,0.0,1.382133,0.0,1.2692302,0.0,0.0,0.0,1.2528557,1.1146986,1.1364752,0.0,1.2406638,1.2553097,1.1081475,0.0,1.4313226,0.0,0.0,1.2415261,1.2123344,0.0,0.0,1.3323879,0.0,1.3727936,1.1011504,1.1445011,1.2072105,0.0,0.0,1.1053456
0.0,0.0,0.39749393,0.0,1.4125091,0.0,0.0,0.0,0.077166446,0.883613,1.961808,0.0,1.3402286,0.0,1.5158799,0.0,0.0,0.0,0.0,1.2709948,0.44618276,0.0,0.41195288,0.0,0.0,1.4186531,1.1795118,1.6675256,0.8788126,0.13886647,0.0,1.5322275
0.0,0.0,1.7165473,0.0,2.4453235,0.0,0.0,0.0,1.8888217,1.9187528,1.9308612,0.0,1.5694885,1.5938267,2.2156968,0.0,1.9365462,0.0,0.0,1.9794139,2.2543037,0.0,0.0,2.2424865,0.0,1.6836555,1.7755082,2.006211,1.645838,0.0,0.0,1.463068
0.0,0.0,0.7363877,0.0,0.53592837,0.0,0.0,0.0,0.8470172,0.4603918,1.3689585,0.0,0.59840715,0.5661697,0.8222913,0.0,0.88936734,0.0,0.148655,0.7978393,0.74306047,0.0,0.0,1.2119843,0.0,0.8846638,0.40317142,0.7121389,1.2124448,0.0,0.077332065,0.31019938
0.0,0.46499422,0.056571994,0.072254986,0.0,0.028199865,0.38343328,0.2784749,0.021754611,0.23944232,0.05063595,0.15599425,0.29960576,0.0,0.39565623,0.32188898,0.09727655,0.15909126,0.47633392,0.12469139,0.4668366,0.0,0.6721343,0.0,0.0,0.21395855,0.1740038,0.46575427,0.18420091,0.38858363,0.053757235,0.0
0.18706426,0.32711843,0.09169191,0.3651669,0.0,0.26547843,0.27730027,0.34025466,0.0,0.0,0.0,0.36711788,0.010193408,0.0,0.08912109,0.3248576,0.15856294,0.40872905,0.31642905,0.17341354,0.18913637,0.31202692,0.37515473,0.0,0.44908762,0.0,0.0,0.0,0.0,0.32564273,0.18813077,0.0
0.027155269,0.11579511,0.32322055,0.059117958,0.13910398,0.0,0.0,0.22046983,0.077081874,0.0025663748,0.41149458,0.0,0.16248749,0.0,0.42206678,0.09507133,0.12566994,0.0,0.10835998,0.090920016,0.298668,0.0,0.0,0.29594648,0.0,0.08012839,0.17156447,0.3318392,0.2721729,0.0,0.0,0.0
0.0,0.0,0.70725226,0.0,0.007266987,0.0,0.0,0.0,0.715308,0.67142546,0.4697026,0.0,0.91922307,0.7104784,0.14652112,0.0,0.5563565,0.0,0.0,0.8856078,0.3113011,0.0,0.0,0.4899117,0.0,0.8717135,0.50156945,0.0,0.71801674,0.0,0.0,0.73232687
0.0,0.0,1.0403186,0.0,0.26322216,0.0,0.0,0.0,0.9633525,0.75216836,0.6541832,0.0,1.0903177,1.441546,0.17093843,0.0,1.605288,0.0,0.0,1.014421,0.93870974,0.0,0.0,1.0069839,0.0,0.9426768,0.64210933,0.17910628,0.86756563,0.0,0.0,0.8169794
0.0,0.0,1.2670872,0.0,1.4658914,0.0,0.0,0.0,1.4919972,1.516975,1.5845098,0.0,1.2625973,1.351165,1.0578002,0.0,1.5542825,0.0,0.0,1.4540358,1.0894816,0.0,0.0,1.1131389,0.0,1.5285919,1.3124248,1.190026,1.291137,0.0,0.0,1.1777245
1.457672,1.606475,0.0,1.3503585,0.0,1.257342,1.2720752,1.2656758,0.0,0.0,0.0,1.3550259,0.0,0.0,0.0,1.3869634,0.0,1.475148,1.4299582,0.0,0.0,1.2952129,1.0588526,0.0,1.6780604,0.0,0.0,0.0,0.0,1.2600756,1.2091514,0.0
1.5494574,1.8366294,0.0,1.7134372,0.0,1.4257723,1.6244696,1.322659,0.0,0.0,0.0,1.7221857,0.0,0.0,0.0,1.725284,0.0,1.7434919,1.7070644,0.0,0.0,1.6196144,1.5222322,0.0,2.0028965,0.0,0.0,0.0,0.0,1.6030385,1.5561198,0.0
0.0,0.06662562,0.44036096,0.0,0.26761436,0.0,0.0,0.0142174065,0.56791574,0.4256048,0.5542019,0.0,0.4108258,0.15915221,0.6283717,0.0,0.13370264,0.0,0.06478666,0.5174643,0.51755244,0.0,0.12986495,0.3940546,0.0,0.3157025,0.48504287,0.72690225,0.61840516,0.0,0.0,0.25405687
0.8314506,0.84924453,0.0,0.7144102,0.0,0.75039536,0.65903914,0.9549598,0.0,0.0,0.0,0.5802956,0.0,0.0,0.0,0.89029616,0.0,0.9561186,0.87561905,0.0,0.0,0.75605875,0.82509875,0.0,1.0438908,0.0,0.0,0.0,0.0,0.78604746,0.6598621,0.0
0.0,0.09555982,0.32517496,0.0,0.0076417476,0.030623889,0.0,0.015501354,0.29585874,0.25015807,0.20207325,0.0,0.28581488,0.42185202,0.19725297,0.0,0.60466444,0.0,0.16411106,0.36304522,0.4445347,0.059873078,0.0,0.4455048,0.0,0.015322521,0.2733798,0.06712189,0.3124385,0.0,0.06277516,0.0
0.0,0.0,1.056812,0.0,1.0814779,0.0,0.0,0.0,1.564695,1.4976958,1.5122184,0.0,1.5894457,0.9925988,1.1020379,0.0,0.6009975,0.0,0.0,1.4403125,0.41133454,0.0,0.0,1.1779913,0.0,1.4019436,1.4622804,1.7161366,1.3876058,0.0,0.0,1.7499572
1.0488799,1.1106006,0.0,0.7626028,0.0,0.8660384,0.94131255,0.89467925,0.0,0.0,0.0,1.0081446,0.0,0.0,0.0,1.1625377,0.0,1.056345,0.9244568,0.0,0.0,0.8522407,1.5053525,0.0,1.0133386,0.0,0.0,0.0,0.0,1.2746625,1.1246784,0.0
0.0,0.0,1.2337642,0.0,1.1418362,0.0,0.0,0.0,1.1625291,0.9438693,0.9705407,0.0,1.0235231,1.5674682,1.2228919,0.0,1.6451064,0.0,0.0,1.5430009,1.4154918,0.0,0.0,1.0345812,0.0,0.99719155,0.9148531,0.8677973,0.9818741,0.0,0.0,0.9024013
0.0,0.0,1.6174269,0.0,1.1160045,0.0,0.0,0.0,1.4744221,1.3058759,1.7707862,0.0,2.1711416,1.4444212,2.1292357,0.0,1.7804037,0.0,0.0,1.2751971,1.1640486,0.0,0.0,1.2732671,0.0,1.505696,2.21803,3.078816,1.7140876,0.0,0.0,2.7244864
0.0,0.0,1.5657393,0.0,0.88745636,0.0,0.0,0.0,1.3010516,1.2486775,1.883386,0.0,2.2807596,1.4881023,1.6095471,0.0,2.02171,0.0,0.0,1.198441,1.1227312,0.0,0.0,0.9779028,0.0,1.5091339,2.292334,2.3209493,1.7987045,0.0,0.0,2.6272914
0.0,0.0,1.0378177,0.0,0.65669054,0.0,0.0,0.0,1.0365665,0.8972901,0.88054484,0.0,0.9441082,1.4163663,0.4290427,0.0,1.1910831,0.0,0.0,1.126207,0.8376541,0.0,0.0,0.6336765,0.0,1.0931056,0.34218985,0.3056289,0.8821899,0.0,0.0,0.7813225
0.0,0.0,1.7580683,0.0,0.81095433,0.0,0.0,0.0,1.6157895,1.4065888,1.8519409,0.0,1.1828718,1.2378557,1.3532456,0.0,0.88185334,0.0,0.0,1.0662576,0.7463255,0.0,0.0,1.5943341,0.0,1.7057528,1.1026177,1.1889306,1.93497,0.0,0.0,1.4320807
0.0,0.0,0.7166134,0.0,4.0812244,0.58642435,0.0,0.0,1.712179,1.1808084,2.5935857,0.0,1.4215909,1.1350799,0.24633229,0.0,4.662349,0.0,0.0,3.6265352,0.50642645,0.0,0.0,1.404009,0.0,2.9853885,1.3258921,2.7266085,1.6637583,0.0,0.0,0.2707197
0.0,0.0,0.8018836,0.0,0.66906154,0.0,0.0,0.0,0.79731894,0.6544845,0.82020193,0.0,0.58949155,0.26510984,0.7419609,0.0,0.38648376,0.0,0.0,0.50918114,0.5062969,0.0,0.0,0.79551303,0.0,0.7954501,0.6204838,0.7745734,0.8478295,0.0,0.0,0.46089965
0.30600876,0.6378242,0.0,0.6084243,0.0,0.5738143,0.6457942,0.54299575,0.0,0.0,0.0,0.6931269,0.0,0.0,0.0,0.456823,0.0,0.34861344,0.7867357,0.0,0.0,0.5968518,0.4399731,0.0,0.4690743,0.0,0.0,0.0,0.0,0.60020095,0.31444186,0.0
0.0,0.0,1.299263,0.0,1.0265408,0.0,0.0,0.0,1.5243756,1.2273537,1.128057,0.0,1.2047608,1.744898,1.5740379,0.0,0.9108156,0.0,0.0,0.83994466,1.1544613,0.0,0.0,1.1134357,0.0,1.0437129,1.7441719,2.0395005,1.3902439,0.0,0.0,1.640081
0.0,0.0,1.383767,0.0,1.7125167,0.0,0.0,0.0,2.100989,1.9876827,2.2975235,0.0,1.5022936,1.7975343,1.4899806,0.0,1.8156025,0.0,0.0,2.3968532,1.0603757,0.0,0.0,1.8608079,0.0,2.092853,1.682741,1.6402185,2.0191123,0.0,0.0,1.3514694
1.2216353,1.4708889,0.0,1.3614968,0.0,1.3743066,1.3444098,1.3432313,0.0,0.0,0.0,1.2995864,0.0,0.0,0.0,1.3486205,0.0,1.3800358,1.4158039,0.0,0.0,1.4508872,1.3521086,0.0,1.5247167,0.0,0.0,0.0,0.0,1.3345218,1.137429,0.0
1.2818924,1.3489335,0.0,1.2432495,0.0,1.0503609,1.2794095,1.3499901,0.0,0.0,0.0,1.4728625,0.0,0.0,0.0,1.3421073,0.0,1.4974768,1.4719107,0.0,0.0,1.158815,1.1321096,0.0,1.3795582,0.0,0.0,0.0,0.0,1.2255588,1.356167,0.0
0.0,0.0,1.198036,0.0,1.0618877,0.0,0.0,0.0,1.2750057,1.5191216,1.3423954,0.0,1.6842533,0.9533553,0.9924302,0.0,0.69624937,0.0,0.0,1.4937886,0.5759384,0.0,0.0,0.9257119,0.0,1.5388145,1.051945,1.2917033,1.0017568,0.0,0.0,1.4131668
0.0,0.0,1.4002769,0.0,0.8970791,0.0,0.0,0.0,1.6040231,0.80067956,1.2980887,0.0,1.3867685,1.8061439,1.1978384,0.0,1.8698947,0.0,0.0,1.4549568,1.140566,0.0,0.0,0.88394463,0.0,1.1688192,1.5534093,1.2441561,1.1610832,0.0,0.0,1.1074488
0.0,0.0,1.0564891,0.0,0.21471956,0.0,0.0,0.0,1.4831425,1.2659663,1.5531546,0.0,2.0040102,0.7827624,1.1625502,0.0,0.97030175,0.0,0.0,1.8123618,0.7102333,0.0,0.0,1.1700039,0.0,1.2187287,1.4748402,1.7055496,0.9462744,0.0,0.0,1.6585025
0.0,0.0,1.235208,0.0,1.3176469,0.0,0.0,0.0,1.1897333,1.2645031,1.09058,0.0,0.75427204,0.5544203,1.4094417,0.0,0.8302889,0.0,0.0,1.0447547,1.2052388,0.0,0.0,1.6430295,0.0,0.9859994,1.0857172,1.2333401,1.271624,0.0,0.0,0.7168752
0.0,0.0,1.604749,0.0,0.9102281,0.0,0.0,0.0,1.4568418,1.2733421,1.3526736,0.0,1.107493,1.3364754,1.9175255,0.0,1.2194743,0.0,0.0,1.2679311,0.5807029,0.0,0.0,1.7876024,0.0,1.6063895,1.3487887,2.1636057,1.5395967,0.0,0.0,1.3315045
0.0,0.0,1.4780964,0.0,1.8996638,0.0,0.0,0.0,1.8825587,1.9790587,1.7036432,0.0,1.4684027,1.2827312,1.5098913,0.0,1.2571265,0.0,0.0,1.717026,1.1596127,0.0,0.0,1.6948847,0.0,1.6158266,1.9406058,1.7738837,1.6399736,0.0,0.0,1.302028
0.0,0.0,1.2325112,0.0,1.0614506,0.0,0.0,0.0,0.87321585,1.4011326,1.4872984,0.0,1.8111292,1.567713,1.5682974,0.0,2.4599917,0.0,0.0,1.4394932,1.8772329,0.0,0.0,1.1805847,0.0,1.2168258,2.0264318,2.2533674,1.3355486,0.0,0.0,2.1675181
0.0,0.0,0.9103329,0.0,0.7900911,0.0,0.0,0.0,0.9673062,0.8503694,0.8702269,0.0,0.7256724,0.42392516,1.1565789,0.0,0.6044851,0.0,0.0,0.8191132,1.1361676,0.0,0.0,1.0168772,0.0,0.49912733,1.127496,1.2080691,0.96232706,0.0,0.0,0.67949706
0.0,0.0,1.096522,0.0,1.0498099,0.0,0.0,0.0,1.1571165,1.4997361,1.2837898,0.0,1.2006354,0.74098736,1.8006043,0.0,0.71506715,0.0,0.0,1.6128732,1.1947905,0.0,0.0,1.3951514,0.0,1.0088403,1.325003,1.4157709,0.9176638,0.0,0.0,1.042473
0.96167785,1.356028,0.0,1.1945231,0.0,0.7573813,1.2308675,0.93983775,0.0,0.0,0.0,0.91554344,0.0,0.0,0.0,1.3308347,0.0,1.0474979,0.92191803,0.0,0.0,1.0750281,1.37776,0.0,1.4003097,0.0,0.0,0.0,0.0,1.3990599,0.9661364,0.0
0.0,0.0,0.6910932,0.0,0.6495245,0.0,0.0,0.0,0.84345114,0.8491196,0.8054755,0.0,0.58120054,0.51653206,0.88264257,0.0,0.6096636,0.0,0.0,0.75324863,0.845767,0.0,0.0,0.7761465,0.0,0.50900424,0.6910961,0.84626865,0.8457617,0.0,0.0,0.44820875
0.0,0.0,1.1370192,0.0,0.83850336,0.0,0.0,0.0,1.3846052,1.3068615,1.4045703,0.0,1.768901,0.6568366,1.2963945,0.0,0.118876964,0.0,0.0,1.5290059,0.12352762,0.0,0.0,0.6595699,0.0,1.3313614,1.269066,1.6127458,1.1543255,0.0,0.0,1.725557
0.0,0.0,1.0883601,0.0,1.0933468,0.0,0.0,0.0,1.4630965,1.1065282,1.243661,0.0,1.1359013,1.3881605,0.95819944,0.0,1.1877913,0.0,0.0,1.0809627,1.6632628,0.0,0.0,1.1657628,0.0,1.1173674,1.1393601,1.1136028,1.321203,0.0,0.0,0.96977526
1.1806196,1.3203675,0.0,1.0816154,0.0,1.0363135,1.1101784,1.0316461,0.0,0.0,0.0,1.1454536,0.0,0.0,0.0,1.2018403,0.0,0.98372203,1.2507331,0.0,0.0,1.1563541,0.9242983,0.0,1.2533013,0.0,0.0,0.0,0.0,1.241659,1.0002037,0.0
0.0,0.0,1.0559192,0.0,0.5830915,0.0,0.0,0.0,0.91549623,0.71249294,0.7870448,0.0,0.8039765,0.3130725,1.024415,0.0,0.5029496,0.0,0.0,0.73493683,0.82861805,0.0,0.0,1.045771,0.0,0.41502827,1.2647133,1.0596206,0.99820447,0.0,0.0,0.76504904
0.0,0.0,1.7447213,0.0,1.7304468,0.0,0.0,0.0,2.0836253,1.3183181,1.7073904,0.0,1.6412263,2.4370484,1.430904,0.0,2.565359,0.0,0.0,1.9915471,1.3688544,0.0,0.0,1.2483083,0.0,2.0280595,1.7690343,1.6095301,1.6095655,0.0,0.0,1.5678555
0.0,0.0,0.73289716,0.0,0.3855121,0.0,0.0,0.0,0.8750204,0.6138133,0.98062783,0.0,0.95270765,0.6869327,0.6778879,0.0,0.5665759,0.0,0.0,1.0233836,0.35620704,0.0,0.0,0.4117191,0.0,0.6990044,0.6742932,0.9010327,0.7748814,0.0,0.0,0.71310055
0.0,0.0,0.5202061,0.0,0.05220094,0.0,0.0,0.0,0.44774908,0.40687856,0.38722953,0.0,0.6217224,0.7337821,0.0943105,0.0,0.9984217,0.0,0.0,0.52026707,0.5954594,0.0,0.0,0.6005635,0.0,0.3527792,0.39546514,0.0,0.4363817,0.0,0.01793789,0.25504473
0.0,0.0,0.88266265,0.0,0.9461578,0.0,0.0,0.0,0.91162544,0.86850286,0.84413105,0.0,0.7368892,0.6129672,0.8808513,0.0,0.49552462,0.0,0.0,0.7444085,0.8188501,0.0,0.0,0.72236276,0.0,0.8714357,0.64385563,0.9643236,0.94178367,0.0,0.0,0.67178506
0.0,0.0,0.65081894,0.0,0.5788679,0.0,0.0,0.0,0.7293041,0.7875812,0.70428884,0.0,0.62157345,0.56594473,0.656373,0.0,0.65772754,0.0,0.0,0.7175883,0.43818447,0.0,0.0,0.75255513,0.0,0.79168665,0.56719553,0.77836967,0.72126997,0.0,0.0,0.48741287
0.0,0.0,0.72553146,0.0,0.66854405,0.0,0.0,0.0,1.014449,1.275313,1.0178841,0.0,1.0054706,0.49801457,0.9749002,0.0,0.093302995,0.0,0.0,1.1800609,0.24123526,0.0,0.0,0.67753077,0.0,0.9361338,0.8167269,1.2534382,0.8457715,0.0,0.0,1.0971801
0.81610215,0.8959922,0.0,1.0484021,0.0,1.0140045,1.0088254,0.83550984,0.0,0.0,0.0,0.9367199,0.0,0.0,0.0,0.9052182,0.0,0.76189405,0.823396,0.0,0.0,0.865222,0.7984444,0.0,1.0842727,0.0,0.0,0.0,0.0,0.9876183,0.6305915,0.0
0.0,0.0,1.4059287,0.0,0.9657758,0.0,0.0,0.0,1.1581929,1.1130915,1.013049,0.0,1.1825757,1.0174253,1.0691504,0.0,1.149581,0.0,0.0,1.0861702,1.029032,0.0,0.0,1.3749694,0.0,1.191027,1.1682097,1.132192,1.0154241,0.0,0.0,1.0089537
0.0,0.0,1.5118138,0.0,1.5785563,0.0,0.0,0.0,1.4280688,1.3156222,1.3360732,0.0,1.3423655,1.017998,1.5880452,0.0,1.2694004,0.0,0.0,1.4922521,1.5663309,0.0,0.0,1.5059594,0.0,1.1702185,1.9734313,1.2575479,1.2502321,0.0,0.0,1.1389885
0.056069244,0.45779374,0.28978902,0.20013481,0.0,0.2765723,0.35575128,0.11110557,0.20143995,0.0,0.29243737,0.08289238,0.2713428,0.40138167,0.13614143,0.15757167,0.06602355,0.089055106,0.24718124,0.2731477,0.03906514,0.08327046,0.47878954,0.0,0.22992748,0.0,0.0,0.05575054,0.14425188,0.55319923,0.2461903,0.107332766
0.0,0.0,1.457729,0.0,1.6669582,0.0,0.0,0.0,1.4746006,1.4788809,1.2995551,0.0,1.3289961,1.2227404,1.6042289,0.0,1.1918315,0.0,0.0,1.4059722,1.2753605,0.0,0.0,1.5876268,0.0,1.4116597,1.5428872,1.5245749,1.2628751,0.0,0.0,1.3360387
0.0,0.0,1.3123964,0.0,1.5854228,0.0,0.0,0.0,1.5359621,1.5295106,1.1838795,0.0,0.97739804,0.8597699,1.5007912,0.0,0.8783763,0.0,0.0,1.1634858,1.3693041,0.0,0.0,1.7676109,0.0,1.0801246,1.3700948,1.3613684,1.5215089,0.0,0.0,1.2960925
0.8901168,1.2538086,0.0,1.0399255,0.0,1.2945524,1.1160597,0.7951665,0.0,0.0,0.0,0.9184922,0.0,0.0,0.0,0.67778575,0.0,1.0399014,0.9798882,0.0,0.0,1.1945654,0.80947745,0.0,1.1935626,0.0,0.0,0.0,0.0,1.0862899,0.8733257,0.0
0.0,0.0,0.25568646,0.0,0.0,0.1328864,0.056785613,0.0,0.1908094,0.07608941,0.12914167,0.0,0.44472283,0.3532065,0.0,0.0,0.26891774,0.0,0.18324131,0.2996588,0.19401142,0.103760004,0.0,0.10499692,0.0,0.20353168,0.16797003,0.0,0.35026693,0.0639424,0.0,0.15160432
0.0,0.0,1.6820326,0.0,1.3307697,0.0,0.0,0.0,2.1054153,1.4850417,1.4496322,0.0,1.4900193,2.7685566,1.0525043,0.0,2.244346,0.0,0.0,1.9310871,1.4454008,0.0,0.0,0.9610648,0.0,2.0257843,1.1953837,0.86185265,1.5674602,0.0,0.0,2.0208201
0.0,0.0,1.4132829,0.0,0.26296005,0.0,0.0,0.0,0.9912364,1.7103869,1.287128,0.0,1.9041464,1.5516727,1.0684986,0.0,0.78424615,0.0,0.0,1.1226225,0.854811,0.0,0.0,0.66584915,0.0,1.6475309,1.7489232,1.4064869,1.1431626,0.0,0.0,2.2429051
0.3242638,0.5599549,0.0,0.45710823,0.0,0.43437028,0.4844352,0.5764263,0.0,0.0,0.0,0.34612715,0.0,0.0,0.0,0.4975981,0.0,0.21906623,0.7941064,0.0,0.0,0.53077793,0.21139231,0.0,0.6170928,0.0,0.0,0.0,0.0,0.4193359,0.609328,0.0
0.0,0.0,0.8513489,0.0,0.17417619,0.0,0.0,0.0,0.6768067,0.74628794,0.668215,0.0,0.8462971,0.70592105,0.50203216,0.0,0.9044036,0.0,0.0,0.9137331,0.7134346,0.0,0.0,0.86909413,0.0,0.6042551,0.68820876,0.32841823,0.6207139,0.0,0.0,0.6168232
0.0,0.0,0.33560854,0.0,0.0,0.0,0.0,0.044894855,0.043545887,0.20895085,0.27592123,0.0,0.25587887,0.0,0.0,0.07758403,0.014796607,0.0,0.0,0.0982947,0.13093966,0.0,0.0,0.31004718,0.0,0.012573659,0.24525417,0.0,0.16886413,0.0,0.0,0.16736296
0.0,0.0,1.5412664,0.0,1.9727254,0.0,0.0,0.0,1.5759088,1.4910442,1.5726651,0.0,1.3399225,0.84012336,1.4810987,0.0,1.375906,0.0,0.0,1.2118764,1.5564688,0.0,0.0,1.6855313,0.0,1.3441163,2.1507194,1.3212025,1.5068169,0.0,0.0,1.0895249
0.0,0.0,2.9289622,0.0,2.8387465,0.0,0.0,0.0,1.9110894,2.4910684,2.5263298,0.0,1.3295852,1.6636097,3.333496,0.0,2.753355,0.0,0.0,2.0905633,2.5684617,0.0,0.0,2.603475,0.0,2.3911352,2.1654525,3.0165668,1.9693499,0.0,0.0,1.3637184
0.0,0.0,1.509065,0.0,0.24334581,0.0,0.0,0.0,1.2771225,1.0618069,1.5515755,0.0,1.2758784,1.3115972,1.3340155,0.0,0.22802636,0.0,0.0,1.4593233,0.24341837,0.0,0.0,0.84732026,0.0,1.40554,0.7686228,0.81919885,1.7358493,0.0,0.0,1.2549504
0.0,0.0,1.0802549,0.0,1.0357062,0.0,0.0,0.0,1.2058156,1.2768599,1.2347051,0.0,1.367771,1.0056936,0.9999856,0.0,0.8096534,0.0,0.0,1.3437667,0.81492305,0.0,0.0,0.890371,0.0,1.0298678,1.0352063,1.2164607,1.1274154,0.0,0.0,1.2093606
0.17826302,0.0040756166,0.14411198,0.0,0.0,0.03643963,0.0,0.23507473,0.007830761,0.0,0.14540997,0.0,0.017553218,0.0,0.0,0.037313253,0.2772767,0.0,0.19979003,0.0,0.20933661,0.0,0.0,0.35647714,0.024164803,0.0,0.11411489,0.0,0.22087556,0.0,0.06226708,0.0
0.084291056,0.07480574,0.2615856,0.1966125,0.0,0.02596299,0.17966127,0.2597393,0.06056937,0.0,0.13835366,0.22734635,0.19503827,0.089258686,0.24066882,0.10706972,0.19318762,0.031060206,0.0620369,0.2487455,0.069012724,0.07847935,0.052644156,0.041987978,0.27870876,0.0,0.29328778,0.23674929,0.08860334,0.22174707,0.0,0.1475414
0.5642392,0.561258,0.0,0.69292706,0.0,0.51755476,0.7081978,0.7920123,0.0,0.0,0.0,0.6622899,0.0,0.0,0.0,0.7491627,0.0,0.4358104,0.70513976,0.0,0.0,0.41474926,0.5577816,0.0,0.79049504,0.0,0.0,0.0,0.0,0.6314883,0.5346591,0.0
0.0,0.0,0.9313146,0.0,0.85825706,0.0,0.0,0.0,0.48332947,1.4895921,1.0974993,0.0,1.5851102,1.3843423,0.8920674,0.0,0.89814574,0.0,0.0,1.030289,1.1978399,0.0,0.0,0.65575963,0.0,1.3004668,1.5325688,1.5691354,0.97890955,0.0,0.0,2.2280288
0.0,0.0,1.4394441,0.0,1.5554521,0.0,0.0,0.0,1.5043558,1.6756096,1.3045126,0.0,1.6431332,1.8144692,1.0414045,0.0,1.4609171,0.0,0.0,1.814344,1.5392038,0.0,0.0,1.3709033,0.0,1.6148385,1.0377367,0.9811087,1.4527688,0.0,0.0,1.4990958
0.0,0.0,1.3826216,0.0,0.19662255,0.0,0.0,0.0,0.8247919,0.9384335,1.2375033,0.0,0.47553408,0.6212143,0.9158999,0.0,0.25794357,0.0,0.0,0.7326409,0.32738316,0.0,0.0,0.91636497,0.0,1.1194477,0.47807372,0.7473138,1.3123671,0.0,0.0,0.53186643
0.0,0.0,0.26043063,0.0,0.0,0.0,0.0,0.086996526,0.12510493,0.18835127,0.27993822,0.0,0.21820915,0.05007098,0.16779023,0.0,0.27349332,0.0,0.0,0.20686254,0.19386876,0.0,0.0,0.3397576,0.0,0.092760496,0.2372571,0.18891089,0.24116033,0.0,0.0,0.14696403
0.751749,0.9753454,0.0,0.82951033,0.0,0.7847351,0.88033247,0.93092793,0.0,0.0,0.0,0.8372669,0.0,0.0,0.0,0.6471601,0.0,0.7030729,0.9065796,0.0,0.0,0.5585028,0.6647631,0.0,0.77292126,0.0,0.0,0.0,0.0,0.91083896,0.6226231,0.0
0.0,0.0,0.951128,0.0,0.6288911,0.0,0.0,0.0,0.8683798,0.8004996,0.8727987,0.0,0.8325838,0.59619385,0.70762366,0.0,0.7947717,0.0,0.0,0.6207813,0.6903028,0.0,0.0,1.0277005,0.0,0.9860752,0.8188581,0.59651995,0.98912144,0.0,0.0,0.8012413
0.08723907,0.18883124,0.28723368,0.0,0.007945474,0.030144077,0.0,0.36952183,0.10523442,0.19528045,0.17530751,0.0,0.019774064,0.00463102,0.47515714,0.0,0.07596679,0.0,0.19832477,0.35724452,0.535915,0.0,0.10142085,0.24812528,0.09904384,0.0,0.20833722,0.2542585,0.16510141,0.06684414,0.0,0.0
0.0,0.0,0.36990207,0.0,0.0,0.0,0.0,0.0,0.16338485,0.1968193,0.39529943,0.0,0.44527572,0.05200125,0.08200274,0.0,0.3806412,0.0,0.0,0.25907427,0.1894975,0.0,0.0,0.35734358,0.0,0.13967872,0.33278158,0.078242436,0.28953668,0.0,0.0,0.27206424
0.0,0.0,1.0478505,0.0,0.59085333,0.0,0.0,0.0,1.2740798,0.9850609,1.3479028,0.0,1.0073836,0.8776436,1.0376396,0.0,0.9399671,0.0,0.0,1.1311765,0.8572277,0.0,0.0,1.3902861,0.0,1.1943517,0.8562661,1.1419983,1.2953008,0.0,0.0,0.73211366
0.16489957,0.4395342,0.0,0.2763983,0.0,0.42434943,0.45588654,0.42898667,0.0,0.0,0.0,0.6078785,0.0,0.0,0.0,0.27560744,0.0,0.25895956,0.4837502,0.12566318,0.0,0.42343867,0.20044596,0.0,0.3785749,0.04636428,0.0,0.0,0.13919678,0.4032658,0.1094213,0.0
0.0,0.0,0.92947066,0.0,0.20822161,0.0,0.0,0.0,0.99482876,0.8268561,0.7121079,0.0,1.0538023,1.0189825,0.34569412,0.0,0.93320006,0.0,0.0,0.95812166,0.60841215,0.0,0.0,0.9722204,0.0,0.729954,0.7388198,0.5126549,0.8825576,0.0,0.0,0.84089035
0.0,0.0,0.66574097,0.0,0.46906233,0.0,0.0,0.0,0.4285999,0.3983282,0.6566758,0.0,0.736865,0.5725094,0.60828143,0.0,0.8069402,0.0,0.0,0.6369256,0.6087355,0.0,0.0,0.70729315,0.0,0.36574703,0.5676793,0.5929316,0.44391486,0.0,0.0,0.6328775
0.0,0.0,0.7289194,0.0,0.0,0.0,0.0,0.0,0.3997097,0.3826546,0.54437447,0.0,0.7711246,0.2629825,0.54526675,0.0,0.5161512,0.0,0.0,0.58791983,0.53519917,0.0,0.0,0.61669487,0.0,0.29443198,0.77521044,0.42076027,0.4132977,0.0,0.0,0.44172806
0.0,0.0,1.3760477,0.0,1.152332,0.0,0.0,0.0,1.559958,1.0392495,1.2904166,0.0,1.2129256,1.4724216,1.7613919,0.0,0.83905995,0.0,0.0,1.0649621,1.0703149,0.0,0.0,0.954306,0.0,1.2106346,1.6853147,2.3001015,1.6534022,0.0,0.0,1.5490227
0.112066045,0.14047074,0.18408817,0.09197272,0.09470787,0.15259698,0.0,0.14903621,0.0,0.0,0.23422113,0.13793735,0.09294166,0.0,0.264116,0.122052014,0.072116554,0.022443216,0.066499956,0.051947325,0.1765908,0.0,0.13270037,0.16382939,0.06747992,0.07221194,0.0,0.0943412,0.09889837,0.0,0.09180643,0.11667605
0.0,0.0,1.0564766,0.0,1.5150628,0.0,0.0,0.0,1.1967063,1.1994069,1.1678514,0.0,1.043041,0.9459437,1.143437,0.0,0.7539807,0.0,0.0,1.085053,1.2339796,0.0,0.0,1.1329228,0.0,1.1233982,0.9395291,1.1694841,1.2376943,0.0,0.0,0.9985095
0.0,0.17209005,0.39805043,0.25367773,0.028026078,0.0,0.07313527,0.1552513,0.13449875,0.03158822,0.34803292,0.17567495,0.30078682,0.05886673,0.4585675,0.28050092,0.13666962,0.0,0.016500488,0.36263436,0.3735591,0.0,0.066597156,0.116034955,0.062603176,0.14471273,0.33827215,0.35295022,0.31500477,0.2786087,0.0,0.07263386
0.0,0.0,1.0382867,0.0,0.59612006,0.0,0.0,0.0,1.2273492,0.92113054,1.2302641,0.0,1.2648016,0.9743798,1.5432639,0.0,0.9297287,0.0,0.0,0.82009226,1.0343324,0.0,0.0,0.8044236,0.0,0.8063052,1.5458477,2.0640104,1.1514943,0.0,0.0,1.4336954
0.0,0.0,0.82054675,0.0,0.56681734,0.0,0.0,0.0,0.7754973,0.62129533,0.778837,0.0,0.75962466,0.6597997,0.94388837,0.0,0.7695757,0.0,0.0,0.8161514,0.9811322,0.0,0.0,0.6865476,0.0,0.4776377,0.8319935,0.9082871,0.7353757,0.0,0.0,0.5672757
0.0,0.0,1.3619183,0.0,1.0331868,0.0,0.0,0.0,1.3464067,0.95125157,1.505595,0.0,0.65523374,0.64818317,1.1433301,0.0,0.859002,0.0,0.0,0.813455,0.9343488,0.0,0.0,1.5675904,0.0,1.4157581,0.9425405,1.1009883,1.6253918,0.0,0.0,0.5980526
0.0,0.0,0.59396017,0.0,0.44343203,0.0,0.0,0.046544798,0.47821254,0.3150951,0.71954167,0.0,0.4018073,0.0,0.70866156,0.0,0.19596595,0.0,0.0,0.2082206,0.40456593,0.0,0.0,0.6534025,0.0,0.41785395,0.5166885,0.66945094,0.6950076,0.0,0.0,0.11190074
0.0,0.0,0.8362372,0.0,0.075365104,0.0,0.0,0.0,0.6391234,0.49923703,0.720462,0.0,0.8013822,0.66741014,0.5872464,0.0,0.8753738,0.0,0.0,0.7393177,0.60910827,0.0,0.0,0.6946333,0.0,0.5256527,0.8339534,0.6514657,0.5637902,0.0,0.0,0.6759975
0.0,0.0,0.6886463,0.0,0.48759258,0.0,0.0,0.0,0.70144165,0.6528056,0.7660792,0.0,0.59105074,0.50101304,0.6557392,0.0,0.8519374,0.0,0.0,0.7043301,0.6415932,0.0,0.0,0.7941604,0.0,0.5033139,0.5700236,0.6207664,0.7921738,0.0,0.0,0.3922645
0.3773415,0.6090355,0.0,0.72461337,0.0,0.39736775,0.7586295,0.64929575,0.0,0.0,0.0,0.71338606,0.0,0.0,0.0,0.7712934,0.0,0.33039713,0.6287996,0.0,0.0,0.47817335,0.63160455,0.0,0.72284436,0.0,0.0,0.0,0.0,0.79075205,0.29508206,0.0
0.5988175,0.45652613,0.37352157,0.0,0.50691766,0.1597376,0.0,0.0,0.41717803,0.0,0.415283,0.07578332,0.16183597,0.881023,0.50337565,0.0,1.419762,0.3002746,0.0,0.19097151,1.7153308,0.0,0.0,0.758274,0.16434222,0.62108165,0.57253027,0.027249992,0.38797426,0.0,0.0,0.0
0.0,0.0,1.6650163,0.0,0.48616314,0.0,0.0,0.0,1.4808589,0.8379489,1.4256765,0.0,0.88884395,1.027068,1.256709,0.0,0.61306304,0.0,0.0,0.8023859,0.54285014,0.0,0.0,0.6847159,0.0,1.6653452,0.90774333,1.1935097,1.7674644,0.0,0.0,0.933249
0.48744822,0.72858566,0.0,0.84860253,0.0,0.41978422,0.6693689,0.70639396,0.0,0.0,0.0,0.60756576,0.0,0.0,0.0,0.72089255,0.0,0.49495405,0.7758825,0.0,0.0,0.5747844,0.65480745,0.0,0.8774741,0.0,0.0,0.0,0.0,0.8505107,0.28163135,0.0
0.0,0.0,0.64198685,0.0,0.88804054,0.0,0.0,0.0,0.89673615,1.0377926,0.7074174,0.0,0.52408046,0.75669384,1.1403679,0.0,0.70421016,0.0,0.0,1.0036215,1.1797436,0.0,0.0,0.8797191,0.0,0.57617074,0.7607139,1.0752347,0.8395876,0.0,0.0,0.57272446
1.0207429,1.1835444,0.0,0.98243207,0.0,0.87249607,1.1809865,1.0663135,0.0,0.0,0.0,1.179985,0.0,0.0,0.0,1.4063144,0.0,1.0446383,1.0246754,0.0,0.0,0.8228288,1.3715382,0.0,1.0757825,0.0,0.0,0.0,0.0,1.3099611,1.0457926,0.0
0.0,0.0,1.4135286,0.0,0.5834904,0.0,0.0,0.0,1.2436142,1.0260875,1.2958258,0.0,1.1816299,1.2103872,1.4453926,0.0,1.0616343,0.0,0.0,0.9294849,0.78157693,0.0,0.0,1.017809,0.0,1.3504139,0.93793255,1.6582956,1.2887372,0.0,0.0,1.133464
0.0,0.0,0.82360363,0.0,0.59294426,0.0,0.0,0.0,0.88061726,0.5266753,0.91107917,0.0,0.8478837,0.8728301,0.66077214,0.0,1.1797262,0.0,0.0,0.86345273,0.71767557,0.0,0.0,0.7153947,0.0,0.9403255,0.670344,0.7522699,1.0527905,0.0,0.0,0.5771861
0.6596517,0.7447497,0.0,0.847163,0.0,0.5414646,0.9081244,0.801173,0.0,0.0,0.0,0.78167444,0.0,0.0,0.0,0.74084944,0.0,0.43194124,0.89258766,0.0,0.0,0.6645339,0.52171046,0.0,0.9215387,0.0,0.0,0.0,0.0,0.7963507,0.7531309,0.0
0.0,0.18042901,0.46942127,0.0,0.0646553,0.0,0.0,0.11351073,0.29840827,0.23257765,0.40741828,0.0,0.25745332,0.0,0.5308182,0.0,0.0,0.0,0.15420848,0.17895278,0.369754,0.0,0.0,0.41649705,0.0,0.07346707,0.4457593,0.38522083,0.4688683,0.0,0.0,0.02080524
0.0,0.0,1.9422216,0.0,0.6331292,0.0,0.0,0.0,1.555315,1.5075041,1.4232211,0.0,1.5779632,1.9624859,1.2099924,0.0,0.8677647,0.0,0.0,1.4165893,0.5689749,0.0,0.0,0.96025294,0.0,1.9435252,1.2468431,1.2133163,1.9464724,0.0,0.0,1.701521
0.23244965,0.67053556,0.0,0.62731004,0.0,0.61093944,0.60275424,0.48545045,0.0,0.0,0.0,0.6051985,0.0,0.0,0.0,0.5401099,0.0,0.42323974,0.64134264,0.0,0.0,0.55077845,0.5105541,0.0,0.5468117,0.0,0.0,0.0,0.0,0.56154656,0.42215115,0.0
0.0,0.0,0.58448803,0.0,0.19607551,0.0,0.0,0.0,0.4308979,0.3366407,0.6186746,0.0,0.55803066,0.13399725,0.433338,0.0,0.50334567,0.0,0.0,0.45162892,0.30817023,0.0,0.0,0.47332776,0.0,0.45151395,0.35004646,0.3262179,0.5882712,0.0,0.0,0.26796398
0.0,0.07059018,0.18935688,0.086716846,0.0,0.0,0.025065199,0.29048547,0.0,0.0,0.016522303,0.0,0.0,0.0,0.023546353,0.20591675,0.0,0.0,0.063940436,0.0,0.104016766,0.0,0.0064538233,0.20132744,0.14253752,0.0,0.21768713,0.02798555,0.0,0.0,0.0,0.05854797
0.0,0.0,0.9654324,0.0,0.8055826,0.0,0.0,0.0,1.0854974,0.9844641,0.94318575,0.0,1.181097,1.0753175,0.8332179,0.0,0.7051792,0.0,0.0,1.1239827,0.56609476,0.0,0.0,0.43127942,0.0,1.0346254,0.8211059,0.8348627,1.0206488,0.0,0.0,0.97211057
0.0,0.0,1.4892654,0.0,0.22231475,0.0,0.0,0.0,1.0733674,1.2662103,1.0534387,0.0,1.4482045,0.88955855,1.3358079,0.0,0.060637515,0.0,0.0,1.2954229,0.48420352,0.0,0.0,0.68783057,0.0,1.6125791,1.1094682,1.0564586,1.3712361,0.0,0.0,1.355496
0.0,0.37239704,0.29553857,0.008216463,0.0,0.23182762,0.043325637,0.30378395,0.21752134,0.0,0.3672345,0.09060286,0.2097941,0.0,0.35619882,0.04371925,0.038639337,0.0,0.34427974,0.20640136,0.30014652,0.0,0.31971702,0.2761524,0.0,0.0,0.2789926,0.23378065,0.34143528,0.079056606,0.10308771,0.0
0.0,0.0,0.09713608,0.0,0.0,0.0,0.0,0.0,0.082168736,0.29046476,0.015619062,0.0,0.29820442,0.33348206,0.0,0.101508066,0.0547486,0.0,0.31492367,0.15281893,0.049601234,0.0,0.0,0.268073,0.0,0.0,0.14560178,0.0,0.12308246,0.0,0.0064469837,0.03518457
0.0,0.0,1.2974182,0.0,1.2875868,0.0,0.0,0.0,1.2977467,1.1751009,1.2010219,0.0,0.9201292,1.1565331,1.5958877,0.0,1.0773296,0.0,0.0,0.8129632,1.4074512,0.0,0.0,1.2318528,0.0,0.97564083,1.4809293,2.329958,1.3168699,0.0,0.0,1.2650305
0.14452973,0.5338669,0.0,0.48724937,0.0,0.5277293,0.4318208,0.35204163,0.0,0.0,0.0,0.44083446,0.0,0.0,0.0,0.48147845,0.0,0.26135093,0.49333474,0.0,0.0,0.45306596,0.2452655,0.0,0.46754998,0.0,0.0,0.0,0.0,0.38256782,0.2862243,0.0
0.0,0.0,0.6383399,0.0,0.17810306,0.0,0.0,0.0,0.49768883,0.48120958,0.45703304,0.0,0.61972916,0.6775225,0.5153966,0.0,0.8180102,0.0,0.0,0.7604987,0.6197378,0.0,0.0,0.55628896,0.0,0.41639757,0.5083097,0.4034449,0.38438636,0.0,0.0,0.34126312
0.0,0.0,1.8437055,0.0,1.2690691,0.0,0.0,0.0,1.789869,1.7888014,1.8349563,0.0,1.0783744,2.2915738,1.1560261,0.0,1.7530036,0.0,0.0,1.4625019,1.2988417,0.0,0.0,1.6357917,0.0,2.234421,0.6395342,1.0184962,2.112183,0.0,0.0,1.6435325
0.0,0.0,1.455414,0.0,0.43267304,0.0,0.0,0.0,1.5253938,1.2429564,1.5292993,0.0,0.9953539,1.9027938,1.260865,0.0,1.3815247,0.0,0.0,1.4658167,1.0149158,0.0,0.0,1.3843774,0.0,1.5599586,0.60193264,0.87478817,1.7694037,0.0,0.0,1.1405618
0.0,0.0,0.4194226,0.0,0.0,0.0,0.0,0.030678485,0.5063568,0.49359414,0.53122187,0.0,0.64971703,0.28823066,0.4086019,0.0,0.14014055,0.0,0.0,0.8085672,0.0,0.0,0.0059137847,0.14278978,0.0,0.4294271,0.34255302,0.5775194,0.35828796,0.0,0.0,0.50661045
0.0,0.3621064,0.2468139,0.23358053,0.0,0.24669191,0.17710224,0.11743834,0.0,0.0,0.05119594,0.1280491,0.061335556,0.0,0.16365275,0.45296866,0.0,0.075983614,0.19273674,0.06754444,0.015398018,0.023867458,0.16400465,0.08014582,0.25189513,0.0,0.11083488,0.060415532,0.10021284,0.449679,0.0,0.0
0.0,0.0,1.1698384,0.0,1.0878335,0.0,0.0,0.0,1.0811114,0.72716993,0.94605374,0.0,1.0270038,1.1649354,1.3295527,0.0,1.4257358,0.0,0.0,1.4059408,1.1512172,0.0,0.0,0.93000776,0.0,0.84245324,1.1748435,1.2678391,0.91879666,0.0,0.0,0.67447215
0.9430063,1.2258397,0.0,0.9139243,0.0,0.68522847,0.96290034,1.0677572,0.0,0.0,0.0,1.0251766,0.0,0.0,0.0,1.2165354,0.0,1.2141296,1.0071249,0.0,0.0,1.106064,1.125947,0.0,1.2878028,0.0,0.0,0.0,0.0,1.1543772,0.82353425,0.0
0.35794008,0.51643294,0.0,0.5725277,0.0,0.48493767,0.75537074,0.6473337,0.0,0.0,0.0,0.7373902,0.0,0.0,0.0,0.63057214,0.0,0.5122108,0.7035501,0.0,0.0,0.60098577,0.61052024,0.0,0.6245005,0.0,0.0,0.0,0.0,0.6896341,0.42052165,0.0
0.0,0.0,1.0716681,0.0,0.95812166,0.0,0.0,0.0,0.92637485,0.7305388,1.1156987,0.0,0.9085866,0.5584046,0.8208812,0.0,1.2308127,0.0,0.0,0.6851382,1.0080408,0.0,0.0,1.2366756,0.0,1.0081463,0.80386835,0.7831307,1.128977,0.0,0.0,0.59825313
0.0,0.0,1.0015532,0.0,0.9462183,0.0,0.0,0.0,1.3366991,0.9918774,1.3866541,0.0,0.5797909,0.94187915,1.543078,0.0,1.1660517,0.0,0.0,1.454003,1.5064468,0.0,0.0,1.7350063,0.0,0.9676126,1.0977529,1.3370616,1.4727573,0.0,0.0,0.4756416
1.3969532,1.5465289,0.0,1.3326261,0.0,1.1876582,1.2500142,1.322452,0.0,0.0,0.0,1.4143506,0.0,0.0,0.0,1.4198723,0.0,1.570203,1.5386677,0.0,0.0,1.307938,1.319693,0.0,1.627403,0.0,0.0,0.0,0.0,1.405847,1.3806438,0.0
0.0,0.0,1.4766115,0.0,1.1207068,0.0,0.0,0.0,1.7844601,1.3695685,1.1780413,0.0,1.368364,2.0242517,1.7791065,0.0,1.0166802,0.0,0.0,1.0115488,1.2282287,0.0,0.0,1.2274474,0.0,1.1997151,2.1037745,2.2912438,1.6302464,0.0,0.0,2.0092118
0.0,0.0,1.8669939,0.0,0.32390296,0.0,0.0,0.0,1.0300238,1.4877522,1.082628,0.0,1.3942626,1.3724626,0.799964,0.0,0.028664574,0.0,0.0,1.0305706,0.113221,0.0,0.0,0.20367241,0.0,2.168356,0.86315066,0.40448284,1.5197885,0.0,0.0,1.247507
0.14036372,0.16444278,0.16783078,0.11236395,0.0,0.0,0.17094503,0.40454417,0.0,0.0,0.0,0.013904229,0.0,0.0,0.0,0.29071,0.0,0.0,0.12208848,0.0,0.043026917,0.0,0.062772445,0.105937086,0.21771999,0.0,0.1461911,0.0,0.01682815,0.14114946,0.0,0.0
0.0,0.13958734,0.5202671,0.0,0.2416133,0.10060976,0.0,0.10712127,0.5100792,0.4325124,0.75538427,0.0,0.51295954,0.0,0.66186446,0.0,0.0,0.0,0.0,0.57965046,0.26716578,0.0,0.273564,0.31123155,0.0,0.50448155,0.50130993,0.4570077,0.707593,0.0,0.0,0.46031278
0.0,0.0,1.199602,0.0,0.52431124,0.0,0.0,0.0,1.0725654,0.9335347,1.1680998,0.0,1.1442467,1.2084067,1.2155563,0.0,0.5342065,0.0,0.0,1.0099967,0.8049179,0.0,0.0,0.5821309,0.0,1.3023512,0.89422774,0.9952056,1.2903676,0.0,0.0,1.0174332
0.0,0.0,1.727864,0.0,2.7134311,0.0,0.0,0.0,1.9439462,1.9464215,1.9524467,0.0,1.1916542,1.4673568,2.620882,0.0,2.2175355,0.0,0.0,1.6960704,2.2366567,0.0,0.0,2.7212627,0.0,2.2702165,1.802671,2.7204053,1.690449,0.0,0.0,1.2426813
0.96936476,1.5163145,0.0,1.1300974,0.0,1.1181818,1.6155648,0.1995291,0.0,0.0,0.0,1.1687131,0.0,0.0,0.0,1.2628273,0.0,0.8815389,1.2784462,0.0,0.0,1.1871599,0.72893703,0.0,1.0542932,0.0,0.0,0.0,0.0,1.4483163,1.1474919,0.0
0.0,0.0,1.2661167,0.0,1.0895088,0.0,0.0,0.0,1.5618992,1.0640349,1.5880761,0.0,0.8402635,0.7213697,1.5478241,0.0,1.078968,0.0,0.0,1.0364859,1.0371506,0.0,0.0,1.0718635,0.0,1.121489,1.4601792,2.5370884,1.873805,0.0,0.0,1.1485683
0.0,0.0,0.6983191,0.0,0.23424955,0.0,0.0,0.0,0.68451774,0.527875,0.4776313,0.0,0.5897774,0.550689,0.15290198,0.0,0.9257248,0.0,0.0,0.4928804,0.64688474,0.0,0.0,0.97768664,0.0,0.62801975,0.53174675,0.19257304,0.76472974,0.0,0.0,0.42148554
0.0,0.0,0.90291727,0.0,0.7279897,0.0,0.0,0.0,1.2317971,1.0267802,1.2239033,0.0,1.2837476,1.075899,0.89152205,0.0,0.8472024,0.0,0.0,1.2528692,0.54190445,0.0,0.0,0.66644394,0.0,1.1602482,0.95557123,1.2586935,1.1908684,0.0,0.0,1.249046
0.0,0.0,0.7897357,0.0,1.1299604,0.0,0.0,0.0,1.0685902,0.8965277,1.4495997,0.0,1.1900047,0.7152834,1.1185006,0.0,1.4358704,0.0,0.0,0.6182498,1.5249785,0.0,0.0,0.57988113,0.0,0.8575856,1.4468776,2.4425447,1.344867,0.0,0.0,1.4156585
0.0,0.0,0.49310452,0.0,0.0,0.0,0.0,0.0,0.33066905,0.23218915,0.29151562,0.0,0.5426432,0.5510932,0.26503074,0.0,0.56499964,0.0,0.060529,0.65414774,0.3802837,0.0,0.0,0.39431223,0.0,0.13641602,0.3610667,0.17509651,0.1493948,0.0,0.036447074,0.3478192
0.0,0.0,0.97608685,0.0,1.1215327,0.0,0.0,0.0,1.2067032,1.5784839,1.1015188,0.0,1.0198874,0.64510053,0.9411913,0.0,0.27194434,0.0,0.0,1.046645,0.5535638,0.0,0.0,1.1357182,0.0,1.1772408,0.90034485,1.2859482,1.0161783,0.0,0.0,1.205699
0.0,0.0,0.8455422,0.0,0.84224856,0.0,0.0,0.0,1.132801,1.1586169,1.0982572,0.0,1.0445117,0.8665951,1.0940679,0.0,0.6282173,0.0,0.0,1.238707,0.6326957,0.0,0.0,0.78003037,0.0,0.9555816,0.949739,1.3901352,0.9783983,0.0,0.0,1.0556586
0.0,0.0,1.3505071,0.0,0.73426646,0.0,0.0,0.0,1.2693212,1.1379602,0.9778513,0.0,1.1638141,1.7136314,0.4806153,0.0,1.7864782,0.0,0.0,1.138337,1.3585827,0.0,0.0,1.3975321,0.0,1.4054629,0.81657666,0.19914395,1.3097655,0.0,0.0,1.283081
0.0,0.0,1.6627492,0.0,0.6064091,0.0,0.0,0.0,1.4273823,1.3627717,1.1191715,0.0,1.3556874,1.4096566,1.5589168,0.0,0.4333218,0.0,0.0,1.0529795,0.50888765,0.0,0.0,0.7460848,0.0,1.4535478,1.6039326,2.0243316,1.5683905,0.0,0.0,1.90384
0.0,0.0,0.559584,0.0,0.36720306,0.0,0.0,0.0,0.32128358,0.41994455,0.49569947,0.0,0.40061527,0.09234249,0.37421858,0.0,0.3867747,0.0,0.0,0.42274362,0.5204462,0.0,0.0,0.6771149,0.0,0.39828897,0.39399523,0.29531574,0.4955877,0.0,0.0,0.25336438
0.0,0.0,0.72854316,0.0,0.33910668,0.0,0.0,0.0,0.7326389,0.4498534,0.7201799,0.0,0.6589972,0.36580983,0.59947217,0.0,0.56950045,0.0,0.0,0.5573975,0.5321928,0.0,0.0,0.67410344,0.0,0.44803977,0.7368903,0.67564493,0.8237022,0.0,0.0,0.43822813
0.0,0.0,0.86082053,0.0,0.5127897,0.0,0.0,0.0,0.9215112,0.6795246,0.8513195,0.0,0.9256026,0.78510576,0.56317943,0.0,0.9487162,0.0,0.0,0.8387066,0.6713663,0.0,0.0,0.88934773,0.0,0.86098385,0.6639791,0.59526986,1.0207155,0.0,0.0,0.71625125
0.0,0.0,0.8622824,0.0,0.54876363,0.0,0.0,0.0,0.70769626,0.6583968,0.6817457,0.0,0.7049394,0.19152325,0.6451631,0.0,0.16403703,0.0,0.0,0.46892136,0.53808016,0.0,0.0,0.97149616,0.0,0.72648734,0.7220687,0.49722797,0.81491727,0.0,0.0,0.5737754
0.0,0.018061489,0.45583668,0.0,0.24394634,0.0,0.0,0.25343522,0.3093713,0.2519708,0.26729864,0.16145569,0.3786825,0.34910017,0.5821486,0.0,0.52757525,0.0,0.0,0.5973447,0.51191735,0.0,0.0,0.37658602,0.034337997,0.21706751,0.54415613,0.65599287,0.30772862,0.038592614,0.0,0.1573902
0.0,0.1250147,0.45479247,0.0,0.16830395,0.0,0.0,0.12223161,0.38815546,0.31792933,0.407017,0.0,0.23378195,0.0,0.48634547,0.0,0.0,0.0,0.065800875,0.18645969,0.3460545,0.0,0.0,0.45595476,0.0,0.11287647,0.5298317,0.3694644,0.5451621,0.0,0.0,0.023098342
0.0,0.0,0.4170726,0.0,0.23605491,0.0,0.0,0.0,0.2984072,0.22936997,0.5476059,0.0,0.42130387,0.0,0.41108608,0.0,0.14826538,0.0,0.0,0.31049812,0.30992347,0.0,0.0,0.4459157,0.0,0.27675608,0.23589745,0.24691072,0.4593917,0.0,0.0,0.17941095
0.0,0.0,0.79702485,0.0,0.6375243,0.0,0.0,0.0,1.4295089,1.0859346,1.8823819,0.0,1.2206012,0.76193845,1.2101016,0.0,0.2665832,0.0,0.0,1.4643853,0.4401341,0.0,0.0,1.1593142,0.0,1.1695174,1.1049657,1.1549014,1.74613,0.0,0.0,1.0762393
1.5638115,1.7291125,0.0,1.567435,0.0,1.3326954,1.694151,1.332053,0.0,0.0,0.0,1.6066209,0.0,0.0,0.0,1.6823976,0.0,1.5899118,1.4725834,0.0,0.0,1.573234,1.5444584,0.0,1.8620759,0.0,0.0,0.0,0.0,1.574357,1.5684084,0.0
0.0,0.0,0.954831,0.0,0.6162172,0.0,0.0,0.0,0.8674117,0.68779665,0.8877104,0.0,0.81600285,0.6786483,1.0336924,0.0,0.98181933,0.0,0.0,0.8676741,0.939329,0.0,0.0,0.8942201,0.0,0.5973068,1.0125273,1.0396583,0.80108654,0.0,0.0,0.54157233
0.0,0.0,1.277909,0.0,1.2960207,0.0,0.0,0.0,1.3662852,1.102419,1.3670373,0.0,1.1169308,0.70482904,1.1968442,0.0,1.0394434,0.0,0.0,0.95795137,1.0110284,0.0,0.0,1.449573,0.0,1.147489,1.1879047,1.3844287,1.3915566,0.0,0.0,0.9821231
0.0,0.0,1.4311264,0.0,1.0574102,0.0,0.0,0.0,1.7716181,1.3781939,1.1420263,0.0,1.3760766,1.8664619,1.8297786,0.0,0.9118831,0.0,0.0,1.1650864,1.1890693,0.0,0.0,1.1720135,0.0,1.1205838,2.0225234,2.217502,1.6347642,0.0,0.0,1.8339357
0.02425057,0.37170637,0.0,0.022591338,0.0,0.3367842,0.6466652,0.0,0.048212823,0.0,0.35191914,0.47699612,0.0,0.0,0.10951263,0.20169526,0.0,0.0,0.60878915,0.062566385,0.0,0.4824282,0.0962308,0.265817,0.0,0.1037346,0.011954248,0.09993523,0.49103323,0.507062,0.19804148,0.0
0.0,0.0,0.5151682,0.0,0.0,0.0,0.0,0.0,0.5448443,0.4402845,0.38481253,0.0,0.5822242,0.3984997,0.14912851,0.0,0.28238365,0.0,0.004100889,0.60114926,0.2528139,0.0,0.0,0.4723065,0.0,0.43367547,0.43710983,0.19116625,0.64617896,0.0,0.0,0.33649534
1.1305004,0.9584411,0.0,0.839314,0.0,0.8183697,0.93514353,1.0766807,0.0,0.0,0.0,1.1086854,0.0,0.0,0.0,1.1540649,0.0,1.1254439,1.1194413,0.0,0.0,0.76942843,0.9112557,0.0,1.2415401,0.0,0.0,0.0,0.0,0.885077,1.1497257,0.0
0.0,0.0,1.3725665,0.0,1.2069225,0.0,0.0,0.0,1.5435008,1.3221885,1.3118145,0.0,1.2991437,1.769018,1.7280333,0.0,0.8520399,0.0,0.0,1.0524178,0.9431137,0.0,0.0,0.89439225,0.0,1.169259,1.5459032,1.9430543,1.524315,0.0,0.0,1.5189288
0.0,0.0,1.412786,0.0,1.0305053,0.0,0.0,0.0,1.365649,1.1380094,1.3991241,0.0,1.0730573,0.9899681,2.186677,0.0,1.210887,0.0,0.0,1.1743262,1.0245715,0.0,0.0,1.7436694,0.0,1.2449256,1.3758645,2.28922,1.4261476,0.0,0.0,1.1410418
0.0,0.013770953,0.40478754,0.04026742,0.0,0.057716608,0.0,0.039197728,0.025954112,0.0,0.32520548,0.0,0.29384774,0.0,0.29836756,0.11246279,0.28579262,0.0,0.11163351,0.2765361,0.2734572,0.0,0.0,0.24151385,0.0,0.11413755,0.22895402,0.06308878,0.26606894,0.0,0.0,0.082279764
0.509361,0.63080066,0.0,0.6534118,0.0,0.44574487,0.80771345,0.59545904,0.0,0.0,0.0,0.63461095,0.0,0.0,0.0,0.6406065,0.0,0.31068364,0.5360211,0.0,0.0,0.47708312,0.64827025,0.0,0.75538254,0.0,0.0,0.0,0.0,0.8070081,0.4629478,0.0
0.0,0.0,1.2949725,0.0,0.0,0.0,0.0,0.0,0.88389695,0.9180189,1.1902676,0.0,0.6049222,0.51879627,1.0553987,0.0,0.22285306,0.0,0.0,0.9700505,0.4034469,0.0,0.0,0.8836077,0.0,1.2464213,0.33934662,0.74994576,1.300031,0.0,0.0,0.5390587
0.0,0.2464608,0.34536576,0.010382913,0.0,0.16439612,0.009347521,0.19781026,0.09880638,0.015571706,0.4367936,0.009709299,0.25599986,0.0,0.37066913,0.19185665,0.0,0.0,0.19068347,0.17308432,0.19244975,0.0,0.07977021,0.24846643,0.0,0.0014802068,0.2745292,0.14824015,0.3241962,0.031853225,0.0,0.0
0.0,0.0,1.1899041,0.0,0.6530303,0.0,0.0,0.0,1.1872874,0.933864,1.1916251,0.0,1.1016573,1.1651913,1.283852,0.0,0.7081049,0.0,0.0,1.044195,0.68588,0.0,0.0,0.64180005,0.0,1.0576543,0.9356458,1.4837435,1.3997631,0.0,0.0,1.0832899
0.23006411,0.5088435,0.0,0.51558876,0.0,0.5789637,0.57789886,0.40914598,0.0,0.0,0.0,0.6289644,0.0,0.0,0.0,0.40107125,0.0,0.403616,0.680095,0.0,0.0,0.5489461,0.4827195,0.0,0.43413645,0.0,0.0,0.0,0.0,0.60022825,0.37115222,0.0
0.6279363,0.88193095,0.0,0.92690367,0.0,0.6407771,0.8873067,0.65449023,0.0,0.0,0.0,0.8855486,0.0,0.0,0.0,0.8947456,0.0,0.5842565,0.81219465,0.0,0.0,0.7546396,0.882465,0.0,1.0646087,0.0,0.0,0.0,0.0,1.017431,0.69248116,0.0
0.0,0.0,1.5432192,0.0,1.6442167,0.0,0.0,0.0,1.6555415,1.3415521,1.4666934,0.0,1.3907869,1.3025024,1.6578655,0.0,1.5713772,0.0,0.0,1.3857869,1.3137745,0.0,0.0,1.535274,0.0,1.3402848,1.6924791,1.86474,1.4688894,0.0,0.0,1.401453
0.0,0.0,1.0287579,0.0,0.18314569,0.0,0.0,0.0,0.7219155,0.58692074,1.2344583,0.0,0.72865206,0.6820679,0.92130935,0.0,0.0,0.0,0.015049413,1.3570507,0.40790737,0.3888639,0.0,0.35125175,0.0,1.4011805,0.13899249,0.043590426,1.3626056,0.0,0.0,0.42393702
0.0,0.0,1.1263224,0.0,0.4251839,0.0,0.0,0.0,1.2702166,0.91159314,1.16539,0.0,1.0217704,1.1531631,1.4331752,0.0,0.651819,0.0,0.0,1.0640187,0.8776701,0.0,0.0,0.88855076,0.0,0.9450152,1.2975236,1.5317981,1.3213235,0.0,0.0,1.0960481
0.1971815,0.31324148,0.0,0.11244188,0.0,0.31516144,0.29891118,0.20759712,0.0,0.045426343,0.0,0.2682857,0.046799853,0.25176084,0.0,0.33825725,0.0,0.36674246,0.49014747,0.036059402,0.0,0.18359543,0.36584258,0.0,0.35573477,0.0,0.0,0.020877972,0.0,0.4419431,0.22204565,0.0
1.2020134,1.3186626,0.0,1.2137163,0.0,0.9986625,1.1914923,1.2632537,0.0,0.0,0.0,1.3058304,0.0,0.0,0.0,1.3871541,0.0,1.3555162,1.2560114,0.0,0.0,1.1655535,1.1301757,0.0,1.4590521,0.0,0.0,0.0,0.0,1.2175126,1.0826688,0.0
0.14992133,0.30221933,0.0,0.3742129,0.0,0.20775338,0.35093176,0.39565992,0.0,0.0,0.0,0.31538627,0.0,0.0,0.0,0.49338758,0.0,0.108911976,0.43237075,0.0,0.0,0.20898777,0.18979539,0.0,0.52492386,0.0,0.0,0.0,0.0,0.33037853,0.28153467,0.0
0.0,0.0,0.6311898,0.0,0.19185698,0.0,0.0,0.0,0.645667,0.37309933,0.8307692,0.0,0.43258733,0.26096994,0.40297204,0.0,0.44946396,0.0,0.0,0.16495381,0.5632516,0.0,0.0,0.54381955,0.0,0.62676215,0.41271663,0.4332987,0.7741383,0.0,0.0,0.27312064
0.0,0.0,0.52629673,0.0,0.0929353,0.0,0.0,0.08432481,0.39580154,0.37337565,0.4236875,0.0,0.4428652,0.357596,0.42386174,0.0,0.46627825,0.0,0.0,0.49041623,0.2160779,0.0,0.0,0.5297542,0.0,0.384095,0.5446834,0.60907227,0.45310462,0.0,0.0,0.26810202
1.1140957,1.5541226,0.0,1.2925451,0.0,1.0832468,1.3749396,0.93712074,0.0,0.0,0.0,1.4299742,0.0,0.0,0.0,1.5585158,0.0,1.1396092,1.2273655,0.0,0.0,1.2675855,1.5320183,0.0,1.404275,0.0,0.0,0.0,0.0,1.4434112,1.4388283,0.0
0.0,0.0,1.6091768,0.0,1.3246266,0.0,0.0,0.0,1.5296497,1.5387204,1.1987493,0.0,1.5854459,2.3115494,0.7517756,0.0,2.2431383,0.0,0.0,1.7746747,1.8263986,0.0,0.0,1.6103783,0.0,1.8625451,0.9784652,0.42976922,1.5046052,0.0,0.0,1.5132995
0.0,0.0,0.7836201,0.0,0.43604618,0.0,0.0,0.0,0.45835572,0.3466429,0.66112924,0.0,0.5945866,0.4233523,0.7591535,0.0,0.6531821,0.0,0.0,0.58803374,0.7410251,0.0,0.0,0.6537355,0.0,0.3597086,0.70820004,0.65279526,0.56594545,0.0,0.0,0.7019837
0.0,0.0,1.8542575,0.0,1.4148222,0.0,0.0,0.0,1.8396376,1.7008545,1.0727545,0.0,1.5376837,2.1349082,0.5568998,0.0,2.0128376,0.0,0.0,1.5219672,1.771328,0.0,0.0,2.3245645,0.0,1.8710415,1.1981798,0.4776777,1.708144,0.0,0.0,1.7893813
0.0,0.0,1.0375378,0.0,0.95312274,0.0,0.0,0.0,0.984327,0.89268154,0.98473144,0.0,0.755907,0.63620764,1.0978572,0.0,0.84684247,0.0,0.0,0.82747096,0.96238124,0.0,0.0,0.93126315,0.0,0.8014342,0.92283034,1.2068045,0.9394983,0.0,0.0,0.7221429
0.0,0.0,0.89413095,0.0,0.998666,0.0,0.0,0.0,0.86419433,0.9228936,0.91603935,0.0,0.71608526,0.7668628,1.289305,0.0,1.0395001,0.0,0.0,0.9411431,0.8991239,0.0,0.0,1.1962364,0.0,1.0004239,0.79300785,1.2910148,0.8162221,0.0,0.0,0.5324305
0.0,0.0,1.2077395,0.0,0.27063483,0.0,0.0,0.0,1.0919361,1.2026355,1.371803,0.0,1.6532211,1.4047056,1.101908,0.0,1.1393377,0.0,0.0,1.1044635,1.0173249,0.0,0.0,0.9902558,0.0,1.4679941,1.2130356,1.1951158,1.3586239,0.0,0.0,1.7762709
0.0,0.0,0.8103527,0.0,0.67207694,0.0,0.0,0.0,1.0929279,1.1163644,1.038334,0.0,0.98092383,0.6722387,1.0833447,0.0,0.40432006,0.0,0.0,1.1427257,0.71545154,0.0,0.0,0.824551,0.0,0.6439585,1.0625955,1.2062759,1.0003183,0.0,0.0,0.97581404
0.0,0.17390439,0.387101,0.0,0.060706742,0.0,0.0,0.17288895,0.26979452,0.24184784,0.2655658,0.0,0.23206104,0.0,0.46749416,0.0,0.0,0.0,0.22840083,0.26021978,0.42298412,0.0,0.16072871,0.30744702,0.0,0.015698276,0.3710491,0.34398156,0.41523823,0.0,0.0,0.07958312
0.0,0.0,0.7390653,0.0,0.24011366,0.0,0.0,0.0,0.57253116,0.47217393,0.62508696,0.0,0.5057044,0.33611107,0.5936362,0.0,0.60648566,0.0,0.0,0.53858685,0.50746673,0.0,0.0,0.74433446,0.0,0.43264943,0.69208115,0.7456624,0.6024838,0.0,0.0,0.42438585
0.0,0.0,1.2091908,0.0,0.5533249,0.0,0.0,0.0,1.0341209,0.8700803,0.90896994,0.0,1.1482946,1.3137546,0.65128565,0.0,1.6170791,0.0,0.0,1.1301894,0.9643714,0.0,0.0,1.0221012,0.0,1.1929129,0.9671786,0.5519197,0.97079563,0.0,0.0,0.9897572
0.0,0.0,1.3298868,0.0,0.33948523,0.0,0.0,0.0,1.7123942,1.531096,1.5633059,0.0,2.0131102,0.8291816,1.0473158,0.0,0.57328415,0.0,0.0,1.8960073,0.20606765,0.0,0.0,1.1213115,0.0,1.279816,1.6491191,1.5123831,1.3260016,0.0,0.0,1.9025209
0.0,0.0,0.5949539,0.0,0.12737688,0.0,0.0,0.0,0.54674125,0.4010151,0.44600362,0.0,0.69387406,0.5875113,0.29453284,0.0,0.4485725,0.0,0.0,0.69438493,0.43495765,0.0,0.0,0.48553947,0.0,0.47734684,0.3584563,0.2580327,0.56761,0.0,0.0,0.58491117
0.19239111,0.6458032,0.0,0.5175177,0.0,0.2604501,0.54003763,0.5743913,0.0,0.0,0.0,0.63815457,0.0,0.0143766925,0.0,0.55378115,0.032210432,0.18037927,0.55974746,0.0,0.0,0.30584642,0.5000932,0.0,0.54017466,0.0,0.0,0.0,0.0,0.60487074,0.22269222,0.0
0.0,0.106919825,0.602466,0.0,0.0,0.0,0.023747772,0.0,0.78684807,0.4595657,0.57284075,0.03114152,0.5351308,0.7462243,0.5685458,0.0,0.54918915,0.0,0.0,0.8720729,0.55254036,0.0,0.01758615,0.3187774,0.0,0.46091366,0.46810842,0.4278072,0.68768346,0.15470877,0.0,0.57733953
0.0,0.0,0.6778861,0.0,0.0,0.0,0.04011312,0.0,0.6315618,0.22210416,0.7260974,0.0,0.6003182,0.8974869,0.41088766,0.0,0.97314805,0.0,0.002116233,0.8147893,0.7090416,0.13283733,0.0,0.7048236,0.0,0.62732303,0.54072475,0.34215832,0.66929716,0.0,0.0,0.36099774
0.0,0.0,1.292844,0.0,0.51658344,0.0,0.0,0.0,0.9677346,0.9283876,0.79152894,0.0,1.0604569,0.513576,0.81558883,0.0,0.513185,0.0,0.0,0.81348115,0.6314672,0.0,0.0,1.3004398,0.0,0.79278505,1.301304,1.0073279,0.892162,0.0,0.0,0.8629392
0.0,0.0,1.1059254,0.0,1.3113856,0.0,0.0,0.0,1.1582345,0.9971068,1.285719,0.0,0.72736365,0.09561109,1.3044963,0.0,0.6651676,0.0,0.0,0.66565776,1.0262326,0.0,0.0,1.4045781,0.0,1.0192678,1.1253058,1.3395109,1.372276,0.0,0.0,0.5953957
0.0,0.030170903,0.38380185,0.0,0.44788748,0.0,0.0,0.18339679,0.682559,0.71788543,0.46850848,0.0,0.3357339,0.42055902,0.7519993,0.0,0.41096696,0.0,0.0,0.63664305,0.672579,0.0,0.0,0.5527487,0.0,0.34958756,0.49868196,0.7507393,0.6918371,0.0,0.0,0.26827708
0.0,0.0,0.62646616,0.0,0.42461056,0.0,0.0,0.0,0.8406515,0.90662634,0.63604486,0.0,0.57812005,0.50123763,0.78142554,0.0,0.44698596,0.0,0.0,0.7464163,0.81322145,0.0,0.0,1.1312323,0.0,0.19040295,0.8834371,0.8489834,0.76772326,0.0,0.0,0.36341238
0.0,0.0,0.9376203,0.0,0.55753714,0.0,0.0,0.0,0.80943406,0.89176416,0.8224287,0.0,0.9610777,0.96714574,0.8438359,0.0,1.2364463,0.0,0.0,1.1908425,0.99879444,0.0,0.0,0.968119,0.0,0.7529499,0.81601715,0.67836404,0.70426136,0.0,0.0,0.6163466
0.0,0.0,1.4154202,0.0,0.47313315,0.0,0.0,0.0,1.3043631,1.0542401,1.3226986,0.0,0.99707335,1.2331924,1.1518112,0.0,0.49659103,0.0,0.0,0.97297907,0.5995513,0.0,0.0,0.9865758,0.0,1.4851495,0.70358473,0.83538985,1.5239785,0.0,0.0,0.96368265
1.3154504,1.5705616,0.0,1.270779,0.0,1.2196636,1.1816095,1.2680732,0.0,0.0,0.0,1.3233768,0.0,0.0,0.0,1.3926296,0.0,1.4896522,1.4749382,0.0,0.0,1.2151365,1.1611209,0.0,1.5531168,0.0,0.0,0.0,0.0,1.3440711,1.2741075,0.0
0.29012704,0.4820868,0.0,0.33114767,0.0,0.48958838,0.3717211,0.42784593,0.0,0.0,0.0,0.49804866,0.0,0.049488645,0.105402485,0.31206286,0.0,0.32313478,0.6622384,0.0,0.26456976,0.43049508,0.4785173,0.0,0.40320015,0.0,0.0,0.0,0.0,0.5362592,0.2087121,0.0
0.0,0.0,1.3512685,0.0,1.7118572,0.0,0.0,0.0,1.9537711,1.9225658,1.8465148,0.0,1.0314023,1.1333784,2.1295042,0.0,1.0231445,0.0,0.0,1.9607601,1.5066528,0.0,0.0,2.7673392,0.0,1.794771,1.534958,2.0779753,1.9933201,0.0,0.0,1.1654582
0.0,0.0,0.87726545,0.0,0.5878741,0.0,0.0,0.0,0.9545386,0.652677,0.9285671,0.0,0.90785724,0.8321656,0.6601579,0.0,1.0175362,0.0,0.0,0.784068,0.66966575,0.0,0.0,0.7561412,0.0,0.89457625,0.7372205,0.7833202,1.0524637,0.0,0.0,0.74014586
0.0,0.0,0.6798687,0.0,0.6315764,0.0,0.0,0.0,0.8922979,0.8552037,0.74228543,0.0,0.372146,0.35021925,1.0278828,0.0,0.55668575,0.0,0.0,0.70493054,1.0951986,0.0,0.0,1.0392977,0.0,0.33222306,0.8970125,1.0153347,0.8989929,0.0,0.0,0.40461534
0.0,0.0,0.6866504,0.0,0.06083872,0.0,0.0,0.0,0.5904976,0.38814533,0.67441285,0.0,0.56670946,0.24570218,0.5230367,0.0,0.5869696,0.0,0.0,0.5209513,0.22632718,0.0,0.0,0.67255425,0.0,0.3532567,0.68609476,0.76249284,0.62444395,0.0,0.0,0.3735131
0.0,0.06735408,0.023777474,0.13593741,0.0,0.13219741,0.0,0.37495202,0.0,0.20252255,0.0,0.0,0.0,0.0,0.014625408,0.06743562,0.0,0.0,0.23069319,0.079603985,0.14035133,0.0,0.0,0.18526527,0.09956158,0.0,0.27648914,0.0,0.0,0.02354309,0.0,0.0
0.0,0.25854957,0.46529812,0.0,0.21743847,0.015137473,0.0,0.15063807,0.46428585,0.2535993,0.5777877,0.0,0.41742247,0.11288582,0.53877527,0.0,0.110335715,0.0,0.15850915,0.37928084,0.49769887,0.0,0.18054095,0.40088338,0.0,0.26723212,0.42589957,0.40993112,0.6526329,0.0,0.0,0.24363692
0.0,0.0,1.0644268,0.0,0.58372265,0.0,0.0,0.0,1.1269279,1.1860502,0.93536,0.0,1.1938795,1.1382712,0.7345019,0.0,0.9826847,0.0,0.0,1.2272621,0.9064033,0.0,0.0,1.4048288,0.0,0.77453285,1.0329955,1.0474114,0.9281334,0.0,0.0,1.114537
0.0,0.0,0.259629,0.047089923,0.0,0.0,0.0,0.008629367,0.080687165,0.105761856,0.23085618,0.0,0.34754813,0.1211142,0.0,0.0,0.29097173,0.0,0.039711207,0.16997044,0.12950967,0.0,0.0,0.28595594,0.0,0.0,0.27500015,0.006699398,0.113897204,0.0,0.013075858,0.2181555
0.30432808,0.37821794,0.0,0.46192688,0.0,0.3417675,0.52761954,0.59229225,0.0,0.0,0.0,0.4888988,0.0,0.0,0.0,0.4796036,0.0,0.2699259,0.45405594,0.0,0.0,0.28801438,0.39094087,0.0,0.5019206,0.0,0.0,0.0,0.0,0.5137166,0.2756027,0.0
0.0,0.0,1.2877862,0.0,1.1931174,0.0,0.0,0.0,1.8374708,1.7158202,1.6225796,0.0,1.8933899,1.317108,1.1356478,0.0,0.7855504,0.0,0.0,1.6682084,0.8636329,0.0,0.0,1.3743879,0.0,1.4498262,1.7058861,1.5643271,1.6770314,0.0,0.0,1.8859026
0.0,0.3888815,0.19759554,0.06773694,0.0,0.24563713,0.3422014,0.3370008,0.1683433,0.067943096,0.33477333,0.41789937,0.2790375,0.13915727,0.282416,0.33773386,0.13108163,0.04318865,0.46681097,0.26047635,0.20703053,0.12973669,0.36497378,0.108039364,0.062141567,0.0,0.050421663,0.12448813,0.25093797,0.41069353,0.15540369,0.0
0.0,0.0,0.5284898,0.0,0.19312079,0.0,0.0,0.0,0.22846721,0.13213845,0.5696279,0.0,0.3713171,0.0,0.56854045,0.034308717,0.26619613,0.0,0.0,0.22789216,0.333279,0.0,0.0,0.52338284,0.0,0.21499074,0.35089147,0.49075872,0.4267754,0.0,0.0,0.08881854
0.0,0.0,1.1425627,0.0,1.1945097,0.0,0.0,0.0,0.8878251,0.8863395,1.03237,0.0,0.9779816,0.9133252,0.95823014,0.0,1.018829,0.0,0.0,1.209667,1.0569335,0.0,0.0,0.88624066,0.0,1.2103877,0.7796801,0.6728091,1.0341561,0.0,0.0,0.41220558
0.0,0.0,1.7350463,0.0,1.4530916,0.0,0.0,0.0,1.926665,1.422076,1.3804412,0.0,1.3718928,2.765209,1.2793846,0.0,2.6456776,0.0,0.0,1.958732,1.8903813,0.0,0.0,1.2427362,0.0,1.9270691,1.3463039,0.86730146,1.4719151,0.0,0.0,1.7358581
0.0,0.0,0.8245802,0.0,0.9799864,0.0,0.0,0.0,1.113856,1.1191318,0.93217164,0.0,0.5705375,0.4851083,1.270353,0.0,0.5823178,0.0,0.0,0.8888596,1.1082883,0.0,0.0,1.3242357,0.0,0.6803024,1.0015385,1.4291887,1.0691799,0.0,0.0,0.58727217
0.0,0.22032467,0.0,0.18068644,0.0,0.39494988,0.29484832,0.5841317,0.024834089,0.25610363,0.0,0.32144663,0.22160088,0.0,0.0,0.18807544,0.0,0.32866067,0.30985454,0.24338266,0.0,0.16031276,0.20854127,0.0,0.3307886,0.0,0.028238736,0.11180327,0.0,0.27480656,0.16818684,0.0872388
0.53371876,0.60620755,0.0,0.6914146,0.0,0.42143434,0.7536728,0.5402479,0.0,0.0,0.0,0.68608403,0.0,0.0,0.0,0.5182586,0.0,0.40860525,0.73069274,0.0,0.0,0.6230121,0.53855824,0.0,0.8004846,0.0,0.0,0.0,0.0,0.75511855,0.55268687,0.0
0.0,0.0,1.1397294,0.0,1.0170093,0.0,0.0,0.0,1.3223933,1.2626987,1.2338827,0.0,1.1597542,0.7458641,0.87748855,0.0,0.8124875,0.0,0.0,0.92114466,0.84299463,0.0,0.0,1.6471326,0.0,1.3079487,1.1503452,0.96255875,1.406694,0.0,0.0,1.3385254
0.0,0.22116861,0.115390375,0.18264104,0.0,0.25492096,0.16395575,0.17447457,0.027091991,0.0,0.0,0.12206268,0.14304742,0.0802457,0.0,0.07324085,0.22835582,0.0,0.36062872,0.08951565,0.13632436,0.22973315,0.0,0.195546,0.107716605,0.0,0.25744322,0.0,0.022299297,0.08465747,0.16949415,0.0
0.2850932,0.36816803,0.0,0.4607668,0.0,0.4111931,0.46655577,0.3544065,0.0,0.0,0.0,0.38639873,0.0,0.0,0.0,0.4867577,0.0,0.22473143,0.5741616,0.0,0.0,0.36472163,0.23623389,0.0,0.48642564,0.0,0.0,0.0,0.0,0.46930763,0.36813906,0.0
0.0,0.1039615,0.17550847,0.0,0.0,0.0,0.029970936,0.0,0.06922411,0.17227346,0.0,0.0,0.20464689,0.20258585,0.0,0.0,0.0,0.0,0.16199505,0.20991239,0.0,0.031699464,0.0,0.18308872,0.12389573,0.0853535,0.0709067,0.0,0.13011745,0.06594641,0.1362135,0.15962015
0.0,0.0,0.39967117,0.0,0.25066394,0.0,0.0,0.0,0.28137898,0.37212327,0.32829958,0.0,0.4170103,0.512409,0.4644332,0.0,0.77621,0.0,0.14711006,0.48390618,0.73137647,0.0,0.0,0.693535,0.0,0.18512803,0.37125385,0.4064392,0.27454618,0.0,0.0,0.0
0.0,0.0,0.71780515,0.0,0.5110169,0.0,0.0,0.0,0.67373955,0.5733527,0.8091828,0.0,0.59332687,0.0,0.6769999,0.0,0.18924332,0.0,0.0,0.3569775,0.4643971,0.0,0.0,0.8031205,0.0,0.596962,0.67628366,0.6066855,0.8643433,0.0,0.0,0.45264447
1.3153946,1.4601107,0.0,1.2463747,0.0,1.0463482,1.1715404,1.2604141,0.0,0.0,0.0,1.2191195,0.0,0.0,0.0,1.3429787,0.0,1.3195573,1.4300112,0.0,0.0,1.1118441,1.1186163,0.0,1.439379,0.0,0.0,0.0,0.0,1.2934487,1.3336545,0.0
0.0,0.0,1.0985466,0.0,0.6530859,0.0,0.0,0.0,1.2851412,0.9745099,1.3999822,0.0,1.3056195,0.9897547,1.5322425,0.0,1.1980375,0.0,0.0,0.8498063,1.0541949,0.0,0.0,0.8276637,0.0,0.9476914,1.5632747,2.244719,1.2168387,0.0,0.0,1.4820112
0.0,0.0,1.916161,0.0,0.7619358,0.0,0.0,0.0,1.7590518,1.6137315,1.9370619,0.0,1.5827719,1.9860494,1.2295624,0.0,1.2041543,0.0,0.0,1.5926244,0.6163006,0.0,0.0,1.4136486,0.0,1.8799062,1.163796,1.0815073,2.1794622,0.0,0.0,1.8514864
0.0,0.0,0.75703967,0.0,0.62658197,0.0,0.0,0.0,0.6733648,0.51090467,0.7229624,0.0,0.7312559,0.7675812,0.6892016,0.0,1.074069,0.0,0.0,0.97455096,0.7955737,0.0,0.0,0.4899929,0.0,0.6211461,0.5968559,0.6561949,0.6904177,0.0,0.0,0.40804052
0.0,0.0,0.5330825,0.0,0.6321334,0.0,0.0,0.03240571,0.77164155,0.8071095,0.62840015,0.0,0.34138694,0.51141995,1.0542881,0.0,0.6713188,0.0,0.0,0.8539897,0.9891566,0.0,0.0,0.68390495,0.0,0.4185285,0.6291902,1.0347991,0.7203994,0.0,0.0,0.32473314
0.0,0.0,0.798785,0.0,0.5231366,0.0,0.0,0.0,0.6341063,0.5534385,0.7588811,0.0,0.5787638,0.6071724,0.85851014,0.0,1.0245625,0.0,0.0,1.0031606,0.9054943,0.0,0.0,0.76196223,0.0,0.65409046,0.650529,0.63603085,0.7193034,0.0,0.0,0.14018302
0.0,0.0,1.715817,0.0,1.5465621,0.0,0.0,0.0,1.9294511,1.5783595,1.6168313,0.0,0.8928363,1.5316765,1.5960299,0.0,1.4237118,0.0,0.0,0.69676596,0.7669595,0.0,0.0,1.1807505,0.0,1.9853308,1.9325736,2.5241876,1.5820377,0.0,0.0,1.4889382
0.0,0.0,0.8795986,0.0,0.44173467,0.0,0.0,0.0,0.88944834,0.49743602,0.625313,0.0,0.69893235,1.1251372,0.7444348,0.0,1.2434076,0.0,0.0,1.083063,0.89864767,0.0,0.0,0.6106834,0.0,0.659709,0.67859834,0.66207814,0.75979435,0.0,0.0,0.5767789
0.0,0.0,0.5321343,0.0,0.31680673,0.0,0.0,0.112052195,0.5090345,0.60694665,0.38353738,0.0,0.58070093,0.4285916,0.70443434,0.0,0.53874594,0.0,0.0,0.69510925,0.522,0.0,0.0,0.6670454,0.0,0.34859902,0.6923594,0.71101296,0.36701676,0.0,0.0,0.2874817
0.0,0.09823745,0.0,0.18744656,0.32769227,0.31439194,0.16575,0.7811224,0.0,0.11540906,0.0,0.8054142,0.0,0.0,0.06467911,0.41543603,0.0,0.5852243,0.5819276,0.1818668,0.0,0.22403836,0.51741517,0.0,0.45165187,0.1610305,0.0,0.25606093,0.0,0.36417997,0.0,0.0
0.0,0.0,0.7553673,0.0,0.6750476,0.0,0.0,0.0,0.8927046,0.8533489,0.81365806,0.0,0.69272345,0.6391306,0.79579914,0.0,0.65685236,0.0,0.0,0.8480624,0.81569505,0.0,0.0,0.84339726,0.0,0.6049957,0.75126904,0.7480059,0.94134486,0.0,0.0,0.5820577
0.25443685,0.32153395,0.0,0.52209866,0.0,0.3568613,0.4391631,0.42975563,0.0,0.0,0.0,0.3322389,0.0,0.0,0.0,0.42114925,0.0,0.2697316,0.516577,0.0,0.0,0.30007333,0.27915722,0.0,0.42527497,0.0,0.0,0.0,0.0,0.37134847,0.36950094,0.0
0.0,0.0,0.9942024,0.0,1.1965342,0.0,0.0,0.0,1.7648871,1.303144,1.6171327,0.0,0.6069482,0.2480413,1.3673258,0.0,0.40407494,0.0,0.0,1.0451467,1.0953288,0.0,0.0,1.8723379,0.0,1.1607906,1.340197,1.8318285,2.009563,0.0,0.0,0.8082074
0.18731578,0.30831283,0.0,0.4138235,0.0,0.34154913,0.40455836,0.5068784,0.0,0.0,0.0,0.43515718,0.0,0.0,0.0,0.50527966,0.0,0.21614112,0.45789912,0.0,0.0,0.33883697,0.28975475,0.0,0.5532799,0.0,0.0,0.0,0.0,0.359043,0.30746114,0.0
0.0,0.0,1.3898522,0.0,0.42335063,0.0,0.0,0.0,1.1200107,0.9463223,1.0846584,0.0,1.089366,1.1718357,1.0490639,0.0,0.28488243,0.0,0.0,0.9251374,0.31349066,0.0,0.0,0.36047125,0.0,1.3397783,0.89185715,1.0137359,1.4415951,0.0,0.0,1.109065
1.0350969,0.84706104,0.0,1.2429017,0.0,1.0573214,0.97330976,1.0670189,0.0,0.0,0.0,1.1414163,0.0,0.0,0.0,0.93059856,0.0,1.3312637,1.2347674,0.0,0.0,1.1766492,1.0216793,0.0,1.5562116,0.0,0.0,0.0,0.0,1.0482746,0.81799257,0.0
0.0,0.25531384,0.09655688,0.3753949,0.0,0.0,0.6852564,0.0,0.14850804,0.17839268,0.6094116,0.21979283,0.09966667,0.26505718,0.0,0.2958823,0.0,0.0,0.6204232,0.3464462,0.0,0.6269435,0.0,0.21165171,0.07968773,0.17492965,0.0,0.0,0.4669894,0.38328663,0.3925787,0.0063485727
0.0,0.0,1.096241,0.0,1.1319078,0.0,0.0,0.0,1.0880932,1.0550312,1.1937466,0.0,1.0147974,1.0687714,1.2683862,0.0,1.5295625,0.0,0.0,0.98073125,1.5256873,0.0,0.0,0.7260184,0.0,1.0200812,1.3494875,2.259563,1.3946434,0.0,0.0,1.3502351
0.029518252,0.0,1.2634537,0.0,0.0,0.0,0.0,0.0,0.8380684,0.03205813,1.012732,0.0,0.44889045,0.7341019,1.1194186,0.0,2.399914,0.08849577,0.0,0.8623696,2.2420805,0.0,0.0,1.2932912,0.0,0.6677853,1.179048,0.29918778,1.1335213,0.0,0.0,0.0
0.0,0.0,1.3885082,0.0,0.2914713,0.0,0.0,0.0,1.4033849,1.0894684,1.5303006,0.0,0.9926644,1.5365831,1.35414,0.0,1.5673515,0.0,0.0,1.3531709,1.0477073,0.0,0.0,1.4643652,0.0,1.3491968,0.76456255,1.1377057,1.6489561,0.0,0.0,0.9516633
0.0,0.0,1.545286,0.0,0.93259335,0.0,0.0,0.0,1.8594245,1.5387151,1.330935,0.0,1.6361606,2.5175722,0.68077517,0.0,1.831897,0.0,0.0,1.8797466,1.2287822,0.0,0.0,0.82775116,0.0,1.8596549,0.9926341,0.3348467,1.5506892,0.0,0.0,2.0116456
0.23967157,0.28396237,0.0,0.37504408,0.0,0.9748656,0.6117847,0.44539863,0.0,0.0,0.0,0.47031057,0.0,0.0,0.0,0.3733096,0.0,0.6228448,0.48077565,0.0,0.0,0.5511566,0.7562331,0.0,0.44079995,0.0,0.0,0.0,0.0,0.71199757,0.18198496,0.0
0.0,0.0,0.9287635,0.0,0.31269568,0.0,0.0,0.0,0.85629743,0.5298371,1.1466945,0.0,0.7649923,0.47960493,1.2513529,0.0,0.8723395,0.0,0.0,0.9158417,0.97930664,0.0,0.0,1.241238,0.0,0.78560776,1.0455064,1.1638535,1.0286754,0.0,0.0,0.71284175
0.0,0.13524333,0.29835036,0.0,0.25399068,0.0,0.0,0.21410863,0.47574133,0.4162286,0.46923628,0.055466697,0.4662031,0.50443006,0.41438833,0.0,0.5793873,0.0,0.03331127,0.6096034,0.45526013,0.0,0.0,0.28729114,0.0,0.27939683,0.26259884,0.35002947,0.61153144,0.0,0.0,0.20053214
0.0,0.0,1.0695688,0.0,0.4671892,0.0,0.0,0.0,1.1123459,1.0201485,0.906432,0.0,1.1844038,1.086783,0.46742153,0.0,1.0663532,0.0,0.0,0.9825628,0.8375422,0.0,0.0,1.1465309,0.0,1.0391154,0.93521154,0.3468945,1.1459596,0.0,0.0,1.1374032
1.2558964,1.8809595,0.0,1.5247356,0.0,0.600864,1.558144,0.3688786,0.0,0.0,0.0,1.5733738,0.0,0.0,0.0,1.6680437,0.0,1.1306845,1.6666194,0.0,0.0,1.3774601,0.8665811,0.0,1.4135972,0.0,0.0,0.0,0.0,1.4934199,1.4780368,0.0
0.0,0.0,0.569478,0.0,0.2801935,0.0,0.0,0.0,0.45720524,0.31413364,0.6365812,0.0,0.53331095,0.12673037,0.50955474,0.0,0.35245886,0.0,0.0,0.407499,0.39599782,0.0,0.0,0.5591015,0.0,0.449601,0.48081374,0.34143135,0.6442224,0.0,0.0,0.3354751
0.0,0.0,1.2977412,0.0,1.7659801,0.0,0.0,0.0,1.4556556,1.7723618,1.3803796,0.0,1.3535132,1.6862123,1.4171724,0.0,1.467526,0.0,0.0,1.6760831,1.7721623,0.0,0.0,1.7593956,0.0,1.3005648,1.1281182,1.4931109,1.2305323,0.0,0.0,1.2867402
0.3985923,0.62807405,0.0,0.64699006,0.0,0.70532626,0.6202784,0.55557543,0.0,0.0,0.0,0.56244665,0.0,0.0,0.0,0.41450143,0.0,0.37197402,0.60985667,0.0,0.0,0.51113355,0.67880297,0.0,0.58454067,0.0,0.0,0.0,0.0,0.7826234,0.27714336,0.0
0.0,0.0,1.0503954,0.0,1.351455,0.0,0.0,0.0,1.4644353,1.4438304,1.0512486,0.0,0.52512956,0.3816257,1.5901794,0.0,0.6194075,0.0,0.0,1.0672954,1.3890929,0.0,0.0,1.946485,0.0,0.8227412,1.3024857,1.8520608,1.4418049,0.0,0.0,0.79202807
0.21753237,0.24978933,0.0,0.3477614,0.0,0.38056216,0.3782004,0.44087297,0.0,0.0,0.0,0.31117278,0.0,0.0,0.0,0.3492418,0.0,0.1546539,0.3957263,0.0,0.0,0.20596659,0.14925039,0.0,0.3180523,0.0,0.0,0.0,0.0,0.3116795,0.25057295,0.0
0.0,0.0,1.2113191,0.0,1.004908,0.0,0.0,0.0,1.103669,0.8685215,1.1291875,0.0,1.1573247,1.1943655,1.3399359,0.0,1.4968742,0.0,0.0,1.3617227,1.1334009,0.0,0.0,1.0710963,0.0,0.92014104,1.2571111,1.2491819,0.95899105,0.0,0.0,0.92451894
0.014036384,0.020974547,0.20679075,0.11777573,0.0,0.0,0.0,0.0,0.15216208,0.17055371,0.13251805,0.0042616352,0.27401456,0.35151994,0.0,0.023050264,0.5046729,0.0,0.015190378,0.33159557,0.19863287,0.0,0.0,0.1653029,0.07604599,0.265697,0.08653697,0.0,0.20626901,0.0,0.032107826,0.14475365
0.0,0.0,0.68947315,0.0,0.25342613,0.0,0.0,0.0,0.52445924,0.43970078,0.65737,0.0,0.64141893,0.31566563,0.40950352,0.0,0.65228575,0.0,0.0,0.45544633,0.41987613,0.0,0.0,0.61012596,0.0,0.6088221,0.44797504,0.23772791,0.7015673,0.0,0.0,0.44517428
1.2964126,1.4506514,0.0,1.3609948,0.0,1.7539104,1.5561558,1.424223,0.0,0.0,0.0,1.4472324,0.0,0.0,0.0,1.2205073,0.0,2.0060053,1.6174276,0.0,0.0,1.651718,1.4828035,0.0,1.6702415,0.0,0.0,0.0,0.0,1.2978119,1.7335093,0.0
1.4606837,1.4815224,0.0,1.5286704,0.0,1.6956357,1.607844,1.5198421,0.0,0.0,0.0,1.5148406,0.0,0.0,0.0,1.3039912,0.0,1.9954821,1.6761273,0.0,0.0,1.6098611,1.4252535,0.0,1.6920601,0.0,0.0,0.0,0.0,1.3157088,1.788944,0.0
0.0,0.2032428,0.20351157,0.22601926,0.0,0.18706389,0.12783419,0.14511412,0.0,0.0,0.158216,0.045790527,0.1581746,0.0,0.20838931,0.40301293,0.0,0.0,0.22742139,0.0974241,0.07264868,0.0,0.08893688,0.07134301,0.13957252,0.0,0.055632796,0.08208923,0.07378809,0.10206272,0.0,0.0
0.0,0.0,0.57857627,0.0,0.28661832,0.0,0.0,0.0,0.48099363,0.33731335,0.6282241,0.0,0.5133867,0.13322647,0.53620136,0.0,0.38262326,0.0,0.0,0.3805536,0.48921022,0.0,0.0,0.61490697,0.0,0.41555613,0.45143557,0.41933674,0.63565576,0.0,0.0,0.36368954
0.0,0.14898333,0.44874787,0.0,0.18844223,0.043210745,0.0,0.09249637,0.27007735,0.14610934,0.5860346,0.0,0.31663436,0.0,0.48627946,0.034395114,0.0,0.0,0.0,0.16341704,0.20584029,0.0,0.0,0.3495547,0.0,0.21752226,0.2813779,0.30501923,0.4862798,0.0,0.0,0.0712575
1.266508,1.543996,0.0,1.5801039,0.0,1.7581294,1.43875,1.358414,0.0,0.0,0.0,1.8060156,0.0,0.0,0.0,1.6683694,0.0,1.7130855,1.6206748,0.0,0.0,1.680844,1.7209818,0.0,1.9055554,0.0,0.0,0.0,0.0,1.4718499,1.7781639,0.0
0.9602146,1.5901372,0.0,1.2245567,0.0,1.1696631,1.6711265,0.23850405,0.0,0.0,0.0,1.2442681,0.0,0.0,0.0,1.2870646,0.0,0.91575164,1.3387516,0.0,0.0,1.2833956,0.74885404,0.0,1.1261122,0.0,0.0,0.0,0.0,1.4966398,1.1427244,0.0
1.314941,1.408888,0.0,1.343882,0.0,1.031664,1.1900927,1.131601,0.0,0.0,0.0,1.4457263,0.0,0.0,0.0,1.4300758,0.0,1.4153136,1.4865885,0.0,0.0,1.2799217,1.2554675,0.0,1.6724371,0.0,0.0,0.0,0.0,1.2868742,1.2619692,0.0
0.43303496,0.5604933,0.0,0.66042376,0.0,0.5314048,0.6391889,0.54720664,0.0,0.0,0.0,0.6452779,0.0,0.0,0.0,0.57288766,0.0,0.3840915,0.60596323,0.0,0.0,0.46690693,0.38275594,0.0,0.63407516,0.0,0.0,0.0,0.0,0.5976144,0.4396514,0.0
0.0,0.0,0.69753957,0.0,0.59076506,0.0,0.0,0.0,0.8324785,0.5635036,0.86666244,0.0,0.8287478,0.7123482,0.67108357,0.0,0.874022,0.0,0.0,0.8446736,0.6923327,0.0,0.0,0.5895499,0.0,0.7559579,0.48598802,0.8147428,0.9998535,0.0,0.0,0.5825864
0.0,0.0,0.5178784,0.0,0.31230378,0.0,0.0,0.0,0.41736406,0.23775914,0.5838241,0.0,0.52453995,0.22537199,0.45982188,0.0,0.5508206,0.0,0.0,0.399961,0.44071022,0.0,0.0,0.56204313,0.0,0.42064,0.3948257,0.4098342,0.5969286,0.0,0.0,0.28962538
0.0,0.23168021,0.2759204,0.046800226,0.0,0.05803927,0.024869166,0.2514782,0.041966416,0.11786685,0.12004265,0.02326056,0.11654143,0.0,0.32481715,0.16295083,0.0,0.0,0.30874917,0.13870385,0.2141797,0.0,0.196902,0.17783809,0.05132477,0.0,0.25069386,0.09198603,0.20628245,0.12185006,0.0,0.0
0.0,0.0,0.80392873,0.0,0.73266613,0.0,0.0,0.0,0.9079052,0.75673425,0.8734262,0.0,0.7699005,0.7174728,0.81335205,0.0,0.5954584,0.0,0.0,0.8464549,0.80958027,0.0,0.0,0.7397432,0.0,0.8142898,0.71164674,0.8283558,0.9921238,0.0,0.0,0.7374001
0.0,0.0,0.74057245,0.0,0.19525251,0.0,0.0,0.0,0.7445049,0.54978,1.094816,0.0,0.7551203,0.38036257,0.9035724,0.0,0.7207164,0.0,0.0,0.7697775,0.72849363,0.0,0.0,1.0497733,0.0,0.8801736,0.576402,0.7922762,0.8998307,0.0,0.0,0.50970924
0.0,0.28841874,0.15695643,0.21574926,0.07220246,0.20126137,0.052056145,0.2243271,0.013622619,0.0,0.31571507,0.16967349,0.13155599,0.0,0.38489956,0.2509315,0.0,0.0,0.27702948,0.12144032,0.14143288,0.0,0.26226997,0.08639527,0.047419757,0.0,0.0,0.20460148,0.15591785,0.0,0.027180867,0.0
0.0,0.10675499,0.34367478,0.0,0.10339288,0.06022028,0.0,0.0,0.24079104,0.19720629,0.32386753,0.0,0.23806714,0.10938511,0.30671173,0.0,0.21348177,0.0,0.0,0.24504471,0.31198502,0.0,0.0,0.3575428,0.0,0.2600196,0.14805488,0.04055357,0.3601558,0.0,0.030530019,0.25412148
0.0,0.0,0.8994061,0.0,0.7212539,0.0,0.0,0.0,0.872423,0.70055336,0.92312855,0.0,0.8346983,0.68187445,0.7373234,0.0,0.8494404,0.0,0.0,0.6919207,0.7277257,0.0,0.0,0.82361555,0.0,1.009365,0.73688805,0.7221457,1.0289214,0.0,0.0,0.7733531
0.0,0.0,0.8010794,0.0,0.42830384,0.0,0.0,0.0,0.62151486,0.60686016,0.6715396,0.0,0.6143824,0.07672553,0.5465398,0.0,0.23603648,0.0,0.0,0.36991605,0.4762945,0.0,0.0,0.79588777,0.0,0.61290604,0.5372395,0.3634572,0.7685742,0.0,0.0,0.4876324
0.6948371,0.9799242,0.0,0.6040707,0.0,0.6658776,0.75155383,0.8291713,0.0,0.0,0.0,0.76305705,0.0,0.0,0.0,0.91352594,0.0,1.0039238,0.86040246,0.0,0.0,0.91215384,0.9316139,0.0,1.0618701,0.0,0.0,0.0,0.0,0.8056665,0.7187828,0.0
1.5701237,1.5484382,0.0,1.636243,0.0,1.6963387,1.6676652,1.6127998,0.0,0.0,0.0,1.4906378,0.0,0.0,0.0,1.3550304,0.0,1.8798609,1.6864417,0.0,0.0,1.5404978,1.4673842,0.0,1.6679468,0.0,0.0,0.0,0.0,1.4112251,1.7993122,0.0
0.04586553,0.53888553,0.0,0.46534893,0.0,0.51477623,0.4401716,0.34993908,0.0,0.0,0.0,0.5275937,0.0,0.0,0.0,0.48514187,0.0,0.34108293,0.5042872,0.0,0.035587434,0.48572016,0.64775646,0.0,0.48030484,0.0,0.0,0.0,0.0,0.67864937,0.26375604,0.0
0.0,0.0,0.0,0.0,0.0,0.26293516,0.0,0.1948003,0.06867595,0.08956356,0.25160533,0.0,0.31433877,0.0,0.0,0.0,0.0,0.0,0.18896055,0.09022075,0.103501156,0.0,0.0,0.35504493,0.0,0.0,0.37419015,0.31058827,0.07023612,0.0,0.26446727,0.0
0.6720937,0.6809883,0.0,0.52681637,0.0,0.22561216,0.3054609,0.0,0.07814698,0.0,0.014608704,0.53784734,0.0,0.0,0.049116418,0.4727146,0.41998038,0.56789786,0.90974516,0.0,0.6242382,0.7025789,0.17458689,0.1557115,0.55710435,0.0,0.0,0.0,0.13236642,0.53378123,0.5986658,0.0
0.91138804,1.1538557,0.0,0.8514789,0.0,0.56758744,0.8969621,1.0427326,0.0,0.0,0.0,0.98860973,0.0,0.0,0.0,1.1801033,0.0,1.1563975,0.9127445,0.0,0.0,0.94340634,1.0221525,0.0,1.1968449,0.0,0.0,0.0,0.0,1.0971699,0.79722035,0.0
0.72505903,0.901745,0.0,0.5270855,0.0,0.56712365,0.7412128,0.8145357,0.0,0.0,0.0,0.8217313,0.0,0.0,0.0,0.7502656,0.0,1.0208979,0.7544545,0.0,0.0,0.77270645,0.612129,0.0,0.8827046,0.0,0.0,0.0,0.0,0.7194005,0.61911756,0.0
1.4220761,1.3559035,0.0,1.2466086,0.0,1.1271117,1.2901313,1.3340195,0.0,0.0,0.0,1.3580087,0.0,0.0,0.0,1.398972,0.0,1.4231426,1.5037048,0.0,0.0,1.1605182,1.1607096,0.0,1.4268744,0.0,0.0,0.0,0.0,1.2399154,1.2928854,0.0
0.6859128,0.7975934,0.0,0.6062173,0.0,0.48542917,0.5416991,0.8834871,0.0,0.0,0.0,0.6673169,0.0,0.0,0.0,0.7372835,0.0,0.75318885,0.73803693,0.0,0.0,0.40215734,0.63153195,0.0,0.70267594,0.0,0.0,0.0,0.0,0.5228196,0.83824223,0.0
0.51493126,0.85784554,0.0,0.82591,0.0,0.74934614,0.80145687,0.73538053,0.0,0.0,0.0,0.8488173,0.0,0.0,0.0,0.5854345,0.0,0.48524606,0.87087137,0.0,0.0,0.73569113,0.54844284,0.0,0.7689476,0.0,0.0,0.0,0.0,0.84172755,0.52202046,0.0
0.0,0.0,0.7331083,0.0,0.5788676,0.0,0.0,0.0,0.699248,0.5623123,0.78140414,0.0,0.6657655,0.5426932,0.61425984,0.0,0.6092107,0.0,0.0,0.7095975,0.41507497,0.0,0.0,0.43076044,0.0,0.78622186,0.5313876,0.66512734,0.7534083,0.0,0.0,0.5915129
0.0,0.0,1.9162874,0.0,1.2537532,0.0,0.0,0.0,1.5670304,1.9092333,1.2834889,0.0,2.033134,1.8555096,1.6173142,0.0,0.4492832,0.0,0.0,1.2409694,0.5975168,0.0,0.0,0.44600293,0.0,2.0039244,2.052137,1.9624752,1.8953544,0.0,0.0,2.429324
0.5911549,0.90815127,0.0,0.96702796,0.0,0.8675592,0.80169207,0.67028064,0.0,0.0,0.0,0.8340206,0.0,0.0,0.0,0.64430773,0.0,0.67011106,0.8989471,0.0,0.0,0.8957996,0.6294532,0.0,0.88875765,0.0,0.0,0.0,0.0,0.834257,0.5934975,0.0
0.0,0.14441487,0.4357112,0.17847264,0.0,0.05711053,0.14879054,0.030605238,0.42099667,0.0,0.33656344,0.06297565,0.25185475,0.28284752,0.45411474,0.059210666,0.27821013,0.0,0.0,0.3731479,0.21068981,0.0,0.06816614,0.117594406,0.095151275,0.08967168,0.457439,0.45567334,0.33305964,0.32219064,0.0,0.070723586
0.0,0.0,1.1499882,0.0,1.5054039,0.0,0.0,0.0017887373,1.5393426,1.7563407,1.6412499,0.0,1.5865009,0.62564236,1.9614586,0.0,0.32538897,0.0,0.0,2.0875995,1.014621,0.0,0.0,1.100848,0.0,1.2614845,1.5681865,1.9351654,1.4019507,0.0,0.0,1.6134216
0.30288702,0.29013938,0.0,0.26390326,0.0,0.3423107,0.3986355,0.23802201,0.0,0.040812794,0.00835868,0.2770038,0.0,0.0,0.2247726,0.5557799,0.0,0.41398403,0.9301264,0.0,0.3120866,0.2712728,0.9484731,0.0,0.2342067,0.0,0.0,0.086578816,0.0,0.5558733,0.3081443,0.0
0.0,0.0,1.3166755,0.0,1.4550369,0.0,0.0,0.0,1.6395802,1.7668422,1.7282007,0.0,2.0531173,1.1625588,1.4206107,0.0,0.71272135,0.0,0.0,1.7907593,0.6712493,0.0,0.0,0.99834025,0.0,1.4854532,1.5496383,1.8780866,1.2778953,0.0,0.0,1.9305872
0.0,0.0,0.75871813,0.0,0.52692276,0.0,0.0,0.0,0.9950877,0.919476,1.5282042,0.0,0.42163068,0.39162043,1.4267852,0.0,0.54789805,0.0,0.0,1.0950902,0.30156264,0.0,0.0,1.323131,0.0,0.7737754,0.36832732,1.5711958,1.2741336,0.0,0.0,0.2022188
0.0,0.0,0.6391336,0.0,0.07833266,0.0,0.0,0.0,0.5838797,0.52563727,0.47758737,0.0,0.81106466,0.88678384,0.18548352,0.0,1.0659422,0.0,0.0,0.68004674,0.5232965,0.0,0.0,0.71656764,0.0,0.5737522,0.53344303,0.14054888,0.67111474,0.0,0.0,0.43312126
0.0,0.0,1.4116132,0.0,0.029780854,0.0,0.0,0.0,1.1420097,1.0556414,1.3677232,0.0,1.1698982,0.7533558,1.8371636,0.0,0.8337489,0.0,0.0,1.2274854,0.6997269,0.0,0.0,1.3877913,0.0,1.143629,1.0051755,1.812153,1.0568511,0.0,0.0,1.0725724
0.0,0.0,0.7269647,0.0,0.15585478,0.0,0.0,0.0,0.59712374,0.59918344,1.2472363,0.0,0.73696476,0.40648586,1.3919033,0.0,1.0353249,0.0,0.0,1.1985849,1.3388675,0.0,0.0,1.4392433,0.0,0.61066526,0.90332127,0.9773918,0.79062456,0.0,0.0,0.2434237
0.11086874,0.0,0.0,0.21140486,0.0,0.06793219,0.08141601,0.11394766,0.0,0.0,0.0,0.018424407,0.10482346,0.0,0.0,0.19153467,0.17781675,0.0,0.29662967,0.0,0.0,0.10558878,0.0,0.050751362,0.1307354,0.0,0.0,0.0,0.0,0.0,0.2829347,0.0
0.0,0.0,1.2926754,0.0,1.3236377,0.0,0.0,0.0,1.3206885,0.86352324,1.2225807,0.0,1.1945192,1.3468851,1.3532258,0.0,1.6325167,0.0,0.0,1.5269421,1.1887097,0.0,0.0,0.96579146,0.0,1.0809135,1.3418565,1.2799466,1.1547797,0.0,0.0,0.95803845
0.0,0.04566186,0.2298413,0.0,0.0,0.13200656,0.14602453,0.09890018,0.27715337,0.06209641,0.11965385,0.21466546,0.36827892,0.14646927,0.046268098,0.0,0.018471785,0.0,0.3626645,0.3495493,0.030263588,0.2267767,0.0,0.0064415038,0.0,0.31180668,0.13035613,0.0,0.43697193,0.08578135,0.0,0.0
0.0,0.0,0.42855233,0.0,0.5184307,0.0,0.0,0.080024146,0.5930166,0.57325286,0.5978469,0.0,0.513775,0.47016335,0.87922657,0.0,0.4811162,0.0,0.0,0.75222814,0.85510314,0.0,0.0,0.4929597,0.0,0.24812312,0.58475024,0.7012285,0.6737351,0.0,0.0,0.2046839
0.0,0.0,1.0259337,0.0,1.1996255,0.0,0.0,0.0,1.1673731,1.0762719,1.1083324,0.0,0.6760028,0.78811026,1.4654016,0.0,1.1248858,0.0,0.0,0.9561326,1.1675441,0.0,0.0,1.5069326,0.0,1.0781455,1.0829909,1.5275046,1.0949299,0.0,0.0,0.7005178
0.0,0.0,1.3801231,0.0,1.5003788,0.0,0.0,0.0,1.6834418,1.5874517,1.2354758,0.0,1.1935704,1.0913717,1.4362123,0.0,1.1395348,0.0,0.0,1.419676,1.555289,0.0,0.0,1.9853843,0.0,0.8973332,1.4622793,1.5474248,1.5835695,0.0,0.0,1.4775093
0.0,0.0,1.4088587,0.0,1.4774184,0.0,0.0,0.0,1.532255,1.3967243,1.5476388,0.0,1.3666373,1.3094329,1.3583175,0.0,1.6463602,0.0,0.0,1.3686005,1.1892135,0.0,0.0,1.4150379,0.0,1.4049412,1.591815,1.5329459,1.3340394,0.0,0.0,1.2449787
0.0,0.0,1.1524493,0.0,0.20162083,0.0,0.0,0.0,1.2341241,1.1238881,0.9952301,0.0,1.2828512,1.4434494,1.0300447,0.0,1.1728936,0.0,0.0,0.79699385,0.87532467,0.0,0.0,1.2370608,0.0,0.57406056,1.635704,1.8402387,1.2653373,0.0,0.0,1.7507999
0.0,0.0,1.3507922,0.0,1.4382899,0.0,0.0,0.0,1.7277316,1.3594682,1.1749065,0.0,1.2046127,1.9504176,1.1645699,0.0,1.1549034,0.0,0.0,1.6857268,1.2110436,0.0,0.0,0.7796504,0.0,1.4805559,0.78433526,0.8566234,1.3665907,0.0,0.0,1.9091332
0.0,0.0,1.4128675,0.0,1.1095508,0.0,0.0,0.0,1.416338,1.2430948,1.048779,0.0,1.3312492,1.7253927,0.73815143,0.0,1.7236973,0.0,0.0,1.3722316,1.6159108,0.0,0.0,1.7002336,0.0,1.3626642,1.0532148,0.611494,1.4521421,0.0,0.0,1.2923799
0.0,0.0,1.1347756,0.0,1.3786093,0.0,0.0,0.0,1.1058531,1.2984656,1.0354476,0.0,0.93313086,1.2031626,1.3529906,0.0,1.2904085,0.0,0.0,1.2556785,1.5865449,0.0,0.0,1.9223045,0.0,0.9274102,0.94338024,1.5649253,1.0594798,0.0,0.0,0.8775105
0.0125595685,0.0,0.19411607,0.016506497,0.0,0.026487801,0.0077421665,0.337356,0.0,0.0,0.14734183,0.0,0.055104412,0.0,0.0,0.1811197,0.0,0.0,0.0,0.0,0.0,0.0,0.0,0.13801086,0.0,0.0,0.1884977,0.0,0.13544525,0.0,0.0,0.030801244
0.0,0.0,1.0166112,0.0,1.3546926,0.0,0.0,0.0,1.2318268,1.2487855,1.2280188,0.0,0.9140405,0.95285845,1.475101,0.0,1.0643601,0.0,0.0,1.1733589,1.6451536,0.0,0.0,1.4281839,0.0,0.8459814,1.1848117,1.4420321,1.1829015,0.0,0.0,0.89011717
0.0,0.0,0.98055923,0.0,0.4139375,0.0,0.0,0.0,1.3079768,1.5486771,1.2870681,0.0,1.4973066,0.4199226,1.007658,0.0,0.063421294,0.0,0.0,1.3248574,0.38559735,0.0,0.0,1.1862857,0.0,1.0587398,1.5194069,1.0892489,1.0187099,0.0,0.0,1.4799193
0.0,0.0,1.6650946,0.0,0.6301791,0.0,0.0,0.0,0.9556995,1.9567791,0.89199346,0.0,1.6439177,1.4632883,0.97293,0.0,0.023530968,0.0,0.0,1.1189585,0.7995563,0.0,0.0,0.10454122,0.0,2.2341304,1.4534001,0.6955865,1.1268411,0.0,0.0,1.7547543
0.19987033,0.30083844,0.0,0.4221587,0.0,0.15512572,0.42853463,0.4442846,0.0,0.0,0.0,0.29288152,0.0,0.0,0.0,0.4264871,0.0,0.11200766,0.3301121,0.0,0.0,0.1540938,0.2578234,0.0,0.41373783,0.0,0.00969094,0.0,0.0,0.4739999,0.006317258,0.0
0.033057846,0.14510961,0.035477128,0.23806167,0.0,0.0,0.29093033,0.007963017,0.03301235,0.17143118,0.0,0.19994247,0.22795303,0.6162344,0.0,0.2043694,0.23408717,0.0,0.43975618,0.119965255,0.14058664,0.21988651,0.0,0.0,0.16723774,0.18043524,0.0,0.0,0.11485592,0.2622744,0.028072745,0.0
0.0,0.0,1.2574364,0.0,0.86170197,0.0,0.0,0.0,1.2975416,1.0021123,1.2656896,0.0,0.60667634,0.93133867,1.5694331,0.0,1.0089895,0.0,0.0,1.1408955,0.9531306,0.0,0.0,1.1095378,0.0,1.0245515,1.2392874,1.8228444,1.6872208,0.0,0.0,0.8803866
0.0,0.0,1.2071968,0.0,0.6998427,0.0,0.0,0.0,1.4931248,1.341973,1.4571453,0.0,1.8408445,0.93356836,1.0967736,0.0,0.64646953,0.0,0.0,1.7798412,0.34699354,0.0,0.0,0.68411374,0.0,1.536423,1.2692953,1.3677123,1.2746699,0.0,0.0,1.4896872
0.0,0.0,1.2110704,0.0,0.93591917,0.0,0.0,0.0,1.3670557,1.6540636,1.5701783,0.0,1.7781681,0.58350545,1.4178389,0.0,0.0,0.0,0.0,1.6236565,0.1711397,0.0,0.0,0.49415284,0.0,1.5945328,1.4976474,1.7398456,1.2431535,0.0,0.0,1.9348488
0.0,0.0,1.0080563,0.0,0.9563554,0.0,0.0,0.0,0.88120604,0.6439987,0.9409793,0.0,0.9988279,0.8441613,1.1181227,0.0,0.94884425,0.0,0.0,1.2521024,1.140481,0.0,0.0,0.5342819,0.0,0.48263288,0.8820911,0.73082554,0.83227867,0.0,0.0,0.6169025
0.0,0.0,0.80944717,0.0,0.5533469,0.0,0.0,0.0,1.0562518,1.222865,1.1395763,0.0,1.063211,0.74192715,0.69450194,0.0,0.42323753,0.0,0.0,1.0848924,0.24481699,0.0,0.0052889027,0.79718095,0.0,1.0181191,0.74239814,1.0709321,0.8628637,0.0,0.0,0.9358739
0.0,0.0,1.0037915,0.0,0.8030092,0.0,0.0,0.0,0.85782146,0.8436164,0.89032835,0.0,0.99420846,1.1655428,0.8847343,0.0,1.3371733,0.0,0.0,1.1654472,1.1156555,0.0,0.0,0.8150929,0.0,0.6335236,0.7849151,0.7339033,0.76142645,0.0,0.0,0.6783092
0.0,0.0,1.240709,0.0,1.362417,0.0,0.0,0.0,1.1793854,1.058108,1.2937865,0.0,1.3726115,1.282139,1.1481544,0.0,1.3952899,0.0,0.0,1.5405605,1.1316667,0.0,0.0,0.8358193,0.0,1.0244256,1.0343604,0.9216911,1.0859418,0.0,0.0,1.0018559
0.0,0.32292637,0.19824873,0.21641794,0.0,0.0690751,0.35579938,0.32513034,0.2591966,0.123798385,0.14860019,0.44228274,0.18288258,0.0,0.18905231,0.44170052,0.0,0.0,0.1330106,0.19159535,0.090082005,0.007678449,0.32718036,0.085302,0.1193298,0.07296338,0.22876611,0.12705196,0.38621485,0.42196423,0.0,0.0
0.0,0.0,1.5172763,0.0,0.5572939,0.0,0.0,0.0,1.0433455,1.5117533,1.0563375,0.0,1.636355,1.1906785,1.3418967,0.0,0.20498703,0.0,0.0,0.99887526,0.69261765,0.0,0.0,0.59036434,0.0,1.6477315,1.5021619,1.5627997,1.2971208,0.0,0.0,1.8685744
0.16213919,0.49679804,0.0,0.32502243,0.0,0.6801648,0.59115565,0.6485836,0.0,0.0,0.0,0.45411253,0.0,0.0,0.0,0.2989263,0.0,0.10984096,0.62025905,0.0,0.0,0.6947476,0.33433744,0.0,0.41708732,0.0,0.0,0.0,0.0,0.5165975,0.1961416,0.0
0.0,0.0,0.7057867,0.0,0.25287223,0.0,0.0,0.0,0.8074353,0.726805,0.88201797,0.0,1.1476545,0.3013755,0.8313918,0.0,0.091709405,0.0,0.0,1.2446256,0.019903168,0.0,0.0,0.28000796,0.0,0.88841796,0.6877682,0.80100435,0.75873303,0.0,0.0,0.9406259
0.38127762,0.16720276,0.13750795,0.03653164,0.0,0.4549078,0.61702335,0.0,0.21719164,0.0,0.3552607,0.6717243,0.0,0.11894436,0.0,0.195637,0.0,0.0,0.06989041,0.0,0.23882183,0.18887867,0.1824629,0.0,0.0,0.0016791672,0.32766455,0.019544728,0.24584621,0.37246773,0.39687082,0.0
0.0,0.0,1.187997,0.0,1.3534305,0.0,0.0,0.0,1.4320487,1.1911521,1.0370036,0.0,0.8065401,0.63258857,1.3548845,0.0,0.8942376,0.0,0.0,1.0994316,1.0049444,0.0,0.0,1.5323327,0.0,1.0319283,1.301067,1.3561593,1.4643002,0.0,0.0,0.97552556
0.0,0.0,0.8762138,0.0,0.631888,0.0,0.0,0.0,1.460856,1.0915664,1.8655194,0.0,1.3126694,0.028717749,1.513868,0.0,0.0,0.0,0.0,1.7385186,0.010786414,0.0,0.0,0.8795798,0.0,1.2894275,1.342643,1.4976683,1.7691821,0.0,0.0,1.3059903
0.0,0.0,0.85155034,0.0,0.36702716,0.0,0.0,0.0,0.85472906,0.7211793,0.58417904,0.0,0.66747105,0.6433936,0.22241801,0.0,0.9561395,0.0,0.0,0.5376135,0.7925368,0.0,0.0,1.0935526,0.0,0.75672346,0.57344455,0.20051311,0.9387027,0.0,0.0,0.53504926
0.0,0.0,1.2122924,0.0,0.3314137,0.0,0.0,0.0,1.3601602,1.4299164,1.1984998,0.0,1.5983075,0.41008806,0.9405865,0.0,0.0,0.0,0.0,1.3643078,0.33868447,0.0,0.0,1.0800412,0.0,1.2160038,1.4241028,0.67733705,1.2742345,0.0,0.0,1.6364635
0.0,0.0,1.1870267,0.0,1.3417128,0.0,0.0,0.0,1.3868811,1.9197401,1.0929072,0.0,1.0638181,0.9467345,0.84119636,0.0,0.6855379,0.0,0.0,0.9828913,0.87702066,0.0,0.0,1.5000365,0.0,1.2128025,1.4728931,1.00662,1.2206764,0.0,0.0,1.3987318
0.0,0.0,0.7653717,0.0,0.7119005,0.0,0.0,0.0,0.9058373,0.73648137,0.79870695,0.0,0.8135122,0.9992953,0.64705175,0.0,0.9775676,0.0,0.0,0.8702117,1.0370796,0.0,0.0,0.73190844,0.0,0.7004202,0.61748934,0.46818507,1.0043241,0.0,0.0,0.5864113
0.22324722,0.6058096,0.0,0.47970197,0.0,0.40565866,0.33758605,0.6154322,0.0,0.0,0.0,0.3824132,0.0,0.0,0.0,0.2688805,0.0,0.22132976,0.7921843,0.0,0.0,0.6156571,0.4747453,0.0,0.5367211,0.0,0.0,0.0,0.0,0.47766045,0.22351313,0.0
0.0,0.0,0.47378257,0.021037266,0.24730042,0.0,0.0,0.04002511,0.4099821,0.38147795,0.45035028,0.027166177,0.29636222,0.22979257,0.6013144,0.0107783675,0.27108175,0.0,0.0,0.38304105,0.32773364,0.0,0.0,0.48594084,0.0,0.4952848,0.4289772,0.61064357,0.47434297,0.0,0.0,0.18399459
0.0,0.0,0.71717596,0.0,0.30668646,0.0,0.0,0.0,0.76841956,0.48413372,0.640759,0.0,0.68276376,0.72617584,0.5124045,0.0,0.87767786,0.0,0.0,0.84507054,0.5907439,0.0,0.0,0.49000478,0.0,0.63225514,0.5955792,0.53700495,0.76032805,0.0,0.0,0.48060262
0.0,0.0,1.4648156,0.0,1.0738851,0.0,0.0,0.0,1.6589323,1.5021049,1.2191099,0.0,1.5521947,1.6110723,1.1318178,0.0,1.5274513,0.0,0.0,1.7979007,1.1739726,0.0,0.0,1.6997459,0.0,1.1974595,1.4390447,1.3674824,1.3202538,0.0,0.0,1.5945089
0.0,0.0,1.2074014,0.0,0.035203055,0.0,0.0,0.0,1.0864964,0.8591523,1.4556051,0.0,0.95208263,0.89218915,1.2526253,0.0,1.0263013,0.0,0.0,1.1264956,0.40144676,0.0,0.0,1.1338526,0.0,0.9761804,0.7266157,1.2352237,1.3869745,0.0,0.0,0.7513759
0.0,0.0,0.872722,0.0,0.6475721,0.0,0.0,0.0,0.89506346,0.58373886,1.0709132,0.19451609,0.35809857,0.6233969,1.266934,0.0,0.8748363,0.0,0.035497412,1.1189344,0.91758657,0.0,0.0,0.88102496,0.0,0.53447604,0.6625722,1.2671951,1.3224268,0.073332176,0.0,0.32886106
0.0,0.0,0.6378933,0.0,0.6623379,0.0,0.0,0.0,0.47444308,0.58802843,0.65335375,0.0,0.52233857,0.7392663,0.8438763,0.0,0.9578255,0.0,0.0,0.70102775,1.1764333,0.0,0.0,0.99648416,0.0,0.38065678,0.5329398,0.8082695,0.62147945,0.0,0.0,0.21981025
0.29712337,1.0047195,0.0,0.5030532,0.0,0.94509786,0.7335741,0.8566819,0.0,0.0,0.0,0.81165904,0.0,0.0,0.0,0.64987266,0.0,0.9496612,0.77386785,0.0,0.0,0.71949697,1.2694726,0.0,0.57985324,0.0,0.0,0.09278041,0.0,0.86393046,0.86868715,0.0
1.1527153,1.4981794,0.0,1.1874263,0.0,0.92505765,1.2262299,1.0774348,0.0,0.0,0.0,1.2057898,0.0,0.0,0.0,1.3735242,0.0,1.4132181,1.3124205,0.0,0.0,1.2694136,1.0765766,0.0,1.4441884,0.0,0.0,0.0,0.0,1.2734296,1.1626552,0.0
1.1901444,1.6174512,0.0,1.4328015,0.0,0.89994067,1.2384672,1.2184575,0.0,0.0,0.0,1.3135848,0.0,0.0,0.0,1.4832175,0.0,1.2824093,1.4324398,0.0,0.0,1.2160501,1.1726109,0.0,1.5105731,0.0,0.0,0.0,0.0,1.3205812,1.1820745,0.0
0.0,0.0,1.8221377,0.0,0.25066906,0.0,0.0,0.0,1.2686678,1.5416795,1.2145168,0.0,1.666284,1.2504458,1.3161843,0.0,0.110416375,0.0,0.0,1.3929039,0.22087514,0.0,0.0,0.637915,0.0,2.1503892,1.2251239,0.8928111,1.6187596,0.0,0.0,1.489263
0.0,0.0,0.86167884,0.0,0.45729184,0.0,0.0,0.0,0.77473754,0.5683943,0.6776067,0.0,0.75846547,0.8858326,0.35037333,0.0,1.1842875,0.0,0.0,0.6888715,0.8708673,0.0,0.0,0.8561954,0.0,0.9066791,0.4612894,0.3185326,0.96687585,0.0,0.0,0.5862233
0.0,0.0,0.5984063,0.0,0.19259928,0.0,0.0,0.23907135,0.7874573,0.6227939,0.6293462,0.0,0.845942,0.1914841,0.8788651,0.0,0.017929032,0.0,0.0,1.0957049,0.045110002,0.0,0.0,0.16858113,0.0,0.62132734,0.7303297,0.8446322,0.7140245,0.0,0.0,0.7504515
0.0,0.0,1.4168283,0.0,1.3521435,0.0,0.0,0.0,1.3760362,1.1080556,1.2871345,0.0,1.3267406,1.7622709,1.3814757,0.0,1.9460474,0.0,0.0,1.6813247,1.6178844,0.0,0.0,1.2028928,0.0,1.06643,1.3450286,1.1198652,1.1248155,0.0,0.0,0.9954391
0.0,0.0,1.1458648,0.0,0.54067945,0.0,0.0,0.0,1.1236032,1.0365772,0.98539835,0.0,1.2653128,1.0937629,0.52889407,0.0,1.1364988,0.0,0.0,1.0902942,0.83676624,0.0,0.0,1.2416861,0.0,1.1337512,0.9207722,0.48948383,1.1518694,0.0,0.0,1.2137401
0.0,0.0,1.3024958,0.0,0.93846667,0.0,0.0,0.0,1.3495116,1.337404,1.0670823,0.0,1.1541288,1.0196785,0.7358067,0.0,0.9659517,0.0,0.0,0.99545276,1.0381476,0.0,0.0,1.6713257,0.0,1.4158386,1.1926582,0.47444344,1.4371022,0.0,0.0,1.3793828
0.0,0.0,0.93220806,0.0,0.9749356,0.0,0.0,0.0,1.3789893,1.6758482,1.2966273,0.0,1.1591657,0.6272363,1.1881713,0.0,0.15348771,0.0,0.0,1.4580961,0.23223364,0.0,0.0,0.94678736,0.0,1.3561711,0.9741868,1.5461689,1.1466798,0.0,0.0,1.3902761
0.0,0.0,0.7660067,0.0,0.14962101,0.0,0.0,0.0,0.90251493,0.80174863,1.1780537,0.0,0.82046914,0.793534,1.0696505,0.0,1.1016526,0.0,0.0,1.3275898,0.9537903,0.0,0.0,1.4101866,0.0,0.78059417,0.8363496,0.91069597,0.9693892,0.0,0.0,0.38991123
0.0,0.0,1.1634463,0.0,0.534732,0.0,0.0,0.0,1.2506876,0.8255347,0.9442428,0.0,1.1166447,1.6903534,0.64285636,0.0,1.7486342,0.0,0.0,1.2542214,0.95221335,0.0,0.0,0.6669214,0.0,1.244127,0.88441503,0.44162595,1.1132207,0.0,0.0,1.1642503
0.11223117,0.0,0.14233011,0.0,0.0,0.048760705,0.0,0.15918912,0.11142427,0.14865223,0.19165033,0.0,0.0986206,0.0,0.0,0.0,0.029293366,0.0,0.15411367,0.0,0.012059994,0.0,0.0,0.27575698,0.0,0.0,0.21582122,0.029250085,0.27426097,0.0,0.06316392,0.0
0.0,0.0,1.1672848,0.0,1.7658472,0.0,0.0,0.0,1.7784986,2.4387038,1.7833526,0.0,1.763385,1.7795653,0.93562317,0.0,1.6382043,0.0,0.0,2.1699193,0.7998455,0.0,0.0,1.282859,0.0,1.9963616,1.3695811,1.560458,1.4110208,0.0,0.0,1.9413227
0.0,0.0,1.1255907,0.0,0.42660707,0.0,0.0,0.0,1.1310277,0.8688479,1.0467514,0.0,1.1056544,0.82417244,1.6319507,0.0,0.77504563,0.0,0.0,0.74121624,0.76300246,0.0,0.0,1.0327998,0.0,0.84348106,1.2390596,2.0617764,0.98839396,0.0,0.0,1.1363221
0.8175593,1.2274435,0.0,1.5426906,0.0,0.4664321,1.6665769,0.0,0.0,0.0,0.0,1.3335532,0.0,0.0,0.0,1.2555914,0.0,0.63264215,1.4575491,0.0,0.0,1.6679416,0.9978224,0.0,1.4017668,0.0,0.0,0.0,0.0,1.447265,1.0143979,0.0
0.0,0.0,1.6750913,0.0,1.4067246,0.0,0.0,0.0,1.2351542,1.550812,0.9554175,0.0,1.0965667,0.73639745,1.279393,0.0,0.41648898,0.0,0.0,1.146333,1.2604667,0.0,0.0,2.0347245,0.0,1.1867689,1.369713,1.3051775,1.0630956,0.0,0.0,1.1640397
0.19659184,0.33345082,0.0,0.5694762,0.0,0.34234345,0.502546,0.47951826,0.0,0.0,0.0,0.40549672,0.0,0.0,0.0,0.4599607,0.0,0.18322256,0.56269056,0.0,0.0,0.35888332,0.36861283,0.0,0.47959173,0.0,0.0,0.0,0.0,0.4686615,0.2613886,0.0
0.0,0.0,1.2499968,0.0,1.7684587,0.0,0.0,0.0,1.7993574,1.6269509,1.2338725,0.0,0.8157385,1.0778327,1.4427575,0.0,0.87309825,0.0,0.0,1.3575732,1.0469714,0.0,0.0,1.480223,0.0,1.4389178,1.6379452,1.4527985,1.4388291,0.0,0.0,1.2214524
0.0,0.0,0.7172084,0.0,0.018733662,0.0,0.0,0.0,0.76703846,0.6152107,0.50727844,0.0,0.8531283,0.5886807,0.17831558,0.0,0.790124,0.0,0.0,0.7047968,0.55547005,0.0,0.0,0.9446012,0.0,0.5241992,0.7509966,0.22398953,0.7706819,0.0,0.0,0.5992006
0.0,0.0,2.0424953,0.0,1.2649274,0.0,0.0,0.0,2.0429077,2.069491,1.6927402,0.0,2.427206,1.800416,2.6675997,0.0,0.9488552,0.0,0.0,1.7165565,0.6528973,0.0,0.0,1.173753,0.0,1.8588535,2.6259935,3.2779071,2.014611,0.0,0.0,2.947118
0.0,0.0,0.7438227,0.0,0.04136318,0.0,0.0,0.0,0.70145977,0.63257056,0.7787892,0.0,0.38063586,0.22462559,0.85538244,0.0,0.10799579,0.0,0.0,0.4081209,0.78682303,0.0,0.0,1.350743,0.0,0.62719756,0.9336139,0.9875574,0.6924155,0.0,0.0,0.3402204
0.0,0.0,0.63726544,0.0,1.3954366,0.0,0.0,0.0,0.73463285,1.3529409,1.041543,0.0,0.73835814,0.32679996,1.1014977,0.0,0.0,0.0,0.0,0.88036364,0.6377634,0.0,0.30085316,0.77063936,0.0,1.0954642,0.56103224,1.2088065,0.84971726,0.0,0.0,0.9816058
0.0,0.0,0.9071686,0.0,0.86619884,0.0,0.0,0.0,0.8770589,0.8939908,0.86546206,0.0,0.5328362,0.30581635,1.1825632,0.0,0.75646603,0.0,0.0,0.81643176,0.972986,0.0,0.0,1.1958297,0.0,0.6852568,0.8252016,1.1056434,1.0034434,0.0,0.0,0.39023447
0.0,0.0,1.2015609,0.0,0.7136932,0.0,0.0,0.0,1.0519881,0.7394152,0.9529841,0.0,1.2808994,1.5683737,0.8899084,0.0,1.6867677,0.0,0.0,1.3769041,1.1876287,0.0,0.0,0.8647177,0.0,0.7952178,1.0182244,0.78909403,0.85546696,0.0,0.0,0.83490956
0.0,0.0,1.502187,0.0,1.6655319,0.0,0.0,0.0,1.4332551,1.3616774,1.3534263,0.0,1.0764107,1.16599,1.9020965,0.0,1.3431523,0.0,0.0,0.8910248,1.391958,0.0,0.0,1.3175521,0.0,1.3452387,1.6217735,2.8248448,1.4788113,0.0,0.0,1.4505274
0.0,0.0,1.154028,0.0,1.0058304,0.0,0.0,0.0,1.1387306,0.86591274,1.0737501,0.0,1.1189173,1.35339,1.1813575,0.0,1.6533935,0.0,0.0,1.4180272,1.2299683,0.0,0.0,0.9209246,0.0,0.81005424,1.1986862,1.1520073,0.9356276,0.0,0.0,0.8782069
0.0,0.0,0.5303824,0.0,0.031843804,0.0,0.0,0.0,0.4102596,0.13654938,0.5170586,0.0,0.6586426,0.5752742,0.500719,0.0,0.9248859,0.0,0.0,0.7821224,0.37740546,0.0,0.0,0.33770543,0.058607846,0.36519772,0.5699995,0.47554386,0.29955152,0.0,0.0,0.2391636
0.0,0.0,1.4386122,0.0,0.9115505,0.0,0.0,0.0,1.6150634,1.1847472,1.372123,0.0,1.2632524,1.7527711,1.6871731,0.0,0.8357701,0.0,0.0,1.2528945,0.941127,0.0,0.0,0.971513,0.0,1.2899355,1.5294584,1.8528469,1.6664851,0.0,0.0,1.4940832
0.24377364,0.0,0.0,0.093985714,0.0,0.92437184,0.0,0.267415,0.0,0.0,0.0,0.24829037,0.0,0.042190734,0.0,0.0,0.12946343,0.2391652,0.47394052,0.0,0.6718163,0.6275402,0.48686266,0.0,0.0,0.116596304,0.0,0.0,0.028349228,0.14028601,0.5354514,0.15612707
0.39046085,0.54759663,0.0,0.55772424,0.0,0.5030672,0.6006658,0.7237723,0.0,0.0,0.0,0.76193845,0.0,0.0,0.0,0.5679822,0.0,0.42503056,0.64011574,0.0,0.0,0.5661092,0.5137746,0.0,0.62493294,0.0,0.0,0.0,0.0,0.61614627,0.4207381,0.0
0.0,0.0,0.6330342,0.0,0.31038314,0.0,0.0,0.0,0.51784486,0.35078317,0.5735364,0.0,0.46684211,0.48312247,0.6536483,0.01792387,0.78854203,0.0,0.0,0.7435741,0.65424895,0.0,0.0,0.55748856,0.0,0.48093253,0.53393805,0.6071868,0.55975765,0.0,0.0,0.21335688
0.06130396,0.20690605,0.25330833,0.2390511,0.0,0.016611855,0.27374214,0.33823603,0.0,0.0,0.0,0.45071816,0.04489368,0.11678964,0.21576627,0.14423355,0.0,0.33488846,0.37755987,0.27778846,0.38925123,0.45199028,0.43455184,0.0,0.3808043,0.0,0.14909558,0.0,0.0,0.38143897,0.10313414,0.18026784
0.0,0.0,1.3397993,0.0,1.3787601,0.0,0.0,0.0,1.4736636,1.208567,1.5244844,0.0,1.4222406,1.6939825,1.349182,0.0,2.0203822,0.0,0.0,1.6912789,1.6072434,0.0,0.0,1.089462,0.0,1.0153794,1.6199759,1.3224591,1.168939,0.0,0.0,1.1782196
0.0,0.0,1.4341196,0.0,2.5730016,0.0,0.0,0.0,2.135767,2.202474,1.4941882,0.0,0.8468511,0.804822,1.6517168,0.0,0.34222427,0.0,0.0,1.6397262,1.4956722,0.0,0.0,2.0449972,0.0,1.6948657,2.1249073,0.9607948,2.0523694,0.0,0.0,1.4110548
0.0,0.0,1.0410684,0.0,0.9496668,0.0,0.0,0.0,1.1469355,0.7287942,1.1515021,0.0,1.107061,1.0702391,0.9064604,0.0,1.3214046,0.0,0.0,1.0772126,0.8472882,0.0,0.0,0.83405554,0.0,1.1311352,0.8719783,1.1243321,1.2548007,0.0,0.0,0.8485365
0.0,0.0,1.0457661,0.0,1.5021006,0.0,0.0,0.0,1.1909128,1.3575943,1.0881584,0.0,1.1102536,1.2952594,1.3103392,0.0,1.176126,0.0,0.0,1.4234462,1.532815,0.0,0.0,1.3807188,0.0,1.0791953,0.92272663,1.2543446,1.1769783,0.0,0.0,1.0001184
0.0,0.0,1.2131431,0.0,0.9526598,0.0,0.0,0.0,1.5529178,1.3814274,1.5993228,0.0,1.8836238,0.83725196,1.2510927,0.0,0.4212932,0.0,0.0,1.7582366,0.20742804,0.0,0.0,0.71721596,0.0,1.6150521,1.2848705,1.6939217,1.301711,0.0,0.0,1.8139981
0.0,0.0,0.6929871,0.0,0.23926425,0.0,0.0,0.0,0.4142908,0.4065529,0.55455816,0.0,0.6452321,0.27021238,0.6395701,0.0,0.5034137,0.0,0.0,0.6346236,0.78886366,0.0,0.0,0.9939211,0.0,0.20856938,0.79315054,0.63093597,0.4707479,0.0,0.0,0.3938526
0.20630944,0.26338404,0.0,0.1687398,0.0,0.3826938,0.30537617,0.3840667,0.0,0.0,0.0,0.28490537,0.0,0.0,0.0,0.35979193,0.0,0.260194,0.7081997,0.0,0.0,0.34423843,0.2686628,0.0,0.3225813,0.0,0.0,0.0,0.0,0.2636071,0.47028396,0.0
0.0,0.0,0.58474374,0.0,0.29810065,0.0,0.0,0.011067281,0.33879846,0.44038978,0.49583793,0.0,0.25939906,0.18057215,0.7573648,0.0,0.35218868,0.0,0.0,0.3260404,0.7795722,0.0,0.0,0.7469124,0.0,0.260782,0.6776876,0.7257596,0.40317082,0.0,0.0,0.19026524
0.24129154,0.4043964,0.0,0.4703765,0.0,0.52101886,0.4738462,0.8007757,0.0,0.004366018,0.0,0.80455434,0.0,0.0,0.0,0.45330185,0.0,0.48258913,0.66438687,0.0,0.0,0.4588768,0.4731038,0.0,0.5508962,0.0,0.0,0.0,0.0,0.54515624,0.24481776,0.0
0.0,0.0,0.8285558,0.0,0.21157454,0.0,0.0,0.0,0.92109096,0.86974823,1.092068,0.0,1.1405371,0.0266601,0.94683945,0.0,0.0,0.0,0.0,1.1474303,0.05053417,0.0,0.0,0.4953571,0.0,0.8363496,1.0312723,0.7525105,0.97523206,0.0,0.0,1.2885556
0.0,0.0,1.4806923,0.0,1.7611039,0.0,0.0,0.0,1.5873175,1.5185121,1.4041333,0.0,1.3202664,1.4899722,1.5475812,0.0,1.6160119,0.0,0.0,1.5948589,1.4593126,0.0,0.0,1.6523607,0.0,1.425696,1.6319672,1.3977426,1.3663077,0.0,0.0,1.2846433
0.36065143,0.4372701,0.0,0.6190284,0.0,0.3591308,0.6972142,0.6596484,0.0,0.0,0.0,0.5332369,0.0,0.0,0.0,0.70437896,0.0,0.39582068,0.55835515,0.0,0.0,0.4058272,0.56622696,0.0,0.6412622,0.0,0.0,0.0,0.0,0.6495632,0.2083902,0.0
0.0,0.0,1.1686432,0.0,0.7343576,0.0,0.0,0.0,1.3963672,1.1625776,1.4343016,0.0,1.3129275,1.4068539,1.0978708,0.0,1.3446773,0.0,0.0,1.5139167,1.0504528,0.0,0.0,1.3635802,0.0,1.0089716,1.2420899,1.1813723,1.4388173,0.0,0.0,1.2677253
0.0,0.0,1.2832665,0.0,0.21953312,0.0,0.0,0.0,1.0101465,1.0344627,1.0873302,0.0,1.0918336,1.0740383,1.094423,0.0,0.26860985,0.0,0.0,1.0318425,0.33831707,0.0,0.0,0.48222739,0.0,1.3844414,0.7374309,0.73922515,1.3078871,0.0,0.0,0.8897894
0.0,0.0,0.5483719,0.0,0.47290844,0.0,0.0,0.11436699,0.24880074,0.28619635,0.5056203,0.0,0.30345595,0.3493931,0.9729267,0.0,0.64959013,0.023940736,0.0,0.64135444,0.935817,0.0,0.013470069,0.6131851,0.0,0.25963175,0.44254243,0.7011292,0.3262866,0.0,0.0,0.14815396
0.0,0.0,1.039236,0.0,0.52844137,0.0,0.0,0.0,0.9265276,0.17513297,0.43578175,0.0,0.9690763,0.5074364,1.3123897,0.0,1.8131593,0.0,0.19493014,0.55067813,1.9751209,0.0,0.0,0.6442275,0.0,1.2550399,0.8938159,0.64497006,1.3280474,0.0,0.0,0.0
0.0,0.0,1.6756954,0.0,0.6214789,0.0,0.0,0.0,1.500811,1.1420053,1.5027523,0.0,1.2611082,1.6223904,1.3612784,0.0,1.0651834,0.0,0.0,1.1406357,0.47133306,0.0,0.0,1.077794,0.0,1.5768002,0.9913827,1.3817617,1.7632289,0.0,0.0,1.2699665
0.0,0.2722281,0.33645642,0.014121387,0.0,0.12810102,0.24974486,0.16552186,0.4205019,0.12855415,0.32296422,0.23175448,0.25912544,0.24839523,0.3436572,0.19838768,0.25021452,0.0,0.169415,0.49660838,0.3712696,0.051431555,0.33626315,0.2416743,0.02793926,0.12833726,0.30316967,0.24714358,0.44977555,0.37635592,0.035813846,0.08135684
0.0,0.24656743,0.29274318,0.32874626,0.0,0.07414411,0.22953251,0.081539586,0.2242726,0.0,0.30583587,0.24860182,0.26753092,0.04505144,0.4664952,0.3852374,0.06585795,0.0,0.0676387,0.33702794,0.30023056,0.0,0.19696538,0.08312215,0.0776936,0.11698666,0.357714,0.35323876,0.3840714,0.35675225,0.0,0.019903377
0.0,0.0,0.98248625,0.0,0.13670698,0.0,0.0,0.0,0.7150713,0.7371626,0.88496166,0.0,1.1675885,1.206081,0.54002106,0.0,0.69590205,0.0,0.0,0.69546056,0.7544916,0.0,0.0,0.10509306,0.0,0.86899406,1.1391907,0.9808991,1.1396649,0.0,0.0,1.5110954
0.0,0.07365878,0.47709572,0.0,0.32233423,0.0,0.0,0.030833708,0.51867235,0.3175522,0.6521366,0.0,0.397743,0.029875942,0.63127965,0.0,0.17361768,0.0,0.01469177,0.3716195,0.4392758,0.0,0.0,0.3764927,0.0,0.36796606,0.3702526,0.66718197,0.65200937,0.0,0.0,0.1450018
0.0,0.0,2.2773745,0.0,4.56472,0.0,0.0,0.0,3.2292037,3.3593657,3.028318,0.0,1.800309,1.9027613,3.9458814,0.0,2.6583858,0.0,0.0,2.444713,3.2737951,0.0,0.0,4.4731746,0.0,3.768055,2.6510627,4.3108068,2.688037,0.0,0.0,2.3697512
0.0,0.0,1.0997628,0.0,1.0614488,0.0,0.0,0.0,1.1182798,0.98086226,1.062067,0.0,1.0738577,1.1096354,1.1430126,0.0,1.4367274,0.0,0.0,1.1496801,1.1270278,0.0,0.0,1.2199261,0.0,0.838036,0.94286025,1.203201,1.1222302,0.0,0.0,0.9819336
0.0,0.0,1.1952257,0.0,1.1133786,0.0,0.0,0.0,1.4253274,1.4448873,0.9760814,0.0,1.0009328,0.8981812,1.2876735,0.0,0.639263,0.0,0.0,1.2226949,1.1633013,0.0,0.0,1.6231469,0.0,0.85186267,1.1957676,1.3643583,1.281192,0.0,0.0,1.3383204
0.0,0.06961597,0.115755945,0.18615086,0.0,0.16239819,0.18656145,0.16440237,0.050130606,0.01397986,0.11762636,0.104786865,0.16669428,0.14867353,0.038917296,0.13435484,0.2749228,0.0,0.19846168,0.1433956,0.08285033,0.04432727,0.04992246,0.12762667,0.06277072,0.0,0.11010395,0.066450715,0.106929384,0.12398845,0.11193505,0.0
0.0,0.0,1.3807057,0.0,0.33680224,0.0,0.0,0.0,1.3584392,1.1513506,1.3259723,0.0,1.1743042,1.3440645,1.5644914,0.0,0.9133953,0.0,0.0,1.2734191,0.70683914,0.0,0.0,1.0955286,0.0,1.3364791,0.99021834,1.5111318,1.4297231,0.0,0.0,1.1297945
0.3846296,0.55418694,0.0,0.59005237,0.0,0.4130485,0.56300366,0.6456512,0.0,0.0,0.0,0.55886096,0.0,0.0,0.0,0.57302785,0.0,0.4206928,0.58688635,0.0,0.0,0.42530158,0.41290537,0.0,0.57592237,0.0,0.0,0.0,0.0,0.5917699,0.2542712,0.0
0.0,0.0,0.88847053,0.0,0.62699836,0.0,0.0,0.1854164,1.0588148,0.96363443,1.3030536,0.0,1.196858,0.0,1.5138174,0.0,0.0,0.0,0.0,1.6149919,0.0,0.0,0.0,0.0,0.0,1.3363742,1.0923665,1.4894581,1.2765957,0.0,0.0,1.4421977
0.0,0.0,1.399109,0.0,1.4173892,0.0,0.0,0.0,1.3915291,1.2484533,1.3973123,0.0,1.3981241,1.6511058,1.4116046,0.0,1.8612794,0.0,0.0,1.5730113,1.4819531,0.0,0.0,1.2835962,0.0,1.1206081,1.4282135,1.2959944,1.1974989,0.0,0.0,1.2080073
0.0,0.0,1.3664422,0.0,0.2984053,0.0,0.0,0.0,0.85776407,0.91452825,0.99342287,0.0,0.90699095,0.7435023,1.1059971,0.0,0.30165437,0.0,0.0,1.0339519,0.43988067,0.0,0.0,0.5570167,0.0,1.366422,0.48147684,0.955485,1.3193458,0.0,0.0,0.747188
0.0,0.0,1.2823329,0.0,0.5327685,0.0,0.0,0.0,1.5317938,1.5702462,1.2284147,0.0,1.6770732,1.3160442,0.897486,0.0,0.78691345,0.0,0.0,1.7482042,0.44545788,0.0,0.0,0.85562104,0.0,1.4954338,1.1686639,1.1743413,1.073212,0.0,0.0,1.4728838
0.0,0.0,1.0706266,0.0,0.8731457,0.0,0.0,0.0,1.1353266,1.058337,1.0889792,0.0,1.0616386,0.9532764,1.1152037,0.0,0.95023596,0.0,0.0,1.0711716,0.96454006,0.0,0.0,0.91383725,0.0,0.73025703,1.2475135,1.0061921,1.0084256,0.0,0.0,1.0514435
0.0,0.0,1.5018221,0.0,1.236303,0.0,0.0,0.0,1.6013958,1.5424849,1.3106815,0.0,1.5693654,1.4554476,1.3163477,0.0,1.4103926,0.0,0.0,1.7088467,1.1161484,0.0,0.0,1.571816,0.0,1.3982408,1.671246,1.2610637,1.2488605,0.0,0.0,1.3078071
0.0,0.0,1.5218786,0.0,1.8706939,0.0,0.0,0.0,1.1674922,1.6108197,1.1844895,0.0,1.1083992,1.1040872,1.3343405,0.0,1.2364397,0.0,0.0,1.4806308,1.9028957,0.0,0.0,1.6217498,0.0,1.2390054,0.93851435,0.71247816,1.289796,0.0,0.0,0.9213228
0.0,0.11007557,0.14299679,0.0,0.07453698,0.10003429,0.12009969,0.1390707,0.11053573,0.17044602,0.25076234,0.23718129,0.3012796,0.31908214,0.13829869,0.02701046,0.16658962,0.19576432,0.24971995,0.44344375,0.09067881,0.027759448,0.18906085,0.0,0.13262486,0.2949434,0.041057162,0.1480065,0.20601362,0.20189384,0.0,0.1039593
0.0,0.0,1.0814022,0.0,1.2582415,0.0,0.0,0.0,1.7261109,1.3793492,1.7953781,0.0,0.8811161,1.4817104,1.5151043,0.0,1.4532188,0.0,0.0,1.7845005,1.3877937,0.0,0.0,1.2750528,0.0,1.2910182,1.2261924,1.292801,1.6328732,0.0,0.0,1.3505363
0.0,0.0,1.1812378,0.0,0.7803721,0.0,0.0,0.0,1.7130251,1.6872833,1.3297809,0.0,1.5185351,1.6108885,0.9824021,0.0,0.5575503,0.0,0.0,1.6465297,0.5220312,0.0,0.0,0.8278451,0.0,1.4910386,1.0769547,1.1483958,1.2346678,0.0,0.0,1.8261665
0.0,0.0,1.4381825,0.0,1.6906434,0.0,0.0,0.0,1.4810684,1.6570257,1.2977325,0.0,1.3832517,1.7544928,1.4675881,0.0,1.579063,0.0,0.0,1.7751912,1.6984174,0.0,0.0,1.7306268,0.0,1.3459065,1.1580175,1.5696049,1.2260785,0.0,0.0,1.3250707
0.0,0.0,0.9443711,0.0,0.539234,0.0,0.0,0.0,1.0262694,1.2200125,0.9924899,0.0,1.257381,0.99425507,0.6754168,0.0,0.8609026,0.0,0.0,1.0449666,0.5060797,0.0,0.0,0.7638801,0.0,0.75781786,1.0404282,0.90306413,0.92561185,0.0,0.0,1.3956153
0.0,0.0,1.2835884,0.0,0.75444174,0.0,0.0,0.0,1.5012985,1.4250431,1.4199398,0.0,1.837901,1.2011167,0.9639429,0.0,0.93436056,0.0,0.0,1.6616796,0.50730264,0.0,0.0,0.85593325,0.0,1.3848897,1.2477329,1.2158719,1.1720487,0.0,0.0,1.6401037
0.0,0.0,0.7419481,0.0,0.43148637,0.0,0.0,0.0,0.79982716,0.3972333,0.87212163,0.0,0.7607474,0.6073144,0.51667213,0.0,0.9354024,0.0,0.0,0.8573456,0.41362378,0.0,0.0,0.43736118,0.0,0.760975,0.6951211,0.7773515,0.8664655,0.0,0.0,0.47966975
0.0,0.20224905,0.44867256,0.0,0.026947668,0.041019853,0.115882255,0.121032424,0.49747264,0.13268462,0.48433533,0.21490468,0.55750686,0.3662671,0.56079805,0.013748348,0.28284135,0.0,0.0,0.57525456,0.35264835,0.0,0.17093298,0.16910352,0.0,0.2569276,0.5047285,0.42852306,0.5606696,0.2672342,0.0,0.32500136
0.45366377,0.5277628,0.0,0.6444676,0.0,0.46238294,0.6357807,0.6472428,0.0,0.0,0.0,0.6321333,0.0,0.0,0.0,0.6816246,0.0,0.31854355,0.5785281,0.0,0.0,0.37352204,0.44156268,0.0,0.6946542,0.0,0.0,0.0,0.0,0.6475339,0.33999574,0.0
0.0,0.0,1.2446897,0.0,1.4450244,0.0,0.0,0.0,1.6652048,1.318822,1.2032533,0.0,1.0566627,1.5353633,1.4019585,0.0,1.443854,0.0,0.0,1.5231124,1.1104805,0.0,0.0,1.1827226,0.0,1.3445532,1.3960515,1.605156,1.2288764,0.0,0.0,1.315238
0.0,0.0,0.9503436,0.0,0.74911636,0.0,0.0,0.0,1.2616687,1.1851586,1.2458724,0.0,1.3545725,0.8062229,0.96973366,0.0,0.5262375,0.0,0.0,1.3295902,0.23894948,0.0,0.0,0.56517357,0.0,1.1511328,1.0153191,1.3968884,1.0571324,0.0,0.0,1.2715874
0.0,0.0,1.1146507,0.0,0.643306,0.0,0.0,0.0,1.6181483,1.4761833,1.5477479,0.0,1.8116875,0.3376228,1.281082,0.0,0.0,0.0,0.0,1.6914634,0.028190896,0.0,0.0,0.9734547,0.0,1.3115699,1.6576208,1.6434202,1.5277339,0.0,0.0,1.9558495
0.0,0.0,1.2581348,0.0,1.6045523,0.0,0.0,0.0,1.6715144,1.6949939,1.4353584,0.0,0.7425654,1.0817846,1.3927301,0.0,0.98926467,0.0,0.0,1.5223615,1.3479533,0.0,0.0,1.9392103,0.0,1.5571172,1.0405701,1.0976068,1.8675982,0.0,0.0,1.0442462
0.0,0.0,0.6469048,0.0,0.0,0.0,0.0,0.0,0.65967596,0.5798703,0.29945165,0.0,0.7409331,0.8123439,0.0,0.0,0.91063,0.0,0.0,0.6652419,0.52672035,0.0,0.0,0.786038,0.0,0.57980686,0.5163377,0.0,0.6293846,0.0,0.0,0.55665386
0.40511274,0.5077844,0.0,0.6116814,0.0,0.39865962,0.63415176,0.7009711,0.0,0.0,0.0,0.5537069,0.0,0.0,0.0,0.69751596,0.0,0.33060738,0.5681755,0.0,0.0,0.32797423,0.4685125,0.0,0.6550318,0.0,0.0,0.0,0.0,0.6022032,0.324356,0.0
0.0,0.0,0.9527327,0.0,1.330915,0.0,0.0,0.0,1.2384435,1.2892792,1.2411631,0.0,1.0812588,0.807119,1.1360784,0.0,0.76643455,0.0,0.0,1.1690899,1.3700316,0.0,0.0,1.2860285,0.0,0.9009578,1.0370061,1.2631844,1.3524271,0.0,0.0,1.0566709
0.0,0.0,1.0260296,0.0,0.74647224,0.0,0.0,0.0,1.028185,1.2596385,0.9250275,0.0,0.97037804,1.2927347,0.46248865,0.0,0.8915011,0.0,0.0,1.0748001,0.7756929,0.0,0.0,1.0492165,0.0,1.1797119,0.34994406,0.4882887,0.7749156,0.0,0.0,0.8709322
0.0,0.0055462047,0.35596433,0.0,0.0,0.0,0.27849358,0.0,0.68579143,0.5650975,1.1079526,0.0,0.5128591,0.33507124,0.89005196,0.0,0.18131989,0.0,0.3214387,1.2075539,0.08559355,0.07531591,0.0,0.5271801,0.0,0.529837,0.42784858,0.8612227,0.6730559,0.1662299,0.055103205,0.44517875
0.0,0.0,1.1440315,0.0,1.3655349,0.0,0.0,0.0,1.0835085,1.3456464,1.0491078,0.0,1.0695125,1.3726307,1.38125,0.0,1.5976624,0.0,0.0,1.5851023,1.463592,0.0,0.0,1.7836128,0.0,1.2133944,1.014575,1.5046978,0.92674035,0.0,0.0,0.8244245
0.23829088,0.41568422,0.0,0.35525158,0.0,0.37794018,0.35279423,0.50062066,0.0,0.025525536,0.0,0.30076027,0.034257047,0.053570177,0.0,0.27047503,0.0,0.2886393,0.3667379,0.1420163,0.0,0.2143172,0.37607282,0.0,0.4426927,0.0,0.0,0.03284745,0.0,0.41550973,0.27004936,0.022578575
0.0,0.0,1.0247331,0.0,1.199835,0.0,0.0,0.0,1.8339431,1.8095807,2.4728296,0.0,1.7656714,1.1658566,1.6100767,0.0,0.50395906,0.0,0.0,2.228129,0.24520555,0.0,0.0,1.4019911,0.0,1.8807901,1.2364053,1.8212514,1.808731,0.0,0.0,1.7479346
0.0,0.0,0.46945152,0.0,0.4897977,0.0,0.0,0.0995337,0.45848352,0.37094322,0.60301226,0.0,0.33259848,0.23932001,0.7817233,0.0,0.49704614,0.0,0.0,0.6180466,0.7142334,0.0,0.0,0.60032004,0.0,0.27987278,0.44467705,0.68667835,0.5184613,0.0,0.0,0.09844475
0.069970086,0.17425665,0.09059195,0.305703,0.0,0.029432654,0.15599,0.106793255,0.0,0.13740945,0.0,0.09083523,0.09752515,0.1857301,0.0,0.14309217,0.096165314,0.0047634393,0.22172251,0.22522551,0.10779758,0.129828,0.0,0.013762116,0.21933834,0.004568681,0.0,0.0,0.0,0.1858125,0.15406077,0.140923
0.0,0.0,1.0103287,0.0,0.8014536,0.0,0.0,0.0,1.1487739,1.0921865,1.0905387,0.0,1.2188525,0.9277825,0.90698075,0.0,0.5786159,0.0,0.0,1.205205,0.38842085,0.0,0.0,0.61382586,0.0,1.0817653,0.8404823,1.2563635,0.9507354,0.0,0.0,1.2985065
0.0,0.031310745,0.6475034,0.0,0.49557614,0.0,0.0,0.0,0.8119493,0.55382985,0.56531894,0.0,0.66976374,0.8554518,0.74356693,0.0,0.58874726,0.0,0.0,0.79509854,0.5097444,0.0,0.0,0.5255738,0.0,0.6560329,0.441428,0.8514519,0.7910008,0.0,0.0,0.65664685
0.0,0.0,0.96755135,0.0,0.5712513,0.0,0.0,0.0,1.1097212,1.4174012,1.0395738,0.0,1.4791155,0.96519125,0.81605136,0.0,0.23698686,0.0,0.0,1.6567031,0.3322126,0.0,0.0,0.757376,0.0,1.3221308,0.91064984,0.9797114,0.8290153,0.0,0.0,1.4370822
1.236603,1.5468596,0.0,1.339692,0.0,1.1277691,1.1750408,1.2453617,0.0,0.0,0.0,1.378254,0.0,0.0,0.0,1.4864899,0.0,1.3497839,1.4037962,0.0,0.0,1.199552,1.1808367,0.0,1.4710356,0.0,0.0,0.0,0.0,1.341572,1.2321593,0.0
0.15473995,0.10328825,0.16595688,0.04871668,0.14713468,0.1997981,0.09037197,0.26665032,0.0,0.0,0.12464856,0.21108903,0.043867365,0.31402665,0.48210093,0.022663653,0.39676502,0.2217264,0.29412696,0.19797254,0.5290549,0.10178628,0.3886723,0.2242567,0.12680879,0.0,0.09928878,0.38693368,0.0,0.25303164,0.06762895,0.0
0.73506564,1.3770915,0.0,0.8518435,0.0,0.97842425,1.0147226,0.93595654,0.0,0.0,0.0,1.0652971,0.0,0.0,0.0,1.0638285,0.0,1.1091808,1.1044824,0.0,0.0,0.9490641,1.226517,0.0,0.91788757,0.0,0.0,0.0,0.0,1.0330099,1.0314665,0.0
1.1534667,1.5990808,0.0,1.3880322,0.0,0.9709621,1.2576089,1.1978387,0.0,0.0,0.0,1.2714225,0.0,0.0,0.0,1.4871053,0.0,1.2009774,1.3526049,0.0,0.0,1.2914611,1.2204841,0.0,1.5093087,0.0,0.0,0.0,0.0,1.3154252,1.1083947,0.0
0.0,0.0,1.4735656,0.0,0.87644935,0.0,0.0,0.0,1.6291054,1.5812861,1.3439933,0.0,1.5829105,1.7013311,1.60631,0.0,1.2211473,0.0,0.0,1.1247257,1.113376,0.0,0.0,1.193028,0.0,1.1135414,1.8405411,2.2761962,1.6651822,0.0,0.0,2.166827
0.0,0.0,1.6118621,0.0,3.8348048,0.0,0.0,0.0,4.5137815,5.32805,4.478267,0.0,4.121037,4.2499104,1.8446684,0.0,3.0447602,0.0,0.0,4.4554358,0.4969589,0.0,0.0,2.8923447,0.0,3.5326827,4.323233,4.108312,2.3545856,0.0,0.0,3.7920954
0.0,0.0,1.4827752,0.0,1.0623014,0.0,0.0,0.0,1.569567,1.4435992,1.4219786,0.0,1.7192249,1.5772856,1.2426692,0.0,1.6808114,0.0,0.0,1.824366,1.2644681,0.0,0.0,1.5719386,0.0,1.1557869,1.4842967,1.4625087,1.2536252,0.0,0.0,1.4945737
0.0,0.0,1.3679157,0.0,1.4072055,0.0,0.0,0.0,1.5343456,1.2854687,1.4395052,0.0,1.2566868,1.1553674,1.2848508,0.0,1.3412948,0.0,0.0,1.1935053,1.1466788,0.0,0.0,1.3167894,0.0,1.0666101,1.6725286,1.3093158,1.4074932,0.0,0.0,1.2340001
0.0,0.0,1.1378162,0.0,1.6551144,0.0,0.0,0.0,1.4666945,1.958251,1.3594338,0.0,0.93774563,1.2786003,0.94368917,0.0,1.3912342,0.0,0.0,1.0429907,1.3478703,0.0,0.0,1.4219005,0.0,1.3567365,1.2776254,1.0814173,1.2319075,0.0,0.0,1.4925804
0.0,0.0,0.94748306,0.0,0.8564916,0.0,0.0,0.0,1.1086518,1.2186873,1.084802,0.0,0.9907263,1.0870935,0.7770415,0.0,1.2649754,0.0,0.0,0.79387873,1.0108144,0.0,0.0,0.98003584,0.0,0.80666345,1.0803732,0.90713394,1.0195041,0.0,0.0,1.3322281
0.0,0.0,1.3149152,0.0,1.3562071,0.0,0.0,0.0,1.5559231,1.7469404,1.2901623,0.0,1.2453274,1.442081,1.1200141,0.0,1.21177,0.0,0.0,1.3198828,1.2637366,0.0,0.0,1.407943,0.0,1.0705589,1.6169219,1.0362823,1.3297474,0.0,0.0,1.6552312
1.4363263,1.7955177,0.0,1.702245,0.0,1.2742285,1.5920409,1.3538767,0.0,0.0,0.0,1.5288855,0.0,0.0,0.0,1.6087941,0.0,1.4644277,1.5744476,0.0,0.0,1.4311842,1.2022051,0.0,1.6750114,0.0,0.0,0.0,0.0,1.5077672,1.478048,0.0
0.0,0.0,1.2125851,0.0,0.6837665,0.0,0.0,0.0,0.8454115,0.63613755,1.022162,0.0,1.0003892,0.8419122,1.6439215,0.0,1.2429128,0.0,0.0,0.8203018,1.3473929,0.0,0.0,0.9234569,0.0,1.4483167,1.2290221,1.0477252,0.94635135,0.0,0.0,0.45365387
1.2778883,1.3530501,0.0,1.4353031,0.0,1.3187615,1.673357,1.2105356,0.0,0.0,0.0,1.7618164,0.0,0.0,0.0,1.7605479,0.0,1.5288572,1.4478691,0.0,0.0,1.6091329,1.3911196,0.0,1.8709202,0.0,0.0,0.0,0.0,1.480574,1.3988107,0.0
0.0,0.0,0.59130335,0.0,0.0,0.0,0.0,0.10416622,0.27691478,0.20828694,0.45036107,0.0,0.53586656,0.3026365,0.69907194,0.0,0.5803724,0.0,0.15924042,0.6617813,0.6993076,0.023310207,0.0,0.36339512,0.0,0.11796108,0.62484014,0.3643187,0.33622396,0.0,0.0,0.2043111
0.0,0.0,0.48795155,0.0,0.45038217,0.0,0.0,0.0,0.33615398,0.72245896,0.6383599,0.0,0.86676794,0.4134572,0.57461166,0.0,0.0,0.0,0.0,0.9212842,0.13374768,0.0,0.103675105,0.0,0.0,1.0555718,0.27683496,0.117090136,0.63808423,0.0,0.0,0.52513224
0.0,0.0,1.569466,0.0,0.7880576,0.0,0.0,0.0,1.0364256,1.6234143,0.9627554,0.0,1.7011417,1.2829432,1.1412332,0.0,0.07260087,0.0,0.0,1.0039597,0.6195639,0.0,0.0,0.19174409,0.0,1.9428153,1.618025,1.2367753,1.4436094,0.0,0.0,1.9042155
0.0,0.0,1.0501919,0.0,0.54067063,0.0,0.0,0.0,1.2288297,1.1608777,1.2719061,0.0,1.5490277,0.9196055,0.82454437,0.0,0.61259353,0.0,0.0,1.2361621,0.4181243,0.0,0.0,0.70601827,0.0,1.1361984,1.1790687,0.9040057,1.1116991,0.0,0.0,1.408929
0.0,0.0,0.92053854,0.0,0.83602345,0.0,0.0,0.0,1.0245376,0.7902362,0.92174804,0.0,0.76614577,0.8481518,0.9604331,0.0,1.1445186,0.0,0.0,0.8391065,1.0042356,0.0,0.0,0.8827132,0.0,0.6806953,0.9581554,0.6695949,1.0631105,0.0,0.0,0.85829645
0.0,0.0,2.0537484,0.0,0.97162753,0.0,0.0,0.0,2.1459422,2.2047856,1.7845075,0.0,2.1922016,2.0291116,2.3453054,0.0,0.58102906,0.0,0.0,1.6307704,0.6750084,0.0,0.0,1.1838646,0.0,1.7225153,2.4140272,2.5212522,1.8377142,0.0,0.0,2.7808638
0.0,0.0,1.258439,0.0,1.9131902,0.0,0.0,0.0,1.4225574,1.7288032,1.0944275,0.0,0.83299905,0.99249643,1.4544215,0.0,1.1066169,0.0,0.0,1.383592,1.551213,0.0,0.0,1.7810973,0.0,1.3697271,1.067563,1.174533,1.459583,0.0,0.0,1.1110842
1.1049184,1.5484196,0.0,1.197907,0.0,1.59563,1.4160116,1.1687914,0.0,0.0,0.0,1.3568631,0.0,0.0,0.0,1.0846759,0.0,1.6639354,1.3621378,0.0,0.0,1.4558154,1.1160289,0.0,1.4323591,0.0,0.0,0.0,0.0,1.2047304,1.3898153,0.0
0.98286766,1.4800287,0.0,1.0054129,0.0,1.6600425,1.3103662,1.0393875,0.0,0.0,0.0,1.2359333,0.0,0.0,0.0,0.9927986,0.0,1.6765717,1.2806967,0.0,0.0,1.4157653,1.1777672,0.0,1.3653703,0.0,0.0,0.0,0.0,1.1832325,1.354562,0.0
1.1511784,1.2514197,0.0,1.0939778,0.0,0.91667444,1.0017257,1.0223626,0.0,0.0,0.0,1.1317755,0.0,0.0,0.0,1.0337616,0.0,1.0241009,1.1090422,0.0,0.0,0.8319508,0.79630613,0.0,1.114149,0.0,0.0,0.0,0.0,1.1649635,0.9079335,0.0
0.0,0.0,1.5657433,0.0,1.5084159,0.0,0.0,0.0,1.1900247,1.811612,0.9771921,0.0,1.4398813,1.2403142,1.848457,0.0,0.110686496,0.0,0.0,1.1496184,0.91963714,0.0,0.0,0.83129746,0.0,2.185827,1.9765319,1.3672161,1.5077156,0.0,0.0,1.785513
0.96749884,0.9178723,0.0,0.8268847,0.0,0.875744,1.1050423,1.1295242,0.0,0.0,0.0,1.2300076,0.0,0.0,0.0,1.3801693,0.0,1.1477101,1.2722394,0.0,0.0,1.0024427,0.8782332,0.0,1.1305033,0.0,0.0,0.0,0.0,0.8923471,0.93445617,0.0
0.0,0.0,1.4623908,0.0,0.8650139,0.0,0.0,0.0,1.434419,1.3040495,1.1707217,0.0,1.5850495,1.6060529,0.85884863,0.0,1.7369405,0.0,0.0,1.6113535,1.1723477,0.0,0.0,1.5404892,0.0,1.2748969,1.2259407,0.9776181,1.2564582,0.0,0.0,1.3916667
0.0,0.19203654,0.43425894,0.0,0.0,0.046403263,0.0,0.14860268,0.18633941,0.15507433,0.19008833,0.023223303,0.27299422,0.22282505,0.5437898,0.0,0.33426964,0.0,0.14146005,0.44738957,0.6437607,0.0,0.0,0.3777974,0.013450593,0.0,0.4498012,0.1664654,0.2490226,0.06595423,0.0,0.05056437
0.0,0.0,0.646361,0.0,0.32566768,0.0,0.0,0.0,0.61616135,0.2270003,0.4497981,0.0,0.5710278,0.73306435,0.6687507,0.0,0.8688625,0.0,0.20294285,0.67053324,0.78670657,0.0,0.0,0.7290976,0.0,0.5152892,0.4492088,0.64263266,0.7154922,0.0,0.0,0.45206374
0.0,0.0,1.5470307,0.0,2.0616913,0.0,0.0,0.0,1.7606249,1.7739248,1.6152942,0.0,1.3866783,1.6941365,1.6950458,0.0,1.5409025,0.0,0.0,1.8068622,1.6228602,0.0,0.0,1.6317943,0.0,1.52567,1.7037619,1.4007889,1.4161235,0.0,0.0,1.326872
0.0,0.0,0.7976152,0.0,0.2595176,0.0,0.0,0.0,0.6856505,0.44656134,0.7550859,0.0,0.7631056,0.46263197,0.73331225,0.0,0.9016884,0.0,0.0,0.7708104,0.43319765,0.0,0.0,0.8184104,0.0,0.4940343,0.7742819,0.9875393,0.7027005,0.0,0.0,0.38491172
0.65459836,0.28948054,0.0,0.0,0.0,0.5481022,0.0,0.3764062,0.36827236,0.0,0.39584348,0.30688283,0.0,0.0,0.48662814,0.29961205,0.0,0.4682411,0.4367426,0.0,0.8593819,0.21701775,1.0012176,0.2590644,0.0,0.0,0.0,0.2245183,0.3392955,0.5025875,0.4002564,0.0
0.36857128,0.0,0.0,0.0,0.10997838,0.2315976,0.5539904,0.20946713,0.0,0.08810376,0.0,0.6572906,0.27562147,0.51189697,0.0,0.0,0.23911048,0.9818012,0.5393003,0.07386842,0.35505548,0.5073137,0.18498047,0.0,0.15657529,0.67567927,0.0,0.0,0.20119563,0.24116087,0.29850298,0.0
0.2896421,0.024075657,0.10407379,0.16525762,0.0,0.046901762,0.105149955,0.29330796,0.010923736,0.13444091,0.13592736,0.06437181,0.0,0.0,0.052512147,0.16322179,0.021454766,0.0,0.15233661,0.0,0.09248382,0.0,0.0,0.16025868,0.14693901,0.0,0.10410815,0.12725633,0.13465932,0.0,0.0,0.0
1.5785341,1.7706903,0.0,1.5684248,0.0,1.4968318,1.5103996,1.3821528,0.0,0.0,0.0,1.4560386,0.0,0.0,0.0,1.4686548,0.0,1.3050845,1.5457283,0.0,0.0,1.3398355,1.0534381,0.0,1.5870312,0.0,0.0,0.0,0.0,1.5069288,1.2752874,0.0
1.3947927,1.695531,0.0,1.5374098,0.0,1.0692664,1.474815,1.3139237,0.0,0.0,0.0,1.4995029,0.0,0.0,0.0,1.7255293,0.0,1.4174308,1.5461594,0.0,0.0,1.3796878,1.3806928,0.0,1.6845063,0.0,0.0,0.0,0.0,1.4965587,1.434468,0.0
0.0,0.2610324,0.68688357,0.0,0.0,0.0,0.0,0.0,0.6543777,0.4968032,0.3713074,0.0,0.19437602,0.5730545,0.0034275874,0.0,0.0,0.0,0.10968782,0.116289034,0.0,0.83934736,0.0,0.0,0.0,1.5271395,0.3452959,0.0,1.0253632,0.3876417,0.0,0.026538938
0.23748259,0.97042376,0.0,0.437268,0.0,0.66788715,0.6380301,0.40108973,0.0,0.0,0.0,0.58182985,0.0,0.0,0.04291845,0.65376145,0.0,0.5988346,0.44950143,0.0,0.0,0.6335933,1.0700175,0.0,0.51789725,0.0,0.0,0.0,0.0,0.92273766,0.6676275,0.0
0.9292334,0.81135255,0.0,0.7939042,0.0,1.009678,1.2180765,1.1450105,0.0,0.0,0.0,1.160171,0.0,0.0,0.0,1.1293353,0.0,1.2526323,1.0324188,0.0,0.0,1.0828584,0.885211,0.0,1.0915128,0.0,0.0,0.0,0.0,0.9401764,0.8916957,0.0
0.0,0.0,0.6046351,0.0,0.10325036,0.0,0.0,0.0,0.41862935,0.34167498,1.0674562,0.0,0.4076677,0.30100897,0.98445696,0.0,0.67540574,0.0,0.23559824,0.9155866,0.9690027,0.0,0.0,1.0229851,0.0,0.4697907,0.5754755,0.61736,0.80131936,0.0,0.0,0.06644705
0.0,0.0,0.93340266,0.0,0.732603,0.0,0.0,0.0,1.1197577,0.8295946,1.3700367,0.0,0.65561634,0.9398229,1.6278813,0.0,1.3678255,0.0,0.0,1.460927,1.4556861,0.0,0.0,1.7768267,0.0,0.9529445,0.98597586,1.2419962,1.324787,0.0,0.0,0.30476528
0.0,0.0,1.0594378,0.0,2.452719,0.0,0.0,0.0,1.8208987,2.7907045,1.8682833,0.0,1.0138173,0.7863066,2.2961893,0.0,0.92877364,0.0,0.0,2.1487498,1.000747,0.0,0.0,2.1970484,0.0,2.60752,1.17831,2.763982,1.5339041,0.0,0.0,1.9850981
0.0,0.0,1.775499,0.0,0.60753,0.0,0.0,0.0,1.4059366,1.3135475,1.2450331,0.0,1.1853579,1.2858343,1.7160348,0.0,0.8173482,0.0,0.0,1.0362128,0.576879,0.0,0.0,1.1765404,0.0,1.5957729,1.2621039,1.9287804,1.4271054,0.0,0.0,1.4137973
0.0,0.0,1.9168973,0.0,0.886537,0.0,0.0,0.0,1.3810525,1.3150393,1.651516,0.0,0.9526104,1.2793833,1.9983926,0.0,1.4823261,0.0,0.0,1.3117144,0.9111886,0.0,0.0,1.7886041,0.0,1.3590202,1.2068511,1.9471645,1.6095642,0.0,0.0,1.0409971
0.0,0.0,0.9306387,0.0,0.86041385,0.0,0.0,0.0,1.0179485,1.21379,1.0440314,0.0,1.0358655,0.7921206,1.2421262,0.0,0.74803025,0.0,0.0,1.1807152,1.0658969,0.0,0.0,1.4163924,0.0,0.6647497,1.191817,1.3271129,0.85218745,0.0,0.0,0.8671269
0.0,0.0,1.0829418,0.0,0.9250323,0.0,0.0,0.0,1.4223945,1.101943,1.5177011,0.0,0.68985564,0.7871872,1.7759241,0.0,1.1486714,0.0,0.0,1.3131874,1.3706348,0.0,0.0,1.893376,0.0,1.2767779,1.2608763,1.6713203,1.5266736,0.0,0.0,0.610228
0.0,0.0,0.93228114,0.0,1.2700403,0.0,0.0,0.0,0.8826717,1.4013137,1.1383789,0.0,1.0624614,1.0719539,1.1677883,0.0,1.3164039,0.0,0.0,1.2869006,1.3917432,0.0,0.0,0.79246575,0.0,0.91932863,0.94043815,0.91393167,0.87123644,0.0,0.0,1.2033454
0.018947896,0.01495529,0.0,0.03864679,0.0,0.6319279,0.36968303,0.54511595,0.0,0.0,0.0,0.39592528,0.0,0.0,0.0,0.25773612,0.0,0.16112067,0.21335094,0.0,0.032055464,0.0,0.30531344,0.0,0.09950127,0.0,0.022766456,0.0,0.0,0.22002,0.42838553,0.0
0.0,0.0,1.1895617,0.0,1.2685505,0.0,0.0,0.0,1.3835157,0.9892825,1.3045794,0.0,1.0789006,0.9201149,1.229234,0.0,1.4022219,0.0,0.0,1.1155788,0.9893902,0.0,0.0,1.193884,0.0,1.0697526,1.456565,1.3398991,1.353681,0.0,0.0,1.0269257
0.0,0.0,1.0098699,0.0,0.8230149,0.0,0.0,0.0,0.9017305,0.9927598,0.96143615,0.0,0.8682903,0.9039595,1.1166518,0.0,1.1746854,0.0,0.0,1.1185788,1.25793,0.0,0.0,1.1078914,0.0,0.6541689,0.9913432,0.8368859,0.86942154,0.0,0.0,0.68785065
0.0,0.0,1.0080558,0.0,0.83757055,0.0,0.0,0.0,0.8232309,0.55144763,1.0290271,0.0,0.7907644,0.70632976,1.319886,0.0,1.2849032,0.0,0.0,0.9202844,1.0583098,0.0,0.0,0.9892181,0.0,0.6589092,0.9783551,1.2402711,0.81562096,0.0,0.0,0.51586074
0.0,0.0,0.8263552,0.0,0.37829775,0.0,0.0,0.0,1.0812644,0.9718597,1.2692902,0.0,1.2871778,0.06584964,1.0934027,0.0,0.0,0.0,0.0,1.2833874,0.0,0.0,0.033758607,0.45249215,0.0,0.9966038,1.1272503,1.212545,1.1088977,0.0,0.0,1.3278835
0.0,0.0,1.5544168,0.0,0.97385126,0.0,0.0,0.0,1.2821077,1.1402556,1.4699725,0.0,1.023737,1.4846364,1.9830512,0.0,1.6866301,0.0,0.0,1.4046628,1.0866525,0.0,0.0,1.7112354,0.0,1.142945,1.2062818,1.852435,1.5429107,0.0,0.0,0.93724006
0.0,0.0,1.508983,0.0,1.1403018,0.0,0.0,0.0,1.5083635,1.2616131,1.2816077,0.0,1.0704252,1.34483,1.9422249,0.0,1.0025394,0.0,0.0,0.9718028,0.93406093,0.0,0.0,1.4196945,0.0,1.1802797,1.4899585,2.2605045,1.5128205,0.0,0.0,1.3189085
0.0,0.0,0.9983585,0.0,1.1523407,0.0,0.0,0.0,1.1481129,1.1248503,1.155817,0.0,0.63163406,0.6997048,1.5166397,0.0,1.0210142,0.0,0.0,0.95224154,1.3471535,0.0,0.0,1.4830948,0.0,0.9203878,1.1584548,1.514843,1.0716063,0.0,0.0,0.6299759
0.0,0.0,2.0226655,0.0,1.1789837,0.0,0.0,0.0,1.6184753,1.9033678,2.1054308,0.0,0.99516684,1.1247475,2.567812,0.0,1.9900123,0.0,0.0,1.847058,1.5101247,0.0,0.0,2.3499262,0.0,1.7851572,1.5684444,2.5014098,1.7263825,0.0,0.0,1.066903
0.0,0.0,0.588819,0.0,0.0,0.0,0.0,0.0,0.4185176,0.34718403,0.5560172,0.0,0.57633203,0.21369603,0.27417186,0.0,0.5477938,0.0,0.0,0.4510769,0.25778413,0.0,0.0,0.5706406,0.0,0.25633445,0.5615686,0.39748716,0.473702,0.0,0.0,0.30430907
0.0,0.0,1.3035716,0.0,0.34967953,0.0,0.0,0.0,1.3173894,1.4288813,1.2742633,0.0,1.3974156,1.6731797,1.2205802,0.0,1.0394975,0.0,0.0,0.9957487,1.1514956,0.0,0.0,1.2631881,0.0,1.1544151,1.6219225,1.5244524,1.1882224,0.0,0.0,1.6773993
0.0,0.0,1.0234398,0.0,1.0331646,0.0,0.0,0.0,1.2295802,1.1885501,1.0202415,0.0,0.710489,0.637832,1.3867724,0.0,0.754032,0.0,0.0,1.0164857,1.0505465,0.0,0.0,1.7595081,0.0,0.87635094,1.0656374,1.4464291,1.1631176,0.0,0.0,0.8984442
0.0,0.0,1.2154979,0.0,0.6002863,0.0,0.0,0.0,1.2507107,0.82630855,1.2403427,0.0,1.2745713,1.1388063,1.0024786,0.0,1.6804254,0.0,0.0,1.0978203,1.2124429,0.0,0.0,1.2242568,0.0,1.266483,1.1684718,1.3014069,1.0902021,0.0,0.0,0.97978735
0.0,0.0,0.74983513,0.0,0.35604644,0.0,0.0,0.0,0.8520275,0.6878398,0.7738389,0.0,0.6776702,0.4469167,0.5316491,0.0,0.7709429,0.0,0.0,0.5933311,0.44841003,0.0,0.0,0.9170353,0.0,0.64208406,0.7160362,0.65826964,0.943129,0.0,0.0,0.48113567
0.0,0.0,1.1390337,0.0,0.71526456,0.0,0.0,0.0,1.1832585,0.8271702,1.0757039,0.0,1.2093049,1.1719732,0.8751377,0.0,1.5642408,0.0,0.0,1.1784649,0.7244706,0.0,0.0,1.1813327,0.0,0.9478302,1.0769826,1.2266517,1.1190253,0.0,0.0,1.0399678
0.0,0.0,0.7423643,0.0,0.50540197,0.0,0.0,0.0,0.9599979,0.75874776,0.86682516,0.0,0.90422344,0.5469897,0.6259603,0.0,0.22253126,0.0,0.0,0.7844892,0.5478281,0.0,0.0,0.80839676,0.0,0.63059515,0.80448234,0.7656004,1.0393984,0.0,0.0,0.8680449
0.0,0.0,1.5342972,0.0,2.4195158,0.0,0.0,0.0,1.8224839,2.3851478,1.8554817,0.0,1.5001718,1.5617976,2.1519065,0.0,1.6611911,0.0,0.0,1.998549,2.0735755,0.0,0.0,2.7618098,0.0,1.875393,1.6803869,2.192723,1.4628022,0.0,0.0,1.3274169
0.0,0.0,1.3827034,0.0,1.1076894,0.0,0.0,0.0,1.4325768,1.5841464,1.1541108,0.0,1.4472166,1.5603045,0.99331677,0.0,1.3589581,0.0,0.0,1.5033351,1.0538654,0.0,0.0,1.2855064,0.0,1.1232347,1.2970482,1.0882275,1.2489612,0.0,0.0,1.5916582
0.0,0.0,1.1270596,0.0,0.89568514,0.0,0.0,0.0,1.1211699,0.652389,1.0578667,0.0,1.0266751,0.6451406,1.2540022,0.0,1.224237,0.0,0.0,1.0576451,0.84196514,0.0,0.0,1.0872717,0.0,0.8315937,1.2239972,1.3514429,1.1889337,0.0,0.0,0.8808307
0.0,0.0,0.58673286,0.0,0.47083837,0.0,0.0,0.47362584,0.5311355,0.5586462,0.570116,0.116036326,0.4849077,0.029383905,1.0090905,0.0,0.3370676,0.0,0.0,0.76706874,0.7056322,0.0,0.0,0.5360279,0.0,0.3525198,0.6481895,0.5939764,0.7100655,0.0,0.0,0.16652206
0.0,0.0,1.5634235,0.0,2.1437864,0.0,0.0,0.0,1.9945784,1.6385044,1.3759176,0.0,0.9043908,0.5499599,1.8598326,0.0,0.4393278,0.0,0.0,1.3509477,1.2280768,0.0,0.0,1.8170812,0.0,1.6166372,2.0935793,1.5194378,1.9965607,0.0,0.0,1.349411
1.3807385,1.8145163,0.0,1.6733459,0.0,1.2192892,1.5891331,1.0342165,0.0,0.0,0.0,1.4901031,0.0,0.0,0.0,1.7467091,0.0,1.4141164,1.4990106,0.0,0.0,1.4093449,1.4972942,0.0,1.706381,0.0,0.0,0.0,0.0,1.5056341,1.6053548,0.0
0.0,0.0,2.087593,0.0,1.4240617,0.0,0.0,0.0,1.8025545,1.8073943,2.0981195,0.0,1.1595165,1.583896,2.299664,0.0,2.0825944,0.0,0.0,1.9098161,1.3498293,0.0,0.0,2.4945138,0.0,1.6742761,1.662699,2.503043,2.0945559,0.0,0.0,1.5076158
1.6324114,1.8795995,0.0,1.5644932,0.0,1.3646297,1.3871536,1.4180356,0.0,0.0,0.0,1.4889867,0.0,0.0,0.0,1.5725657,0.0,1.6587468,1.685222,0.0,0.0,1.5189679,1.2934082,0.0,1.8801414,0.0,0.0,0.0,0.0,1.4697434,1.4692456,0.0
1.4895567,1.7611747,0.0,1.4885539,0.0,1.1713582,1.3790474,1.4603492,0.0,0.0,0.0,1.5814534,0.0,0.0,0.0,1.5203941,0.0,1.5489473,1.608842,0.0,0.0,1.3424345,1.1933538,0.0,1.6395712,0.0,0.0,0.0,0.0,1.3471152,1.449225,0.0
0.7918985,0.8940402,0.0,0.7190731,0.0,0.25182885,0.40591443,1.0212585,0.0,0.0,0.0,0.5927174,0.0,0.0,0.0,1.0105765,0.0,0.58226967,0.66329366,0.0,0.0,0.3194436,0.62298775,0.0,0.94064784,0.0,0.0,0.0,0.0,0.8407274,0.21175303,0.0
0.0,0.0,0.76798844,0.0,0.45172155,0.0,0.0,0.0,0.6488535,0.7268097,0.8540649,0.0,0.9501029,0.0,1.1371084,0.0,0.0,0.0,0.0,0.8812128,0.5971415,0.0,0.0,0.809121,0.0,0.25741416,1.1397644,1.0500737,0.57282645,0.0,0.0,0.72765815
1.2551761,1.5524005,0.0,1.3534659,0.0,1.2281193,1.4250093,1.2160571,0.0,0.0,0.0,1.4959792,0.0,0.0,0.0,1.4883775,0.0,1.6557573,1.4421707,0.0,0.0,1.4243792,1.2911779,0.0,1.6569192,0.0,0.0,0.0,0.0,1.3540181,1.3902504,0.0
0.0,0.0,0.7743902,0.0,0.4440028,0.0,0.0,0.0,0.69393903,0.5229127,0.7718562,0.0,0.7727843,0.7826736,0.56282294,0.0,0.9691695,0.0,0.0,0.51377577,0.6638355,0.0,0.0,0.7952598,0.0,0.44927496,0.7410039,0.5333386,0.728129,0.0,0.0,0.8012899
0.0,0.0,1.0981947,0.0,0.9350417,0.0,0.0,0.0,1.0797886,0.9734212,1.0503397,0.0,1.01517,1.0853118,1.0922196,0.0,1.4528908,0.0,0.0,1.2608699,1.230414,0.0,0.0,1.2013584,0.0,0.8324304,0.8774914,1.1416801,1.0764874,0.0,0.0,0.93153685
0.0,0.0,1.1265453,0.0,1.5969119,0.0,0.0,0.0,1.4277656,1.5372877,1.3075901,0.0,0.80634904,1.0234518,1.2766678,0.0,1.3329324,0.0,0.0,1.0303153,1.4155093,0.0,0.0,1.2878298,0.0,1.2726305,1.1720942,1.1876612,1.3645531,0.0,0.0,1.4152738
1.5705463,1.7639698,0.0,1.5381298,0.0,1.3514888,1.4736074,1.3728148,0.0,0.0,0.0,1.5400081,0.0,0.0,0.0,1.5785531,0.0,1.6615064,1.7243279,0.0,0.0,1.528543,1.3611712,0.0,1.8278043,0.0,0.0,0.0,0.0,1.5161306,1.5218791,0.0
0.0,0.0,0.7486619,0.0,0.2495871,0.0,0.0,0.0,0.6731493,0.38716477,0.7005534,0.0,0.81340826,0.9040775,0.61272794,0.0,1.1045383,0.0,0.0,0.86569417,0.5909419,0.0,0.0,0.59288704,0.0,0.5249405,0.74018633,0.70088,0.60858035,0.0,0.0,0.6879329
0.17925055,0.4331808,0.0,0.4524772,0.0,0.13648242,0.79934794,0.0,0.0,0.0,0.24824241,0.66048956,0.0,0.053858187,0.0040534884,0.5297876,0.0,0.19445902,0.71594083,0.08593983,0.0,0.60895103,0.35116997,0.0,0.39434516,0.0,0.0,0.04172772,0.045156505,0.6466185,0.5054199,0.0
0.0,0.0,1.6362137,0.0,2.0926545,0.0,0.0,0.0,2.083137,1.92234,1.482192,0.0,1.3115121,0.7950315,1.7957304,0.0,0.5976519,0.0,0.0,1.398133,1.3984522,0.0,0.0,2.4741375,0.0,1.3015811,2.0745847,1.8437896,1.9651337,0.0,0.0,1.495045
0.0,0.0,1.1886464,0.0,1.2877234,0.0,0.0,0.0,1.485022,1.5496163,1.3826156,0.0,1.4349859,1.0965191,1.251895,0.0,0.7434025,0.0,0.0,1.544962,0.90897274,0.0,0.0,1.1606858,0.0,1.2480346,1.2706832,1.5073676,1.2784193,0.0,0.0,1.5080386
0.50713295,0.94191176,0.0,0.9519775,0.0,0.7064202,0.72557163,0.6008218,0.0,0.0,0.0,0.74652404,0.0,0.0,0.0,0.5577197,0.0,0.42766362,0.9776591,0.0,0.0,0.7754354,0.57114935,0.0,0.6756752,0.0,0.0,0.0,0.0,0.7932908,0.5101878,0.0
0.726869,1.5014057,0.0,1.1280196,0.0,1.4275788,1.4833593,0.0,0.0,0.0,0.0,1.5056773,0.0,0.0,0.0,0.89257675,0.0,1.4513031,1.4470545,0.0,0.0,1.8637992,1.556276,0.0,1.0389119,0.0,0.0,0.053660102,0.0,1.4006366,1.4372659,0.0
0.0,0.0,1.1671882,0.0,0.7387588,0.0,0.0853389,0.0,1.6967914,1.0298202,1.7587858,0.0,0.9762854,1.9928102,0.91195375,0.0,1.5575995,0.0,0.0,1.8867085,1.0683595,0.0,0.0,0.96349293,0.0,1.6029017,0.62473404,0.3300174,1.8388653,0.0,0.0,1.1655961
0.41454703,0.7017018,0.0,0.5272971,0.0,0.67832595,0.79308057,0.6260932,0.0,0.0,0.0,0.8448479,0.0,0.0,0.0,0.5545842,0.0,0.71394193,0.55538505,0.0,0.0,0.60026664,0.8514309,0.0,0.40167654,0.0,0.0,0.052123398,0.0,0.64668083,0.6825499,0.0
0.0,0.0,1.4195206,0.0,1.687016,0.0,0.0,0.0,1.5383563,1.5279512,1.4356887,0.0,1.3233583,1.603617,1.4501606,0.0,1.6809114,0.0,0.0,1.6331458,1.4753233,0.0,0.0,1.4149778,0.0,1.3400277,1.4680132,1.2952818,1.31324,0.0,0.0,1.3139085
0.020908412,0.2753413,0.034725975,0.24597844,0.0,0.0,0.28139353,0.0472797,0.030067798,0.3823644,0.0,0.08754626,0.1545164,0.66893715,0.0,0.32834327,0.16537972,0.09218214,0.31815347,0.19397566,0.024805356,0.06461853,0.14349669,0.0,0.21682295,0.21807694,0.0,0.0,0.0,0.27191648,0.12006962,0.053102437
0.0,0.0,1.0325301,0.0,0.60711426,0.0,0.0,0.0,1.114605,0.93763244,1.0042641,0.0,1.0968082,1.1194866,0.68396384,0.0,1.2190922,0.0,0.0,0.8628999,0.76475763,0.0,0.0,1.0434219,0.0,0.72683275,1.1995397,0.81038594,1.0250435,0.0,0.0,1.0758945
0.0,0.0,0.6426678,0.0,0.0,0.0,0.0,0.0,0.5592667,0.5540429,0.20513432,0.0,0.5646148,0.3995088,0.0,0.0,0.06374793,0.0,0.0,0.58948106,0.37241405,0.0,0.0,0.7393786,0.0,0.5294538,0.49656355,0.0,0.73511904,0.0,0.0,0.49673206
0.0,0.0,1.4579883,0.0,1.1024721,0.0,0.0,0.0,0.99351954,1.6262426,0.8205166,0.0,1.1819485,0.9318841,1.4515061,0.0,0.078852534,0.0,0.0,0.98960906,1.0711039,0.0,0.0,0.8700263,0.0,2.0511367,1.5308487,0.7738125,1.2071601,0.0,0.0,1.2404855
1.0666355,1.1418147,0.0,0.99069005,0.0,0.84598714,1.0312613,1.0668817,0.0,0.0,0.0,1.0220981,0.0,0.0,0.0,1.2265948,0.0,1.1294391,1.0172216,0.0,0.0,0.92481685,1.4363644,0.0,1.1183217,0.0,0.0,0.0,0.0,1.3301231,1.0183684,0.0
0.0,0.0,0.96651196,0.0,0.6354308,0.0,0.0,0.0,0.7255275,0.79714096,0.5250363,0.0,0.62656593,0.0,0.64239967,0.0,0.0,0.0,0.0,0.2722309,0.4686614,0.0,0.0,1.0416667,0.0,0.5892865,0.81103534,0.6952316,0.76415163,0.0,0.0,0.5015639
0.0,0.0,0.9831319,0.0,0.65984654,0.0,0.0,0.0,0.8764469,0.70027775,0.9447363,0.0,0.8475209,0.6027957,0.8663266,0.0,0.96587557,0.0,0.0,0.7878952,0.71527433,0.0,0.0,0.8591862,0.0,0.8000174,0.7887983,1.0250721,0.86377466,0.0,0.0,0.70926607
0.0,0.0,0.61517406,0.0,0.11393485,0.0,0.0,0.0,0.7665183,0.5712998,0.8139761,0.0,0.62252855,0.7610811,0.593867,0.0,0.7110981,0.0,0.016991876,1.0074145,0.5847747,0.0,0.0,0.91913426,0.0,0.53017676,0.6236867,0.70049983,0.79522526,0.0,0.0,0.4108671
0.0,0.0,1.1956556,0.0,0.9125703,0.0,0.0,0.0,1.3903241,1.0815132,1.6253583,0.0,1.234286,1.4846348,1.2778376,0.0,1.6075346,0.0,0.0,1.6394514,1.1317402,0.0,0.0,1.4557871,0.0,1.2538013,0.95009565,1.4097904,1.3981502,0.0,0.0,1.0576866
0.0,0.0,1.4648664,0.0,0.6292215,0.0,0.0,0.0,1.4341229,1.1306093,0.91783065,0.0,1.4208076,1.7150719,0.5448346,0.0,1.7701132,0.0,0.0,1.4773266,1.169726,0.0,0.0,1.4383445,0.0,1.3315506,1.0206084,0.5663601,1.2240047,0.0,0.0,1.3453612
0.19760966,0.67349535,0.0,0.22874838,0.0,0.52867466,0.53538036,0.3221549,0.22919628,0.0,0.018369652,0.58611625,0.0,0.0,0.28816545,0.3147269,0.061661534,0.5644424,0.2819088,0.0,0.20204213,0.32783538,0.81419945,0.061051812,0.2434242,0.0,0.0,0.04082813,0.0,0.7294206,0.51290756,0.0
0.0,0.0,0.9971932,0.0,0.71917886,0.0,0.0,0.0,1.0835758,1.0143468,0.9222919,0.0,1.0263586,1.1000859,1.0992854,0.0,1.0239947,0.0,0.0,1.3313704,0.8953956,0.0,0.0,0.93999076,0.0,0.7887419,0.954364,1.1438466,0.90453213,0.0,0.0,0.9825167
0.0,0.0,0.98682845,0.0,0.682579,0.0,0.0,0.0,1.324911,1.0644697,1.1445177,0.0,1.3897953,1.1130127,0.9575696,0.0,0.42080152,0.0,0.0,1.2283897,0.38157758,0.0,0.0,0.47037935,0.0,0.9928534,1.0723877,1.0936836,1.0438117,0.0,0.0,1.4578502
0.0,0.0,0.98681784,0.0,1.0430249,0.0,0.0,0.0,1.0943929,1.0950736,0.95686847,0.0,0.5927969,0.37784573,1.4410572,0.0,0.838251,0.0,0.0,1.0045848,1.344141,0.0,0.0,1.5147825,0.0,0.6313319,1.1551561,1.4200544,1.1689016,0.0,0.0,0.6121054
0.0,0.0,1.3219332,0.0,1.7112316,0.0,0.0,0.0,2.0303216,2.0991464,1.4451694,0.0,1.2284439,0.8793761,1.6882433,0.0,0.30732533,0.0,0.0,1.8304214,0.813314,0.0,0.0,1.6057305,0.0,1.5370556,1.7000108,1.7155967,1.764601,0.0,0.0,1.749015
0.0,0.0,0.62725365,0.0,0.24010512,0.0,0.0,0.0,0.84966165,0.9624191,1.5507622,0.0,0.6072441,1.0333017,0.9312861,0.0,1.135481,0.0,0.0,0.8487521,0.8241532,0.0,0.0,1.3970472,0.0,0.5939929,0.6033689,0.9664185,1.0270663,0.0,0.0,0.8980344
0.0,0.0,0.3317554,0.0,0.0,0.0,0.0,0.0,0.17260432,0.16907111,0.20795494,0.0,0.35787636,0.2812858,0.097311385,0.0,0.44480908,0.0,0.061691746,0.47137207,0.21558422,0.0,0.0,0.36978436,0.0,0.12563708,0.23527257,0.06180007,0.09767658,0.0,0.08555108,0.24748708
0.0,0.0,1.4050685,0.0,1.774399,0.0,0.0,0.0,1.5194958,1.3584069,1.4839158,0.0,1.2930166,1.7354373,1.5201449,0.0,1.962244,0.0,0.0,1.7496946,1.5729728,0.0,0.0,1.3078715,0.0,1.4038765,1.4856905,1.4427807,1.1826534,0.0,0.0,1.0814897
1.3683889,1.3789221,0.0,1.4262067,0.0,1.1228477,1.343128,1.2156208,0.0,0.0,0.0,1.4017398,0.0,0.0,0.0,1.49926,0.0,1.2772051,1.5116824,0.0,0.0,1.0711949,1.1098478,0.0,1.3721172,0.0,0.0,0.0,0.0,1.427799,1.3399788,0.0
0.0,0.0,1.0728145,0.0,1.3816432,0.0,0.0,0.0,1.5511389,1.4614528,1.646081,0.0,0.7471845,0.9715323,1.6975927,0.0,0.9403762,0.0,0.0,1.7854478,1.5467423,0.0,0.0,1.890882,0.0,1.2071406,1.0576138,1.4928744,1.803444,0.0,0.0,0.8298457
0.0,0.0,1.0431181,0.0,0.14297837,0.0,0.0,0.0,1.0202633,0.8544538,0.8015683,0.0,1.2278868,0.834691,0.531505,0.0,0.63826776,0.0,0.0,1.1213765,0.6720496,0.0,0.0,1.1977285,0.0,0.56019413,1.0633773,0.6975684,0.88302,0.0,0.0,1.3439476
0.0,0.0,1.9062221,0.0,1.1594652,0.0,0.0,0.0,1.994333,1.8842152,1.3429053,0.0,1.7501266,2.9026828,0.62247854,0.0,2.806208,0.0,0.0,2.2454252,2.265883,0.0,0.0,2.2808063,0.0,2.4660392,0.9708783,0.15952118,1.6989522,0.0,0.0,1.9153789
0.0,0.0,1.2443367,0.0,0.5824573,0.0,0.0,0.0,1.183034,0.65351737,1.2001208,0.0,0.7974631,1.1529542,0.8648504,0.0,1.1946666,0.0,0.0,0.6717186,1.1363221,0.0,0.0,0.8214806,0.0,1.023879,1.1774819,1.1941938,0.95589554,0.0,0.0,0.7318631
0.0,0.0,0.93801785,0.0,0.44635862,0.0,0.0,0.0,0.6937254,0.5124349,0.892283,0.0,0.94205564,0.4666734,0.7692839,0.0,0.93486637,0.0,0.0,0.6971682,0.6632153,0.0,0.0,0.95740205,0.0,0.553952,0.9402205,0.85189134,0.71851534,0.0,0.0,0.7431556
0.0,0.0,0.6799569,0.0,0.23669167,0.0,0.0,0.0,0.59247714,0.53326976,0.5981594,0.0,0.730474,0.76759934,0.50811625,0.0,0.95555776,0.0,0.0,0.8127688,0.63293856,0.0,0.0,0.6664315,0.0,0.41120642,0.46244568,0.50558454,0.59389323,0.0,0.0,0.34690604
1.4580425,1.6471456,0.0,1.5711367,0.0,1.2876945,1.6157182,1.3674276,0.0,0.0,0.0,1.5913453,0.0,0.0,0.0,1.7184308,0.0,1.7283065,1.639263,0.0,0.0,1.5602134,1.4591444,0.0,1.848202,0.0,0.0,0.0,0.0,1.5263615,1.6127676,0.0
0.0,0.0,1.1664617,0.0,0.91510946,0.0,0.0,0.0,0.9589198,0.9524062,0.9624649,0.0,1.0398953,0.92861104,1.0930554,0.0,1.2369221,0.0,0.0,1.1389112,1.0783865,0.0,0.0,1.2846043,0.0,0.8427746,1.052562,1.0740895,0.8860115,0.0,0.0,0.9666958
0.0,0.0,0.8553959,0.0,0.2312302,0.0,0.0,0.0,0.6659995,0.5682201,0.66005,0.0,1.0015975,0.91261536,0.39879343,0.0,1.1597143,0.0,0.0,0.9820684,0.70969814,0.0,0.0,0.78365993,0.0,0.54998606,0.7869714,0.25184038,0.5863857,0.0,0.0,0.75827837
0.0,0.0,0.85760665,0.0,0.676076,0.0,0.0,0.0,0.8709476,0.74668527,0.9661765,0.0,0.7623342,0.7363043,0.9141409,0.0,1.0016967,0.0,0.0,0.6845645,0.86030966,0.0,0.0,0.81428665,0.0,0.6152175,0.9070803,0.7983679,0.8697722,0.0,0.0,0.80158865
0.0,0.0,0.6516932,0.0,0.065977484,0.0,0.0,0.04629241,0.35221583,0.4409122,0.45567694,0.0,0.3944584,0.0,0.6407166,0.0,0.06593441,0.0,0.0,0.4167029,0.4657789,0.0,0.0,0.6923201,0.0,0.11887257,0.73286813,0.59113157,0.45468414,0.0,0.0,0.39000165
0.0,0.0,0.89187646,0.0,1.0075482,0.0,0.0,0.0,0.98053336,1.0169253,0.99871784,0.0,0.7168024,0.5791481,1.2677815,0.0,0.8338045,0.0,0.0,0.99738294,1.2635896,0.0,0.0,1.1117463,0.0,0.6292113,0.9601845,1.1338233,1.0113145,0.0,0.0,0.60492116
0.0,0.0,0.32105464,0.0,0.0562917,0.0,0.0,0.030191174,0.045899164,0.0,0.36119127,0.0,0.42922747,0.14577034,0.2360943,0.0,0.32982308,0.0,0.0,0.24650505,0.29707327,0.0,0.0,0.22777897,0.0,0.012205444,0.39651,0.1785438,0.1263445,0.0,0.0,0.42881328
0.0,0.0,0.6498189,0.0,0.32517976,0.0,0.0,0.0,0.50365055,0.5642816,0.334153,0.0,0.49567896,0.8046849,0.30964136,0.0,0.6035419,0.0,0.0,0.5268585,0.6332553,0.0,0.0,0.7126962,0.0,0.28040582,0.37115842,0.24260032,0.4959427,0.0,0.0,0.661908
0.121703655,0.0,0.8071027,0.0,1.6160146,0.0,0.0,0.0,1.3414029,0.97919977,1.6852269,0.0,1.7379923,2.2234032,1.4880377,0.0,2.7793047,0.0,0.0,1.4476913,3.1274161,0.0,0.0,0.75674963,0.0,1.9872631,1.9690995,1.0574746,1.963093,0.0,0.0,2.0930977
0.0,0.0,0.66272235,0.0,0.68253434,0.0,0.0,0.0,0.8912974,1.1858878,1.3462046,0.0,1.6209061,1.6575285,1.13789,0.0,2.1337073,0.0,0.0,1.3279066,2.5169976,0.0,0.0,0.29243076,0.0,1.4029435,1.4641802,1.0722473,1.367477,0.0,0.0,1.5702363
0.0,0.0,1.0637187,0.0,0.74380696,0.0,0.0,0.0,0.97496784,1.1131097,0.7035783,0.0,0.8816615,1.2552892,0.45612022,0.0,1.1897084,0.0,0.0,1.3097583,1.0048589,0.0,0.0,1.0136408,0.0,1.096489,0.4193946,0.44086045,0.8041419,0.0,0.0,0.73939127
1.4536691,1.6671094,0.0,1.5169575,0.0,1.1221967,1.2817116,1.4523525,0.0,0.0,0.0,1.4985067,0.0,0.0,0.0,1.46292,0.0,1.5230496,1.5679618,0.0,0.0,1.3324503,1.2468095,0.0,1.6480792,0.0,0.0,0.0,0.0,1.3978481,1.3676797,0.0
1.0232191,1.3902024,0.0,1.4472367,0.0,1.0360059,1.085707,1.0158247,0.0,0.0,0.0,1.0997517,0.0,0.0,0.0,1.1373177,0.0,1.2311466,1.2002543,0.0,0.0,1.3818527,1.4077593,0.0,1.6291095,0.0,0.0,0.0,0.0,1.3180169,1.0384519,0.0
0.07967453,0.23763645,0.0,0.30135548,0.0,0.114875115,0.2701472,0.1611345,0.0,0.0,0.0,0.14461204,0.05774249,0.019758008,0.0,0.2639538,0.0,0.0,0.45133126,0.0,0.0,0.3304792,0.0,0.0,0.32650694,0.0,0.0,0.0,0.0,0.20941561,0.41451156,0.0
0.35858464,0.7508605,0.0,0.28535235,0.0,0.5252321,0.6514309,0.55264825,0.0,0.0,0.0,0.5071295,0.0,0.0,0.1015737,0.61149883,0.0,0.5893236,0.4584091,0.0,0.016336922,0.18611334,0.90814185,0.0,0.17811546,0.0,0.0,0.0,0.0,0.80694914,0.44216818,0.0
1.0866333,1.2869173,0.0,1.1498934,0.0,1.050107,1.0944318,1.1856623,0.0,0.0,0.0,1.2525603,0.0,0.0,0.0,1.2650114,0.0,1.2950664,1.3716532,0.0,0.0,1.0641792,1.1978427,0.0,1.3529161,0.0,0.0,0.0,0.0,1.1481844,1.110679,0.0
0.1736931,0.45979246,0.32757023,0.12781039,0.000108044595,0.0,0.15859917,0.06456344,0.18561275,0.0,0.0,0.15902159,0.14964497,0.6886476,0.13124698,0.065147474,0.513108,0.12754953,0.296477,0.28567937,0.3266368,0.16580836,0.07290583,0.10150666,0.25095865,0.083886996,0.020554818,0.0,0.14796299,0.40163928,0.15708156,0.015235476
0.0,0.0,1.5093704,0.0,1.0287915,0.0,0.0,0.0,1.5751363,1.306576,1.6291616,0.0,1.0409232,0.62855124,1.7849227,0.0,0.8918468,0.0,0.0,1.442649,1.2240257,0.0,0.0,1.977446,0.0,1.3799351,1.8303504,1.5569708,1.7092267,0.0,0.0,1.0629258
1.21483,1.4493616,0.0,1.3095702,0.0,1.006635,1.0619881,1.3220342,0.0,0.0,0.0,1.2614057,0.0,0.0,0.0,1.1760185,0.0,1.351989,1.4082837,0.0,0.0,1.1281867,1.2540148,0.0,1.3556756,0.0,0.0,0.0,0.0,1.3401634,1.2022673,0.0
0.0,0.0,0.9199873,0.0,0.7244997,0.0,0.0,0.0,0.8564441,0.58334404,0.82896376,0.0,0.7440317,0.78097385,1.0470557,0.0,1.0281144,0.0,0.0,0.81169206,0.90919477,0.0,0.0,0.8050825,0.0,0.6155363,0.9497345,0.9526773,0.8587587,0.0,0.0,0.7984864
0.0,0.0,1.4015477,0.0,1.0463562,0.0,0.0,0.0,1.4625304,1.1686839,1.5335417,0.0,1.3821474,1.2611159,1.5494833,0.0,1.7537009,0.0,0.0,1.4426262,1.4011549,0.0,0.0,1.7455105,0.0,1.4426433,1.3980587,1.680282,1.3604734,0.0,0.0,1.1471939
1.4315641,1.7416779,0.0,1.4617496,0.0,1.3510761,1.4287376,1.3606433,0.0,0.0,0.0,1.4490298,0.0,0.0,0.0,1.5721061,0.0,1.5336937,1.468953,0.0,0.0,1.3555963,1.153669,0.0,1.6504263,0.0,0.0,0.0,0.0,1.4335064,1.3951653,0.0
1.3308756,1.6357021,0.0,1.3692673,0.0,1.2695508,1.4255155,1.2364511,0.0,0.0,0.0,1.3553922,0.0,0.0,0.0,1.557659,0.0,1.4845031,1.4774367,0.0,0.0,1.3238261,1.1800319,0.0,1.6131301,0.0,0.0,0.0,0.0,1.4239056,1.3664286,0.0
0.0,0.0,0.7652458,0.0,0.40443367,0.0,0.0,0.0,0.5683591,0.353484,0.8370164,0.0,0.6570062,0.54518676,1.0574603,0.0,0.91882384,0.0,0.0,0.8244721,0.8385324,0.0,0.0,0.6936329,0.0,0.36720788,0.68555933,0.93841213,0.65996087,0.0,0.0,0.4894355
0.36518115,1.0422281,0.0,0.66915864,0.0,0.6762341,0.7226565,0.40963414,0.0,0.0,0.0,0.6760213,0.0,0.0,0.0,0.63963085,0.0,0.6357454,0.6177868,0.0,0.0,0.80843747,0.9417026,0.0,0.7748825,0.0,0.0,0.0,0.0,0.93232656,0.6700213,0.0
0.42425168,0.80158633,0.0,0.27846682,0.0,0.39935073,0.35891116,0.5860173,0.0,0.0,0.0,0.46931624,0.0,0.0,0.07706599,0.3694626,0.0,0.62842685,0.51308316,0.0,0.014853034,0.30236498,0.52046835,0.08709073,0.5531515,0.0,0.0,0.0,0.0,0.39917675,0.59986466,0.0
1.3894928,1.5768874,0.0,1.4265552,0.0,1.0860221,1.4279491,1.2531569,0.0,0.0,0.0,1.4327902,0.0,0.0,0.0,1.6201633,0.0,1.4591331,1.5306336,0.0,0.0,1.3486801,1.317285,0.0,1.6952319,0.0,0.0,0.0,0.0,1.4477109,1.3357704,0.0
0.0,0.0,1.2268637,0.0,1.4466347,0.0,0.0,0.0,1.3505418,1.2157559,1.034315,0.0,0.77696174,0.81946033,1.4766707,0.0,1.1096804,0.0,0.0,1.0562611,1.1322331,0.0,0.0,1.5105827,0.0,1.1665983,1.2889534,1.4436867,1.3229171,0.0,0.0,0.96054643
0.0,0.0,0.9020637,0.0,0.72136813,0.0,0.0,0.0,0.64343494,1.363544,1.0981764,0.0,1.5382048,1.3156744,0.98453665,0.0,1.1801592,0.0,0.0,1.0703589,1.1155653,0.0,0.0,0.42224953,0.0,1.1570754,1.5932733,1.5706983,1.1050425,0.0,0.0,1.8832929
0.0,0.0,1.1407084,0.0,0.68380684,0.0,0.0,0.0,0.99064356,0.85657007,0.83151406,0.0,1.0040357,0.79020864,0.9280448,0.0,0.9956822,0.0,0.0,1.0414019,0.81427544,0.0,0.0,1.2040293,0.0,0.92098755,0.89203954,1.0278727,0.9191361,0.0,0.0,0.671951
0.9118671,1.1943266,0.0,0.672254,0.0,0.77863246,0.8160625,1.0866135,0.0,0.0,0.0,1.0071086,0.0,0.0,0.0,0.9292258,0.0,1.2222387,1.0266429,0.0,0.0,0.90436023,0.8311163,0.0,1.0727932,0.0,0.0,0.0,0.0,0.78513616,1.0322459,0.0
0.0,0.0,0.86960816,0.0,0.282396,0.0,0.0,0.0,0.6517643,0.5890628,0.7416994,0.0,0.9408092,0.7434556,0.7439838,0.0,0.9596523,0.0,0.0,0.95879906,0.81642306,0.0,0.0,0.7435552,0.0,0.5559515,0.8532027,0.57213587,0.52415997,0.0,0.0,0.71256065
1.3621373,1.5057967,0.0,1.3252888,0.0,0.9388077,1.2675855,1.2484351,0.0,0.0,0.0,1.310365,0.0,0.0,0.0,1.4869764,0.0,1.2986755,1.4596493,0.0,0.0,1.0854386,1.1555849,0.0,1.5100756,0.0,0.0,0.0,0.0,1.354581,1.3657404,0.0
0.0,0.0,1.4345049,0.0,0.52251226,0.0,0.0,0.0,1.4328678,1.2218559,1.4186409,0.0,1.2806939,1.4260514,1.6911826,0.0,0.8341509,0.0,0.0,1.331832,0.728844,0.0,0.0,1.2060094,0.0,1.4787447,1.0584457,1.5546252,1.5256351,0.0,0.0,1.2733192
0.8334256,1.0789876,0.0,0.7467455,0.0,0.82918173,0.907298,0.8365443,0.0,0.0,0.0,0.9456745,0.0,0.0,0.0,0.68769896,0.0,1.1373589,0.9499804,0.0,0.0,0.9660127,0.77249074,0.0,1.0154287,0.0,0.0,0.0,0.0,0.8562808,0.90241385,0.0
0.49715567,0.5913873,0.0,0.22583592,0.0,0.691998,0.53025323,0.38838482,0.38466418,0.0,0.041124694,0.5474121,0.0,0.0,0.109483846,0.5347092,0.0,0.55923086,0.2281723,0.0,0.4475554,0.5140018,0.99705327,0.16876745,0.37062532,0.0,0.07099037,0.0,0.0,0.8651055,0.8054743,0.0
1.152803,1.3811733,0.0,1.3843896,0.0,1.2486792,1.4333972,1.2130886,0.0,0.0,0.0,1.4415255,0.0,0.0,0.0,1.265602,0.0,1.6398203,1.3232572,0.0,0.0,1.506524,1.242712,0.0,1.5460981,0.0,0.0,0.0,0.0,1.277375,1.4901375,0.0
0.0,0.0,1.2735461,0.0,0.8077709,0.0,0.0,0.0,1.4031112,0.66480994,1.4290434,0.0,1.0593346,1.7239211,1.0585113,0.0,1.8125653,0.0,0.0,1.4263198,0.89174855,0.0,0.0,1.2154146,0.0,1.305904,1.0332619,1.0797026,1.4242096,0.0,0.0,0.8669478
0.0,0.0,0.8985754,0.0,0.7968641,0.0,0.0,0.0,0.86384696,0.48475328,0.91959643,0.0,0.75896436,0.79937077,1.033638,0.0,1.1913954,0.0,0.0,0.8189105,0.7562035,0.0,0.0,0.7365386,0.0,0.6499739,0.8343634,1.1079232,0.7970885,0.0,0.0,0.7305822
0.0,0.0,0.9889679,0.0,0.74781704,0.0,0.0,0.0,0.6530968,0.8450862,0.5079873,0.0,0.57163066,0.51484936,0.40501863,0.0,0.45323867,0.0,0.0,0.79201895,0.7890159,0.0,0.0,0.8836743,0.0,0.8234983,0.31929553,0.0,0.87240636,0.0,0.0,0.5576345
0.0,0.0,1.0746444,0.0,0.7939986,0.0,0.0,0.0,1.2586063,1.3974466,1.3491738,0.0,1.660402,0.8739924,1.0134182,0.0,0.33655462,0.0,0.0,1.2837765,0.2907957,0.0,0.0,0.7030573,0.0,1.3650728,1.1387304,1.3162397,1.0346817,0.0,0.0,1.5905561
0.0,0.0,1.0972912,0.0,0.75706804,0.0,0.0,0.0,1.2613809,1.2509714,0.9574006,0.0,1.0778499,1.2289376,0.77579564,0.0,1.1525913,0.0,0.0,1.1005893,0.91813517,0.0,0.0,1.2245584,0.0,0.8735427,1.2589198,0.92160976,1.07511,0.0,0.0,1.1819121
0.0,0.0,0.81691194,0.0,0.7909656,0.0,0.0,0.0,0.5532683,0.6435998,0.67224485,0.0,0.4346829,0.6249789,0.93379986,0.0,0.7418195,0.0,0.0,0.74626166,0.9268144,0.0,0.0,0.7498721,0.0,0.60513246,0.48109794,0.7099564,0.5104055,0.0,0.0,0.47411364
0.0,0.0,1.3121561,0.0,0.5561347,0.0,0.0,0.0,1.2640821,1.1657205,0.73830295,0.0,1.0504433,1.3126833,0.3491461,0.0,1.4052536,0.0,0.0,1.0211653,1.2407668,0.0,0.0,1.6095892,0.0,1.2106616,0.92519104,0.11212344,1.291073,0.0,0.0,1.1398524
0.9204336,1.3796582,0.0,1.1470598,0.0,1.3101474,1.2343317,0.98269606,0.0,0.0,0.0,1.275462,0.0,0.0,0.0,1.1822759,0.0,1.6756629,1.2091558,0.0,0.0,1.5019634,1.2636439,0.0,1.5357536,0.0,0.0,0.0,0.0,1.2577208,1.3206661,0.0
0.38820308,1.0067989,0.0,0.45727533,0.0,0.6881836,0.5991704,0.64719516,0.0,0.0,0.0,0.71874726,0.0,0.0,0.07958136,0.6594009,0.0,0.75910264,0.76096845,0.0,0.0,0.37342983,0.853529,0.0,0.22685505,0.0,0.0,0.0,0.0,0.8679011,0.6370527,0.0
0.9629524,1.1354105,0.0,0.8499734,0.0,0.9827059,1.0238967,1.0427424,0.0,0.0,0.0,1.043458,0.0,0.0,0.0,1.0094093,0.0,1.2365052,0.9376818,0.0,0.0,0.7376163,1.2455759,0.0,0.92464244,0.0,0.0,0.0,0.0,1.1395469,1.0449225,0.0
1.130934,1.4974934,0.0,1.1361761,0.0,1.0976455,1.0821682,1.1956009,0.0,0.0,0.0,1.2508055,0.0,0.0,0.0,1.1043078,0.0,1.1397431,1.3180442,0.0,0.0,1.1201819,1.1213272,0.0,1.1733397,0.0,0.0,0.0,0.0,1.2289541,1.0877211,0.0
0.0,0.0,0.38145185,0.0,0.11738364,0.0,0.0,0.108133495,0.219108,0.21801886,0.24469736,0.0,0.4266389,0.53782654,0.360691,0.0,0.6773817,0.0,0.0,0.57601756,0.35166964,0.0,0.0,0.28592667,0.12143589,0.15765545,0.4022913,0.40756845,0.08555197,0.0,0.0,0.21330568
0.0,0.0,1.0975735,0.0,1.1207443,0.0,0.0,0.0,1.1672013,0.89041024,1.0295246,0.0,0.82363784,0.8372673,1.1754531,0.0,1.1688384,0.0,0.0,0.95418835,0.9822186,0.0,0.0,1.1214674,0.0,0.92203826,1.126049,1.1949983,1.1268193,0.0,0.0,0.8142316
0.0,0.17219639,0.278302,0.0,0.028613837,0.22136144,0.0,0.07019541,0.22207813,0.01113341,0.16168988,0.0,0.21482383,0.0,0.19875509,0.0,0.0,0.0,0.3624763,0.24540406,0.34458002,0.06016532,0.054096088,0.34119943,0.0,0.10022397,0.26177394,0.100894794,0.4186539,0.0,0.0,0.0
0.0,0.0,1.7733699,0.0,1.1293848,0.0,0.0,0.0,1.7843294,1.6274749,1.0025225,0.0,1.2568145,2.201795,0.44449356,0.0,2.242231,0.0,0.0,1.377734,1.7906373,0.0,0.0,2.0999513,0.0,1.8505322,1.0684819,0.06546093,1.7001339,0.0,0.0,1.5578578
1.4414792,1.4146606,0.0,1.4371468,0.0,1.5764477,1.555229,1.5222462,0.0,0.0,0.0,1.4063741,0.0,0.0,0.0,1.2726014,0.0,1.7888845,1.5315369,0.0,0.0,1.3718414,1.3921367,0.0,1.5295286,0.0,0.0,0.0,0.0,1.3064752,1.6513742,0.0
0.43475157,0.0,0.56058,0.0,0.0,0.23622726,0.0,0.0,0.0,0.13699514,0.48482612,0.0,0.27997515,0.2343392,0.18154289,0.0,1.4542633,0.0,0.0,0.0,1.3979034,0.115862034,0.060705137,0.0,0.0,0.36965686,0.65641576,0.005101189,0.26678583,0.0,0.16007227,0.029254884
1.2840276,1.5106531,0.0,1.2474436,0.0,0.84876704,1.1529034,1.242408,0.0,0.0,0.0,1.3061693,0.0,0.0,0.0,1.4722342,0.0,1.2936296,1.3851414,0.0,0.0,1.0958148,1.1396341,0.0,1.4324374,0.0,0.0,0.0,0.0,1.2879605,1.2156088,0.0
1.5935365,1.9077864,0.0,1.7248706,0.0,1.3713714,1.5225247,1.30322,0.0,0.0,0.0,1.6024215,0.0,0.0,0.0,1.6767993,0.0,1.6534327,1.6630263,0.0,0.0,1.5690808,1.4784776,0.0,1.9942132,0.0,0.0,0.0,0.0,1.5709709,1.5015799,0.0
0.0,0.0,1.2094231,0.0,1.0576499,0.0,0.0,0.0,1.1639538,0.91662824,1.2129447,0.0,1.1420358,0.9324459,1.2359699,0.0,1.2733307,0.0,0.0,0.90714943,1.0283419,0.0,0.0,1.13764,0.0,0.94103116,1.1506336,1.3914655,1.1637969,0.0,0.0,1.0936048
0.0,0.0,1.7839799,0.0,2.0853026,0.0,0.0,0.0,1.7732773,2.316847,1.7702627,0.0,2.3323753,2.2361565,1.5291846,0.0,1.9473088,0.0,0.0,2.531064,2.3113902,0.0,0.0,1.914053,0.0,1.9511524,1.7065412,0.999373,1.6124474,0.0,0.0,1.9202051
0.0,0.0,0.82250786,0.0,0.5919186,0.0,0.0,0.0,1.1073003,1.0225266,1.329782,0.0,0.6837848,0.9436764,0.86193085,0.0,0.50346476,0.0,0.046800107,1.0584302,0.6140097,0.0,0.0,1.2504302,0.0,0.9038327,0.6311736,0.77109045,1.2767395,0.0,0.0,0.7797092
0.0,0.0,1.3402736,0.0,1.2319636,0.0,0.0,0.0,1.3627506,1.2360892,1.5005381,0.0,1.4194913,1.1794829,1.3731668,0.0,1.5559046,0.0,0.0,1.2924937,1.3249254,0.0,0.0,1.3006505,0.0,0.95717704,1.8296516,1.2677195,1.2293587,0.0,0.0,1.2812017
0.0,0.0,0.0,0.20523417,0.0,0.0,0.12196298,0.21743979,0.0,0.09152471,0.0,0.0,0.054211844,0.0,0.0,0.083430685,0.0,0.0,0.27390426,0.0,0.0,0.02054055,0.0,0.045810115,0.099160895,0.0,0.14387988,0.0,0.0,0.009751335,0.117871344,0.0
0.19448243,0.27884015,0.0,0.16525039,0.0,0.5762527,0.46636415,0.39541104,0.0,0.0,0.0,0.4695652,0.0,0.0,0.0,0.27805436,0.0,0.45665905,0.6173548,0.0,0.0,0.39004588,0.4924375,0.0,0.32769567,0.0,0.0,0.0,0.0,0.49658343,0.15539011,0.0
0.0,0.0,1.0913885,0.0,0.729103,0.0,0.0,0.0,1.7045662,1.2536905,1.6239722,0.0,1.0264869,0.7881043,1.3786291,0.0,0.9216841,0.0,0.0,1.3992877,0.97605455,0.0,0.0,1.8066816,0.0,0.9616644,1.4986598,1.4572577,1.786388,0.0,0.0,1.0218302
0.0,0.0,0.7096193,0.0,0.51951915,0.0,0.0,0.0,0.70843935,0.48154467,0.8360448,0.0,0.6547286,0.19579408,0.66396487,0.0,0.40161616,0.0,0.0,0.5552776,0.45784584,0.0,0.0,0.824655,0.0,0.64285326,0.6419849,0.6470017,0.85058355,0.0,0.0,0.38103634
0.0,0.0,1.2002772,0.0,1.8043798,0.0,0.0,0.0,1.6016551,1.707606,1.3852509,0.0,0.8050865,0.96403056,1.2417251,0.0,1.2094619,0.0,0.0,0.95428336,1.2405337,0.0,0.0,1.4856437,0.0,1.4422977,1.3751315,1.2876625,1.4706668,0.0,0.0,1.3950815
0.0,0.0,0.88580894,0.0,0.6463796,0.0,0.0,0.0,0.75904095,0.82303894,0.93678874,0.0,0.8288572,0.19958833,1.1549858,0.0,0.54617923,0.0,0.0,0.8123534,0.9114815,0.0,0.0,0.8783439,0.0,0.28434902,1.3063143,0.8470932,0.8268515,0.0,0.0,0.55567807
0.0,0.0,1.4030266,0.0,1.4928372,0.0,0.0,0.0,1.4386436,1.3065245,1.3323811,0.0,1.183124,1.3238491,1.4140539,0.0,1.516301,0.0,0.0,1.2340806,1.2789108,0.0,0.0,1.3544602,0.0,1.2301241,1.5104192,1.3525108,1.2972583,0.0,0.0,1.3001873
0.0,0.0,1.0596398,0.0,0.9536599,0.0,0.0,0.0,1.1028869,1.2878394,0.8882264,0.0,0.8638392,1.0381172,1.0124366,0.0,1.1041851,0.0,0.0,0.8886917,1.2247247,0.0,0.0,1.2966485,0.0,0.79762894,0.93405145,0.83934486,1.1521158,0.0,0.0,1.2961364
0.0,0.0,1.2431188,0.0,1.0858989,0.0,0.0,0.0,1.2712517,0.8265579,1.1722869,0.0,1.1755701,1.1666756,1.3879719,0.0,1.6541314,0.0,0.0,1.3470336,1.1284112,0.0,0.0,1.1619818,0.0,0.9202073,1.3803278,1.478261,1.1388854,0.0,0.0,0.9855647
0.0,0.0,1.3096622,0.0,0.22796749,0.0,0.0,0.0,0.98302823,1.3912766,1.2892808,0.0,1.7898715,1.4238842,1.0316705,0.0,1.0157664,0.0,0.0,1.0105088,0.67302877,0.0,0.0,0.55850595,0.0,1.3720106,1.7157612,1.5172786,1.2364813,0.0,0.0,2.0806546
0.0,0.0,1.2566634,0.0,0.88582087,0.0,0.0,0.0,1.3512167,1.4299691,1.1169225,0.0,1.3491817,1.4249022,0.6782885,0.0,1.2994099,0.0,0.0,1.4468886,0.9102526,0.0,0.0,1.2795068,0.0,1.3788201,0.81204116,0.94352144,1.1466941,0.0,0.0,1.3454835
0.0,0.0,1.1460749,0.0,1.5940286,0.0,0.0,0.0,1.5253961,1.6440732,1.3015914,0.0,0.8642062,1.1737448,1.4639133,0.0,1.2711111,0.0,0.0,1.2650193,1.4328072,0.0,0.0,1.2977368,0.0,1.2869611,1.309661,1.4065268,1.2442197,0.0,0.0,1.3833064
0.0,0.0,1.5829322,0.0,2.2870014,0.0,0.0,0.0,2.0153573,2.0445826,1.9338976,0.0,1.517738,1.6517391,1.5412428,0.0,1.7282691,0.0,0.0,1.6916358,1.6400276,0.0,0.0,1.8382959,0.0,1.5709283,2.5151155,1.4144439,1.6794204,0.0,0.0,1.4680135
0.0,0.0,1.3201473,0.0,1.4055743,0.0,0.0,0.0,1.4077705,1.4996679,1.0451851,0.0,0.93049806,1.1928694,1.4120697,0.0,1.433846,0.0,0.0,1.3807734,1.6737162,0.0,0.0,1.8375282,0.0,1.1001247,1.1909281,1.2794861,1.3598417,0.0,0.0,1.1479994
0.0,0.0,1.3801106,0.0,1.1646094,0.0,0.0,0.0,1.5119272,1.0945461,1.1080235,0.0,1.2562839,0.83063954,1.1276509,0.0,0.87810165,0.0,0.0,0.8415109,0.6044749,0.0,0.0,1.4640929,0.0,1.1138221,1.7930782,1.5177674,1.3885278,0.0,0.0,1.2836744
0.0,0.0,0.9394001,0.0,0.13405578,0.0,0.0,0.0,0.9721482,1.4280324,0.8698552,0.0,1.3137195,0.6177313,0.7932212,0.0,0.5050031,0.0,0.0,1.3561326,0.9733318,0.0,0.0,1.2108696,0.0,1.0123292,1.4048698,0.34475046,0.7154339,0.0,0.0,0.87040776
0.0,0.0,1.4592417,0.0,1.2230078,0.0,0.0,0.0,1.3928114,1.313171,1.1709245,0.0,1.3926005,1.2712538,1.2450967,0.0,1.4742,0.0,0.0,1.4763907,1.3185674,0.0,0.0,1.8404659,0.0,1.1419573,1.3144766,1.309756,1.2840863,0.0,0.0,1.3052336
0.0,0.0,1.093233,0.0,0.70991194,0.0,0.0,0.0,0.9839281,0.6084153,1.0101267,0.0,0.95557415,0.71301585,1.1890222,0.0,1.2550347,0.0,0.0,0.9988265,0.8678837,0.0,0.0,0.92162615,0.0,0.7033013,1.1284066,1.3592092,0.9243841,0.0,0.0,0.7323242
0.0,0.0,1.2276559,0.0,1.8210708,0.0,0.0,0.0,1.6019242,1.7012943,1.3602848,0.0,0.9387968,1.0263996,1.7107023,0.0,1.2991476,0.0,0.0,1.4461844,1.2697083,0.0,0.0,1.6358603,0.0,1.5828692,1.4004983,1.7740401,1.401944,0.0,0.0,1.3483946
0.23266566,0.0,0.65232146,0.0,0.46114904,0.0,0.0,0.0,0.013015412,0.0,0.106941134,0.0,0.2967658,0.20756212,0.6727281,0.0,0.70160985,0.075022705,0.0,0.0,1.1405694,0.0,0.0,0.57962495,0.38838744,0.1694122,0.8256959,0.0,0.33586004,0.0,0.0,0.0
0.0,0.0,0.8384819,0.0,2.4823313,0.0,0.0,0.0,1.8838737,1.1071807,2.0189698,0.0,1.408252,1.3082552,2.2293339,0.0,2.3846061,0.0,0.0,1.3825434,3.3880355,0.0,0.0,1.6970375,0.0,1.9440483,2.2166326,1.4135448,2.0372717,0.0,0.0,1.466495
0.0,0.0,1.1470953,0.0,0.9531551,0.0,0.0,0.0,1.0530405,1.2116674,1.1544739,0.0,1.3613428,1.2558908,1.3170313,0.0,1.4365934,0.0,0.0,1.519769,1.2076844,0.0,0.0,1.0076754,0.0,0.792462,1.3394793,1.1996675,0.93685555,0.0,0.0,1.1490724
0.0,0.0,1.4281195,0.0,1.4937441,0.0,0.0,0.0,1.522255,1.2965547,1.4337384,0.0,1.2839178,1.2795162,1.5326829,0.0,1.5791407,0.0,0.0,1.2557544,1.3692354,0.0,0.0,1.5527798,0.0,1.1750044,1.4439744,1.5737379,1.4236841,0.0,0.0,1.3150901
0.0,0.0,1.0724108,0.0,1.7116803,0.0,0.0,0.0,1.188952,1.7154473,1.2347889,0.0,1.2466772,1.3389645,1.3507097,0.0,1.1119356,0.0,0.0,1.5964799,1.6535631,0.0,0.0,1.4559469,0.0,1.1356467,0.9396289,1.2478257,1.1117241,0.0,0.0,1.1161926
0.0,0.0,1.2048241,0.0,1.1700441,0.0,0.0,0.0,1.7644322,1.5913368,1.8765763,0.0,1.1846004,1.3248341,1.4361739,0.0,1.477754,0.0,0.0,1.8217467,1.2882264,0.0,0.0,1.9238211,0.0,1.3246243,1.4419588,1.2781143,1.8028492,0.0,0.0,1.2165322
0.0,0.0,1.0298843,0.0,1.030935,0.0,0.0,0.0,1.1743127,0.9622957,1.1837884,0.0,1.0495063,0.7686807,1.269271,0.0,1.1817026,0.0,0.0,1.1735657,1.1958834,0.0,0.0,1.0970798,0.0,0.69267726,1.6689115,1.1114749,1.1516123,0.0,0.0,0.91985285
0.0,0.0,1.0608922,0.0,0.7378932,0.0,0.0,0.0,1.5447271,1.3088942,1.2679129,0.0,1.3762438,1.2256454,0.994282,0.0,0.5026326,0.0,0.0,1.4655629,0.378834,0.0,0.0,0.6877099,0.0,1.0804682,1.06148,1.342428,1.0880665,0.0,0.0,1.5052068
1.1280621,1.2827165,0.0,1.1480796,0.0,0.8981191,1.0780231,1.2691481,0.0,0.0,0.0,1.1533546,0.0,0.0,0.0,1.3831909,0.0,1.2075835,1.2485313,0.0,0.0,1.0346711,1.0922551,0.0,1.3260381,0.0,0.0,0.0,0.0,1.2061146,1.0394413,0.0
0.0,0.0,1.2186654,0.0,1.037747,0.0,0.0,0.0,1.1548296,0.9918181,1.0908096,0.0,1.1188588,1.4613637,1.295339,0.0,1.7090583,0.0,0.0,1.3405341,1.4390553,0.0,0.0,1.1914624,0.0,0.84404314,1.1523594,1.1119791,1.0192368,0.0,0.0,1.0368633
0.0,0.0,1.3088326,0.0,0.9935458,0.0,0.0,0.0,1.3550895,1.2836237,1.2298853,0.0,1.3954293,1.018193,1.2031593,0.0,1.1496836,0.0,0.0,1.4844576,1.0566782,0.0,0.0,1.5669959,0.0,0.98467183,1.3260052,1.3400271,1.2286004,0.0,0.0,1.2615967
0.0,0.0,1.0134344,0.0,0.26023996,0.0,0.0,0.0,1.1383173,1.4392574,1.0616629,0.0,1.3764018,0.47946733,0.8781141,0.0,0.060771413,0.0,0.0,1.2226291,0.4619743,0.0,0.0,1.1033629,0.0,1.139734,1.2200289,0.67842317,0.90812856,0.0,0.0,1.2964848
0.0,0.0,1.038996,0.0,1.2101072,0.0,0.0,0.0,1.3022921,1.0750337,1.2162817,0.0,0.88045,0.80671066,1.2018319,0.0,1.0920545,0.0,0.0,1.0420982,0.9084283,0.0,0.0,1.0068754,0.0,1.096903,1.181396,1.3010901,1.1300302,0.0,0.0,0.8211767
0.0,0.0,1.186872,0.0,1.7789798,0.0,0.0,0.0,1.5482392,1.5294912,1.3961083,0.0,0.73113155,0.830082,1.9822484,0.0,1.2354536,0.0,0.0,1.2992797,1.7330085,0.0,0.0,1.9106477,0.0,1.3731614,1.3199432,2.205737,1.394815,0.0,0.0,1.0106207
0.0,0.0,0.97066975,0.0,0.8554995,0.0,0.0,0.0,1.4362032,1.2824863,1.4119014,0.0,0.73370945,1.0189314,0.9815764,0.0,1.1676066,0.0,0.0,1.190433,1.200966,0.0,0.0,1.3225754,0.0,1.0420632,1.0212878,0.90431035,1.6521031,0.0,0.0,1.4082125
0.0,0.0,0.9578289,0.0,0.38032073,0.0,0.0,0.0,0.918956,1.0178373,0.89499176,0.0,1.1300423,0.9865531,0.49130884,0.0,0.9174856,0.0,0.0,0.6354242,0.687277,0.0,0.0,0.8939767,0.0,0.46888947,1.2124915,0.50261194,0.96914536,0.0,0.0,1.3737073
0.0,0.0,1.4217069,0.0,1.3458165,0.0,0.0,0.0,1.6694627,1.7333459,1.3875043,0.0,1.6100918,1.1136361,1.3629651,0.0,1.0149208,0.0,0.0,1.6494852,1.1602949,0.0,0.0,1.8918304,0.0,1.0967457,1.873184,1.4043211,1.3825958,0.0,0.0,1.4460729
0.0,0.0,1.5187306,0.0,1.3536857,0.0,0.0,0.0,1.6545326,1.2021822,1.6892649,0.0,1.0879363,1.4507653,1.6369324,0.0,1.6602038,0.0,0.0,1.6014963,1.2709489,0.0,0.0,1.6288409,0.0,1.5818485,1.2713107,1.5921987,1.860852,0.0,0.0,1.1211066
0.0,0.0,0.6098292,0.0,0.22038023,0.0,0.0,0.0,0.6752033,0.9159933,0.73542273,0.0,1.17007,0.19107433,0.7214232,0.0,0.0,0.0,0.0,1.2078906,0.0,0.0,0.0,0.2790958,0.0,0.98445904,0.6310349,0.4490528,0.7847398,0.0,0.0,0.9201682
0.0,0.20925798,0.3660053,0.0,0.23476729,0.09948799,0.0,0.21049136,0.2932157,0.116974816,0.63500774,0.04643032,0.35479093,0.0,0.54189545,0.0,0.18788287,0.0,0.1168665,0.33854482,0.30119103,0.0,0.2352873,0.30429074,0.0,0.2980011,0.2508134,0.45788413,0.4536248,0.0,0.0,0.065386906
0.0,0.0,1.5602902,0.0,1.2341244,0.0,0.0,0.0,1.6710465,1.7028784,1.4256886,0.0,0.7504446,1.8285464,1.4476475,0.0,1.8565675,0.0,0.0,1.0125824,1.3259584,0.0,0.0,2.2018366,0.0,1.3601712,0.8291529,1.9669095,1.7878461,0.0,0.0,1.4572514
0.0,0.0,1.0890626,0.0,0.0,0.0,0.0,0.0,0.6538744,0.6733211,0.7436399,0.0,0.4954431,0.57768375,0.53377306,0.0,0.10409873,0.0,0.0,0.8554622,0.28298888,0.08617676,0.0,0.27607033,0.0,1.1406764,0.35214013,0.27128983,1.1061729,0.043004617,0.0,0.42570394
0.0,0.0148475915,0.2867424,0.0,0.0,0.0,0.0,0.34166867,0.019244082,0.29705215,0.1387,0.0,0.0,0.0,0.16148116,0.010094732,0.0,0.0,0.0,0.03142067,0.2558847,0.0,0.0,0.37965378,0.007184483,0.0,0.34541777,0.1455225,0.1294272,0.0,0.0,0.07549108
0.0,0.0,1.1473767,0.0,0.7097373,0.0,0.0,0.0,1.3432119,0.74822897,1.4175164,0.0,1.0221969,0.77577454,1.1771407,0.0,1.1535817,0.0,0.0,0.92394614,0.8584272,0.0,0.0,1.1782693,0.0,1.2047555,1.0719603,1.6066165,1.2445092,0.0,0.0,0.8274685
0.0,0.0,1.0559701,0.0,0.89447355,0.0,0.0,0.0,1.2222959,1.3316127,0.84734493,0.0,0.9881904,1.0812075,0.9506491,0.0,0.7493109,0.0,0.0,1.1259758,0.83968204,0.0,0.0,1.0955563,0.0,0.91151434,0.9200496,1.0085961,1.0371281,0.0,0.0,1.3408356
0.0,0.0,0.59906745,0.0,0.9234732,0.0,0.0,0.0,0.7644402,1.106585,0.89465714,0.0,0.62011504,0.66359425,0.50759166,0.0,1.1880447,0.0,0.0,0.39039773,0.95026356,0.0,0.0,0.7127704,0.0,0.6402912,0.8557092,0.5991373,0.7878018,0.0,0.0,0.75519454
0.0,0.0,1.0827652,0.0,1.3820459,0.0,0.0,0.0,1.1186624,1.2402378,0.97077864,0.0,1.1139979,1.6007746,0.98876625,0.0,1.2312733,0.0,0.0,1.2916665,1.2800758,0.0,0.0,1.3433621,0.0,1.2157708,0.7445545,1.2439913,1.0829632,0.0,0.0,1.1110117
0.0,0.0,1.1191247,0.0,1.0596664,0.0,0.0,0.0,1.2328545,0.8513897,0.97643906,0.0,1.1393033,1.3205193,0.8052453,0.0,1.2530215,0.0,0.0,1.4217911,0.89454234,0.0,0.0,0.8070078,0.0,1.2043319,0.6356697,1.019853,1.1547754,0.0,0.0,1.246538
1.1747694,1.37286,0.0,1.191319,0.0,0.9546801,1.1712425,1.1798749,0.0,0.0,0.0,1.2095438,0.0,0.0,0.0,1.424862,0.0,1.2281386,1.3606322,0.0,0.0,1.0938603,1.1477946,0.0,1.3734447,0.0,0.0,0.0,0.0,1.2663157,1.2442,0.0
0.23072344,0.0,0.599373,0.0,1.0495484,0.0,0.0,0.0,1.3040988,0.5092511,1.6816348,0.0,1.3055211,2.1528463,0.9771141,0.0,2.7978196,0.0,0.0,1.2215769,3.3482983,0.0,0.0,0.7578147,0.0,1.5362631,1.668138,0.3545272,1.6835761,0.0,0.0,1.0249056
0.10146418,0.0,0.41204804,0.0,0.6323982,0.0,0.0,0.0,0.7309318,0.71537036,1.0996245,0.0,1.1692245,1.378124,0.84159774,0.0,2.3217545,0.0,0.0,1.010825,2.8262596,0.0,0.08149548,0.4595912,0.0,1.2868793,1.3369175,0.6650295,1.4127572,0.0,0.0,0.83875954
0.0,0.0,1.621734,0.0,1.7060175,0.0,0.0,0.0,1.751461,1.4770525,1.5015382,0.0,1.4525155,1.4508389,1.5469865,0.0,1.5520359,0.0,0.0,1.4133946,1.2925206,0.0,0.0,1.7617195,0.0,1.3946364,1.6406434,1.6946145,1.5372086,0.0,0.0,1.4719344
0.0,0.0,1.1789627,0.0,0.6624178,0.0,0.0,0.0,1.0413964,0.7384514,1.1852366,0.0,1.2861034,0.7408665,1.0605476,0.0,1.262143,0.0,0.0,1.0267038,0.9087349,0.0,0.0,1.0736085,0.0,0.7758641,1.3745415,1.0620788,1.0313116,0.0,0.0,1.0436152
0.0,0.0,1.352542,0.0,1.107566,0.0,0.0,0.0,1.2700168,1.0487812,1.3001189,0.0,1.3300831,1.1577568,1.3699932,0.0,1.5503174,0.0,0.0,1.2790284,1.1597089,0.0,0.0,1.2947648,0.0,1.0222222,1.4641625,1.4593917,1.1291264,0.0,0.0,1.1752133
0.0,0.0,1.371329,0.0,1.450158,0.0,0.0,0.0,1.7382846,1.6696638,1.4351246,0.0,1.0809667,1.310628,1.3640625,0.0,1.2926582,0.0,0.0,1.1668522,1.6440455,0.0,0.0,1.6838871,0.0,1.4407521,1.4027774,1.4906543,1.5411478,0.0,0.0,1.5232807
0.0,0.0,1.2424145,0.0,0.7644809,0.0,0.0,0.0,1.3640453,1.2449096,1.1575394,0.0,1.3675671,1.7321213,0.68150306,0.0,1.6248714,0.0,0.0,1.3821139,1.0285403,0.0,0.0,1.1561229,0.0,1.5011326,0.91170186,0.69045365,1.2963898,0.0,0.0,1.4544096
0.0,0.0,1.1961626,0.0,0.71980774,0.0,0.0,0.0,1.16667,1.2484607,0.8221845,0.0,1.0651361,1.6643498,0.32067555,0.0,1.6232047,0.0,0.0,1.0890714,1.3772156,0.0,0.0,1.3178158,0.0,1.1917467,0.6081274,0.0,1.194565,0.0,0.0,1.037323
0.0,0.0,1.2508459,0.0,1.7278353,0.0,0.0,0.0,1.5729631,1.4663731,1.258675,0.0,0.8505597,0.8591823,1.3945227,0.0,1.2280114,0.0,0.0,1.1703757,1.1720362,0.0,0.0,1.6198258,0.0,1.3201661,1.415634,1.4575734,1.544448,0.0,0.0,1.1206324
0.0,0.0,1.2082193,0.0,1.7942284,0.0,0.0,0.0,1.4170982,1.8406937,1.3618741,0.0,1.2715436,1.4209403,1.5080256,0.0,1.1160806,0.0,0.0,1.6307125,1.8039978,0.0,0.0,1.7945154,0.0,1.2072109,1.1515648,1.5235417,1.257379,0.0,0.0,1.2755836
0.0,0.0,1.5512,0.0,0.39084494,0.0,0.0,0.0,1.3323299,1.287028,1.828661,0.0,1.0062478,0.7319135,1.4791763,0.0,0.84422505,0.0,0.0,1.1530135,0.554094,0.0,0.0,1.5131733,0.0,1.3879519,0.87398946,1.3366263,1.6658056,0.0,0.0,0.9784886
0.0,0.0,1.5191447,0.0,0.105977416,0.0,0.0,0.0,1.113751,1.3495202,1.1521673,0.0,1.4857199,0.9386359,1.366006,0.0,0.04903941,0.0,0.0,1.2039803,0.54860103,0.0,0.0,0.851234,0.0,1.7849118,1.1334065,0.9334086,1.2737849,0.0,0.0,1.388309
0.0,0.0,1.3727872,0.0,1.1801398,0.0,0.0,0.0,1.4188344,1.3976147,1.1113045,0.0,1.5256312,1.1640142,1.9625192,0.0,1.0677943,0.0,0.0,1.1717086,0.82547855,0.0,0.0,1.1078391,0.0,1.2458073,1.5901513,2.6687236,1.6530706,0.0,0.0,1.7199225
0.0,0.0,1.1248643,0.0,1.2424699,0.0,0.0,0.0,1.3770111,1.1512563,1.1062963,0.0,0.86165684,0.95691,1.3445603,0.0,1.2596469,0.0,0.0,1.1517746,1.0948018,0.0,0.0,1.1888183,0.0,1.0460957,1.1674981,1.4304816,1.2654574,0.0,0.0,1.1296504
0.0,0.0,2.88864,0.0,0.6862574,0.0,0.0,0.0,2.2846134,2.8778033,2.027552,0.0,3.3741145,2.5906513,2.404386,0.0,0.0,0.0,0.0,2.8083189,0.5321152,0.0,0.0,1.300757,0.0,3.0395002,2.5643623,1.7107513,2.3785312,0.0,0.0,3.998816
0.0,0.0,1.0688113,0.0,1.3944046,0.0,0.0,0.0,1.2639645,1.7060635,1.0937728,0.0,1.0635147,1.4978902,1.2213625,0.0,1.384705,0.0,0.0,1.560954,1.4647245,0.0,0.0,1.2366766,0.0,1.1736805,0.9758181,1.0728706,1.008305,0.0,0.0,1.3923485
0.0,0.0,1.2292297,0.0,0.81842136,0.0,0.0,0.0,1.1818854,1.1746243,1.1588125,0.0,1.3754878,1.2386092,1.0428035,0.0,1.3869427,0.0,0.0,1.3889257,1.0864733,0.0,0.0,1.3249388,0.0,0.8240411,1.3965777,0.9503025,1.0202336,0.0,0.0,1.1999793
0.0,0.0,1.177976,0.0,1.285429,0.0,0.0,0.0,1.1937623,1.1053364,1.1890184,0.0,1.0129769,1.0017622,1.2522502,0.0,1.2384315,0.0,0.0,1.1827765,1.2138916,0.0,0.0,1.258422,0.0,1.0874472,0.9869869,1.2795382,1.1898706,0.0,0.0,0.90711427
0.0,0.0,1.0354357,0.0,0.2691273,0.0,0.0,0.0,1.1415287,1.0586455,0.87699145,0.0,1.2677106,0.79504406,0.7379028,0.0,0.57327926,0.0,0.0,1.3922833,0.29447404,0.0,0.0,0.7124145,0.0,0.8490047,0.95945597,1.0213249,0.7688854,0.0,0.0,1.1863463
0.0,0.0,0.7585635,0.0,0.0,0.0,0.0,0.0,0.7816977,0.4497511,1.0795476,0.0,0.6229353,0.44390777,1.049695,0.0,0.8534489,0.0,0.0,0.9561146,0.7614905,0.0,0.0,1.0377953,0.0,0.5982284,0.81748974,1.0196201,0.87834275,0.0,0.0,0.41127765
0.0,0.0,1.2605392,0.0,1.4769522,0.0,0.0,0.0,1.6089102,1.23697,1.301074,0.0,0.8868768,0.3802939,1.5490443,0.0,0.788666,0.0,0.0,0.9487328,1.1190197,0.0,0.0,1.7351615,0.0,0.9482235,1.6051062,1.8611206,1.6067113,0.0,0.0,1.0406401
0.0,0.0,0.8079127,0.0,0.54590225,0.0,0.0,0.0,0.6958422,0.55932647,0.7091813,0.0,0.82113796,0.88021564,0.9159983,0.0,1.1121646,0.0,0.0,0.9715642,0.7951866,0.0,0.0,0.74722475,0.0,0.51717067,0.7469287,0.8868461,0.6058539,0.0,0.0,0.55914044
0.0,0.0,0.6657953,0.0,0.7483124,0.0,0.0,0.12784213,0.7195939,0.9402746,0.987689,0.0,0.7727026,0.4645989,0.7459396,0.0,1.0294797,0.0,0.0,0.7712435,0.6588395,0.0,0.0,0.5742824,0.0,0.8192606,0.63915914,1.0556016,0.68178,0.0,0.0,0.67209965
0.0,0.0,1.252418,0.0,1.2770075,0.0,0.0,0.0,1.2269619,1.1043912,1.052031,0.0,0.95871955,0.9008683,1.3075287,0.0,1.2070472,0.0,0.0,0.9833629,1.1244094,0.0,0.0,1.4859338,0.0,1.0693849,1.1822337,1.3676938,1.2064816,0.0,0.0,1.0086395
0.0,0.0,0.82202435,0.0,0.5785755,0.0,0.0,0.0,0.748261,0.60193074,0.60991055,0.0,0.71003014,1.0883807,0.48606682,0.0,1.0095595,0.0,0.0,0.7778868,0.86114335,0.0,0.0,0.85317445,0.0,0.79105896,0.43349463,0.60228395,0.77539486,0.0,0.0,0.62360656
0.0,0.42261833,0.18231972,0.1984942,0.0,0.32671142,0.35856378,0.32812855,0.04628287,0.0,0.30637997,0.4282152,0.20148693,0.1219914,0.25615963,0.28478435,0.061288606,0.049237397,0.43694144,0.24347064,0.29076597,0.07953467,0.4199016,0.00215476,0.1291295,0.0,0.1296931,0.045352317,0.18756825,0.5552971,0.12140253,0.0
0.0,0.0,0.8741549,0.0,1.1106985,0.0,0.0,0.0,0.8909535,0.982032,0.86306995,0.0,1.017973,1.0176295,0.9516245,0.0,0.90164495,0.0,0.0,1.0419652,1.1913036,0.0,0.0,1.1259753,0.0,0.7936762,0.60904557,1.143605,0.958262,0.0,0.0,0.8389457
0.0,0.0,0.7454729,0.0,0.4715413,0.0,0.0,0.0,0.72458047,0.53367794,0.55655646,0.0,0.4882325,0.520084,0.46257693,0.0,0.40765288,0.0,0.0,0.51465183,0.7073461,0.0,0.0,0.8129873,0.0,0.5821733,0.55936205,0.19874407,0.8946587,0.0,0.0,0.54895335
0.0,0.0,1.1116115,0.0,1.4654917,0.0,0.0,0.0,1.0789883,1.3422863,1.1774303,0.0,0.93911135,0.99648106,1.5994807,0.0,1.2721189,0.0,0.0,1.2174631,1.8022301,0.0,0.0,1.7036166,0.0,0.81458,1.0704709,1.3823843,1.1110029,0.0,0.0,0.79925495
0.0,0.0,0.8721174,0.0,0.19311322,0.0,0.0,0.0,0.6799697,0.31846854,0.5926143,0.0,0.87255305,0.7974621,0.47616544,0.0,1.1644052,0.0,0.0,0.83793986,0.65202487,0.0,0.0,0.6533775,0.0,0.57309383,0.797719,0.45487916,0.6848173,0.0,0.0,0.47177213
0.0,0.0,1.2405822,0.0,0.84163266,0.0,0.0,0.0,1.7177755,1.7300091,1.4476869,0.0,1.6141155,1.3315151,1.114678,0.0,1.1250787,0.0,0.0,1.8699948,0.6829003,0.0,0.0,1.3241124,0.0,1.2587993,1.2970229,1.6234406,1.3051864,0.0,0.0,1.735875
0.17514049,0.13913926,0.0,0.20895118,0.0,0.81485814,0.47746313,0.5983113,0.0,0.0,0.0,0.64399856,0.0,0.0,0.0,0.36790758,0.0,0.30835703,0.3847581,0.0,0.0,0.05146742,0.4438618,0.0,0.1816256,0.0,0.0,0.0,0.0,0.32149678,0.7078001,0.0
0.0,0.0,1.2967858,0.0,1.3473839,0.0,0.0,0.0,1.2421219,1.2044758,1.2319016,0.0,0.9837131,0.7890785,1.3201021,0.0,1.0385398,0.0,0.0,1.0471243,1.1966662,0.0,0.0,1.335481,0.0,1.0796822,1.0992786,1.3904895,1.1901988,0.0,0.0,0.9323751
0.0,0.0,0.9873607,0.0,0.770845,0.0,0.0,0.0,0.95824116,0.87487054,1.059093,0.0,1.0323719,1.1277119,0.99856967,0.0,1.4033352,0.0,0.0,1.1638721,1.1002222,0.0,0.0,0.84243995,0.0,0.6254602,0.96031,0.9185664,0.8771093,0.0,0.0,0.8994167
0.0,0.0,1.3481759,0.0,1.2948633,0.0,0.0,0.0,1.2093711,1.1459211,1.1822304,0.0,1.1781325,1.3433442,1.4847534,0.0,1.4826035,0.0,0.0,1.3904619,1.3486038,0.0,0.0,1.3819816,0.0,1.1233625,1.2493162,1.3666241,1.0043831,0.0,0.0,1.085732
0.0,0.0,1.069137,0.0,1.3159072,0.0,0.0,0.0,1.4046341,1.4084705,1.2065564,0.0,0.8897401,1.0697616,1.2928716,0.0,1.2694134,0.0,0.0,1.1853545,1.3129901,0.0,0.0,1.1343083,0.0,1.0440369,1.2661433,1.2672434,1.2337778,0.0,0.0,1.38432
0.0,0.0,1.2845334,0.0,1.513918,0.0,0.0,0.0,1.5243691,1.3207783,1.5110581,0.0,1.2281696,1.3650272,1.3852124,0.0,1.633185,0.0,0.0,1.4116777,1.3892678,0.0,0.0,1.1637462,0.0,1.1605351,1.6174346,1.305433,1.318591,0.0,0.0,1.3181134
0.0,0.0,0.7955539,0.0,0.6924233,0.0,0.0,0.0,0.7855393,0.9679825,0.96549153,0.0,0.9596992,0.9624964,0.7635669,0.0,1.2578603,0.0,0.0,0.85348034,0.93018425,0.0,0.0,0.7085957,0.0,0.6989494,0.9128233,0.859367,0.7391779,0.0,0.0,0.93929225
0.0,0.0,1.0668521,0.0,1.5650115,0.0,0.0,0.0,1.6496735,1.6645734,2.06144,0.0,0.7626086,1.3580312,1.6121856,0.0,1.721082,0.0,0.0,2.060485,1.765578,0.0,0.0,1.6828768,0.0,1.5184436,0.8916635,1.2201436,1.7397081,0.0,0.0,0.8943569
0.0,0.0,0.52087903,0.0,0.21263856,0.0,0.0,0.0,0.53912175,0.8187894,1.2865766,0.0,1.4768901,1.1073292,0.98145443,0.0,1.5575198,0.0,0.0,0.86117846,1.2399253,0.0,0.0,0.4968136,0.0,0.48753762,1.6487528,1.3048832,0.8150231,0.0,0.0,1.7344357
0.0,0.0,1.3216766,0.0,1.0411688,0.0,0.0,0.0,1.679053,1.6433451,1.5721388,0.0,1.8347923,1.3817619,1.0627396,0.0,0.8568424,0.0,0.0,1.6317446,0.826779,0.0,0.0,1.1890392,0.0,1.573764,1.5665267,1.1092647,1.5753309,0.0,0.0,1.8896009
0.026258837,0.028028421,0.030760985,0.1994037,0.0,0.07090126,0.15530361,0.33977917,0.0,0.0,0.0,0.04704984,0.0,0.0,0.0,0.27096635,0.0,0.0,0.1503615,0.0,0.0,0.0,0.0,0.03218017,0.19741291,0.0,0.05771931,0.0,0.0,0.033452712,0.0,0.012114339
0.0,0.0,1.0683541,0.0,1.1358241,0.0,0.0,0.0,1.3433332,0.98582643,1.2072233,0.0,1.060951,0.64916605,1.0211046,0.0,1.0931939,0.0,0.0,1.0030055,0.8226465,0.0,0.0,1.1890017,0.0,0.817665,1.7089728,1.2158102,1.3060356,0.0,0.0,0.89395267
0.0,0.0,0.27139664,0.0,0.71783763,0.0,0.0,0.0,0.29701155,0.900455,0.4684189,0.0,0.5024273,1.1615056,0.5620333,0.0,1.1376157,0.0,0.0,0.76877767,1.141353,0.0,0.035198145,0.56753856,0.0,0.5431723,0.20910576,1.1316981,0.93048006,0.0,0.0,1.1331216
0.0,0.0,1.2936059,0.0,1.0567805,0.0,0.0,0.0,1.2083937,1.1614972,0.9835772,0.0,1.2121598,1.5771207,0.75536984,0.0,1.7427868,0.0,0.0,1.2499406,1.1860577,0.0,0.0,1.3648514,0.0,1.0331161,1.1975434,0.79103976,1.1828239,0.0,0.0,1.1881267
0.0,0.0,1.2325901,0.0,1.0137415,0.0,0.0,0.0,1.1970671,1.2032562,0.98115957,0.0,1.0854423,1.2580998,1.0713565,0.0,1.2816364,0.0,0.0,1.2099422,1.1547456,0.0,0.0,1.3850791,0.0,0.9364487,1.0512005,1.0033647,1.1323152,0.0,0.0,1.1600664
0.0,0.0,0.5550319,0.0,0.004605945,0.0,0.0,0.0,0.47693998,0.17050551,0.22663963,0.0,0.29549232,0.42063105,0.037028074,0.0,0.8538602,0.0,0.0,0.24172717,0.33850908,0.0,0.0,0.5969377,0.0,0.44487584,0.32223248,0.13403875,0.5026007,0.0,0.036037132,0.17746994
0.0,0.0,1.0594678,0.0,0.7204961,0.0,0.0,0.0,1.0285428,1.3938484,1.1024297,0.0,1.328805,1.1098932,0.84871906,0.0,1.0430374,0.0,0.0,0.9110316,0.77988744,0.0,0.0,0.9676895,0.0,0.81394917,1.2781131,0.9405478,1.0194528,0.0,0.0,1.6243451
0.82267976,0.9100524,0.0,0.96885765,0.0,0.9108015,1.0400184,0.9076835,0.0,0.0,0.0,1.0394816,0.0,0.0,0.0,0.98977095,0.0,0.8718774,0.9853069,0.0,0.0,0.9165642,0.77115166,0.0,1.140312,0.0,0.0,0.0,0.0,0.8753643,0.73031,0.0
0.0,0.0,1.5038689,0.0,1.5981046,0.0,0.0,0.0,1.7019858,2.1120741,1.6788853,0.0,1.7430861,1.8508861,1.1257247,0.0,1.7093534,0.0,0.0,1.7525567,1.2309396,0.0,0.0,1.3225678,0.0,1.4547513,1.747616,1.313179,1.3092462,0.0,0.0,1.8559171
0.0,0.0,0.8704939,0.0,0.8797042,0.0,0.0,0.0,0.7107976,0.5346429,0.9187255,0.0,0.58560634,0.73193026,1.2448046,0.0,1.1918116,0.0,0.0,0.8161462,1.015751,0.0,0.0,0.73136437,0.0,0.68479633,0.6757969,1.0773311,0.68446594,0.0,0.0,0.4144258
0.0,0.0,0.86417687,0.0,0.65841305,0.0,0.0,0.0,0.8892091,0.62960243,0.85370976,0.0,0.71691644,0.7661798,0.9191059,0.0,0.98147374,0.0,0.0,0.8629412,0.88761693,0.0,0.0,0.6263764,0.0,0.5677017,0.8967942,0.78490835,0.82053864,0.0,0.0,0.6839835
0.0,0.0,0.45276335,0.0,0.21114987,0.0,0.0,0.07350521,0.16174707,0.0061321557,0.4298845,0.0,0.259121,0.0,0.5692852,0.027938072,0.21794158,0.0,0.07248263,0.14210275,0.46031561,0.0,0.021098603,0.4179179,0.0,0.14126083,0.3033185,0.51778,0.3169468,0.0,0.0,0.0
0.0,0.0,1.5285248,0.0,0.85931534,0.0,0.0,0.0,1.5943842,1.1998949,1.3967392,0.0,1.1089375,1.6226828,1.6670595,0.0,0.8259977,0.0,0.0,1.0721302,0.83520424,0.0,0.0,0.99131197,0.0,1.4420797,1.1894135,1.7255403,1.6214285,0.0,0.0,1.3321688
0.0,0.0,1.8200268,0.0,0.693016,0.0,0.0,0.0,1.7526982,1.8774769,1.7920582,0.0,1.6577308,1.8367678,1.7624264,0.0,0.75537074,0.0,0.0,1.798499,0.7317582,0.0,0.0,1.2653843,0.0,2.1014152,1.3714626,1.5663017,1.7866594,0.0,0.0,2.1216385
0.09379363,0.0,0.30639324,0.0,0.16945602,0.0,0.0,0.21963456,0.08276545,0.08691538,0.33105966,0.00071988255,0.13261534,0.0,0.29961115,0.024405476,0.2145339,0.0,0.0,0.0996078,0.25019488,0.0,0.0,0.3325296,0.0,0.12579289,0.22617757,0.33335793,0.22461164,0.0,0.0,0.04700973
0.0,0.0,1.135638,0.0,1.2566692,0.0,0.0,0.0,1.1902933,1.6031299,0.97417897,0.0,0.94723785,1.2129316,1.0856228,0.0,1.1278307,0.0,0.0,1.1053588,1.3744314,0.0,0.0,1.3064121,0.0,1.0195936,1.0344664,0.8507268,1.1236458,0.0,0.0,1.4841236
0.0,0.0,1.2454886,0.0,1.4519223,0.0,0.0,0.0,1.348262,1.2677513,1.2325051,0.0,1.1018285,1.0704311,1.3452789,0.0,1.2524737,0.0,0.0,1.3038481,1.35414,0.0,0.0,1.5422443,0.0,1.0939852,1.1984131,1.3569549,1.3280077,0.0,0.0,1.0683334
0.0,0.0,1.4464589,0.0,1.4272875,0.0,0.0,0.0,1.8141329,1.1752682,1.7127832,0.0,1.3612267,0.8384999,1.763705,0.0,1.1842352,0.0,0.0,1.1929965,1.5638732,0.0,0.0,1.5154054,0.0,1.4264473,2.0162961,1.9453591,1.5493538,0.0,0.0,1.4331505
0.0,0.0,0.2606935,0.0,0.0,0.0,0.0,0.0,0.40485883,0.51652366,0.9529228,0.10943718,0.7220363,0.0,0.8340545,0.0,0.0,0.0,0.0,1.1377053,0.0,0.0,0.0,0.1169413,0.0,0.81132233,0.27845818,0.2921992,0.8468005,0.0,0.0,0.57886034
0.0,0.0,1.2084346,0.0,1.1666871,0.0,0.0,0.0,1.5866526,1.1736127,1.3522048,0.0,0.94122285,2.0020049,0.8158793,0.0,1.8664197,0.0,0.0,1.5943505,1.3609937,0.0,0.0,2.0087392,0.0,1.5842088,0.6372446,0.70197856,1.7344177,0.0,0.0,1.0813385
0.0,0.0,0.940663,0.0,1.2828099,0.0,0.0,0.0,1.155178,1.0607767,1.1075683,0.0,0.77339023,0.6990998,1.3013724,0.0,0.95025575,0.0,0.0,0.96751285,1.2421621,0.0,0.0,1.1391716,0.0,0.9709415,0.9534707,1.5091999,1.1120521,0.0,0.0,0.7187789
0.0,0.0,1.4128312,0.0,0.8678532,0.0,0.0,0.0,1.6929969,1.6907917,1.3745104,0.0,1.7339371,1.5320481,1.1380541,0.0,1.2215177,0.0,0.0,1.5641071,0.86377823,0.0,0.0,1.4121794,0.0,0.9613762,1.7749603,1.442471,1.3685623,0.0,0.0,1.9213533
0.0,0.0,1.2908837,0.0,1.0972126,0.0,0.0,0.0,1.3822639,1.3606538,1.2698526,0.0,1.3963349,1.6319197,1.0836667,0.0,1.7038938,0.0,0.0,1.4592644,1.2411864,0.0,0.0,1.2425609,0.0,1.0154991,1.3685849,1.1407068,1.178482,0.0,0.0,1.4330801
0.0,0.0,0.75727487,0.0,1.1873039,0.0,0.0,0.0,1.1147155,1.358033,0.99695635,0.0,0.7548054,0.88606507,1.198086,0.0,0.7558409,0.0,0.0,0.9823178,1.3098916,0.0,0.0,1.1939323,0.0,0.76078016,0.82399195,1.171003,1.0465671,0.0,0.0,0.7562783
0.0,0.0,1.2667054,0.0,1.1075867,0.0,0.0,0.0,1.2428501,1.0172136,1.204011,0.0,1.1610171,1.2106712,1.4079462,0.0,1.5303499,0.0,0.0,1.2616135,1.2180549,0.0,0.0,1.255346,0.0,1.0076964,1.3135266,1.3997701,1.099626,0.0,0.0,1.0905674
0.0,0.0,1.0221715,0.0,0.5880493,0.0,0.0,0.0,0.9216561,0.7621228,0.96905667,0.0,0.9986086,0.5350706,0.4574395,0.0,0.9117453,0.0,0.0,0.7112253,0.61201626,0.0,0.0,1.084357,0.0,0.98789966,0.6496839,0.58189714,1.0779808,0.0,0.0,0.66083723
0.0,0.0,1.0735056,0.0,0.6511689,0.0,0.0,0.0,1.0606877,0.8169233,0.996819,0.0,1.0478339,0.9924222,0.94010264,0.0,1.2030071,0.0,0.0,1.1179775,1.040981,0.0,0.0,1.0653208,0.0,0.58930755,0.9611371,0.99758506,0.9907517,0.0,0.0,0.7847538
0.0,0.0,1.3184949,0.0,1.4347333,0.0,0.0,0.0,1.2369153,1.3432282,1.1774057,0.0,1.2900691,1.4151744,1.4267243,0.0,1.4683414,0.0,0.0,1.5939121,1.3945664,0.0,0.0,1.5638855,0.0,1.1693709,1.1267707,1.229695,1.0248015,0.0,0.0,1.0530738
0.0,0.0,1.1257433,0.0,1.5152284,0.0,0.0,0.0,1.4867065,1.44089,1.1824412,0.0,0.820812,0.8220093,1.3062259,0.0,1.0044942,0.0,0.0,1.1930926,1.1535152,0.0,0.0,1.3039064,0.0,1.2106422,1.324249,1.2578639,1.4148148,0.0,0.0,1.2229515
0.0,0.0,0.6731312,0.0,0.35619265,0.0,0.0,0.0,0.5093115,0.3808844,0.6993184,0.0,0.5796598,0.0,0.56642973,0.0,0.41420695,0.0,0.0,0.31940606,0.3744414,0.0,0.0,0.6122288,0.0,0.47824854,0.5194284,0.558159,0.6798777,0.0,0.0,0.30728775
0.0,0.0,1.2020197,0.0,1.5810812,0.0,0.0,0.0,1.6421636,1.6639513,1.3633542,0.0,0.9091724,1.0700841,1.2497762,0.0,1.1645865,0.0,0.0,1.0527518,1.2204251,0.0,0.0,1.4001569,0.0,1.2516652,1.4530212,1.2915738,1.4609754,0.0,0.0,1.5511907
0.0,0.0,1.2404343,0.0,1.30363,0.0,0.0,0.0,1.3596317,1.0965677,1.2299786,0.0,1.0758555,1.2674159,1.3142289,0.0,1.500964,0.0,0.0,1.208953,1.2246332,0.0,0.0,1.1746273,0.0,1.0850769,1.3024,1.2821146,1.2388096,0.0,0.0,1.1656586
0.0,0.0,1.235635,0.0,1.3810064,0.0,0.0,0.0,1.3100985,1.3261095,0.97442526,0.0,0.89637506,1.0530765,1.3514247,0.0,1.2440989,0.0,0.0,1.1052896,1.4314946,0.0,0.0,1.7255292,0.0,0.9803381,1.0272297,1.2176416,1.3503947,0.0,0.0,1.0609607
0.0,0.0,1.4644921,0.0,1.4497414,0.0,0.0,0.0,1.612243,1.163324,1.7408463,0.0,1.0770773,1.6979886,1.6856356,0.0,1.809599,0.0,0.0,1.8027323,1.3728503,0.0,0.0,1.4745167,0.0,1.613475,1.2598535,1.4373956,1.6735142,0.0,0.0,0.90026355
0.0,0.24645847,0.5956799,0.018071573,0.0,0.0,0.09930647,0.0,0.54700094,0.43295994,0.9483774,0.0,0.3803811,0.0,0.8305667,0.2004707,0.0,0.0,0.35511705,0.6703422,0.4131645,0.0,0.0,0.9520933,0.0,0.44430774,0.4442132,0.4390664,0.8101129,0.0,0.04770431,0.19565693
0.0,0.0,0.7593112,0.0,0.98130906,0.0,0.0,0.0,1.354446,0.85721135,1.5949149,0.0,0.9133352,0.9453682,1.1326525,0.0,0.52247244,0.0,0.08898915,1.3768247,0.7653262,0.0,0.0,1.0888416,0.0,1.1914132,0.8200327,1.1879193,1.7487415,0.0,0.0,0.85771346
0.0,0.0,0.9449376,0.0,0.6886272,0.0,0.0,0.0,0.8953781,0.9579478,0.55582464,0.0,0.7951461,1.2977697,0.43814135,0.0,1.132262,0.0,0.0,0.856111,1.020987,0.0,0.0,1.1781591,0.0,0.6757036,0.5878232,0.5384017,0.89284027,0.0,0.0,0.9764744
0.0,0.0,0.9192172,0.0,1.6349378,0.0,0.0,0.0,1.3596332,1.7220056,1.4951501,0.0,0.9880312,1.2975734,0.97365415,0.0,1.7559557,0.0,0.0,1.2664347,1.2388426,0.0,0.0,1.0237484,0.0,1.5031519,1.0278963,1.5872141,0.8729308,0.0,0.0,0.9950259
0.0,0.0,1.1613634,0.0,1.4207685,0.0,0.0,0.0,1.1698693,1.295057,1.0664296,0.0,1.3149552,1.4835598,1.1173254,0.0,1.3411877,0.0,0.0,1.4443309,1.5937963,0.0,0.0,1.3182634,0.0,1.1561484,0.9067702,1.0897695,1.3080038,0.0,0.0,1.2729019
0.0,0.0,1.3143306,0.0,0.692992,0.0,0.0,0.0,1.3107692,1.2726845,1.2009273,0.0,1.561855,1.548407,0.90619147,0.0,1.6591344,0.0,0.0,1.6661984,0.9702058,0.0,0.0,1.2046673,0.0,1.160542,1.1780018,0.99474996,0.9915641,0.0,0.0,1.3034526
0.0,0.0,0.2944607,0.0,0.0,0.0,0.0,0.009332068,0.010512404,0.10238151,0.25164482,0.0,0.3474133,0.0,0.15220818,0.0,0.19816574,0.0,0.09941211,0.23453662,0.3090356,0.0,0.0,0.49420777,0.0,0.0,0.37349242,0.20725709,0.10491365,0.0,0.17820856,0.16742817
0.0,0.0,0.7646971,0.0,0.5648395,0.0,0.0,0.0,0.5950272,0.49580446,0.7464303,0.0,0.57458884,0.01577276,0.76520437,0.0,0.36874273,0.0,0.0,0.26897696,0.5093636,0.0,0.0,0.8468276,0.0,0.67423904,0.65231514,0.71550274,0.74677753,0.0,0.0,0.47575468
0.0,0.0,0.45947528,0.0,0.43480414,0.0,0.0,0.0,0.5876397,0.66182107,0.19751218,0.0,0.24202609,0.8513917,0.59922624,0.0,0.41466817,0.08358632,0.0,0.55922914,0.48870274,0.0,0.0,0.54749525,0.0,0.4711873,0.020732127,0.5929746,0.588095,0.0,0.0,0.52781904
0.20892116,0.32641923,0.0,0.517118,0.0,0.38208288,0.50525624,0.38990474,0.0,0.0,0.0,0.49037117,0.022299655,0.0,0.0,0.47008055,0.0,0.17732082,0.6066433,0.0,0.0,0.49322248,0.28414655,0.0,0.5626864,0.0,0.0,0.0,0.0,0.42761356,0.5315095,0.0
0.0,0.0,1.8776209,0.0,1.6773509,0.0,0.0,0.0,1.8362674,2.1592205,2.1732202,0.0,1.5945072,1.6751738,2.0798416,0.0,1.0367161,0.0,0.0,2.1291194,0.941063,0.0,0.0,1.1431688,0.0,1.9900388,1.6451625,2.374091,2.109011,0.0,0.0,1.8973994
0.0,0.0,1.5615488,0.0,0.69563454,0.0,0.0,0.0,1.560884,1.1419494,1.3813889,0.0,1.1081929,1.613714,1.5822939,0.0,0.8793007,0.0,0.0,1.062015,0.6868131,0.0,0.0,0.9459115,0.0,1.524163,1.0345224,1.5727441,1.5941488,0.0,0.0,1.2131269
0.0,0.0,1.8539926,0.0,0.40646654,0.0,0.0,0.0,1.610948,1.4121836,1.7056686,0.0,1.6764103,1.5674176,1.5691483,0.0,0.7623339,0.0,0.0,1.5282633,0.6468586,0.0,0.0,1.5012395,0.0,1.7942939,1.212054,1.3255162,1.8548133,0.0,0.0,1.7638712
0.0,0.0,1.3614233,0.0,1.7084006,0.0,0.0,0.0,1.4140165,1.4818296,1.2407336,0.0,0.9313017,0.7537495,1.7053517,0.0,1.0509462,0.0,0.0,1.2560595,1.5056041,0.0,0.0,1.8172493,0.0,1.095886,1.3807851,1.5057454,1.4429946,0.0,0.0,1.0630984
0.0,0.0,1.1335711,0.0,1.0456611,0.0,0.0,0.0,1.112222,0.8873855,1.0644476,0.0,1.0413346,1.3217776,1.2599114,0.0,1.5973672,0.0,0.0,1.3184584,1.2118806,0.0,0.0,0.99737394,0.0,0.88979584,1.186058,1.136859,0.93758166,0.0,0.0,0.900922
0.0,0.0,1.5270619,0.0,0.9191951,0.0,0.0,0.0,1.434869,1.1136727,1.770622,0.0,0.63129634,0.67872155,1.3041972,0.0,0.5493738,0.0,0.0,0.60382503,0.54611564,0.0,0.0,1.169138,0.0,1.6123121,0.8814351,1.1278485,1.7620447,0.0,0.0,0.70067096
0.0,0.0,1.3694236,0.0,0.013290662,0.0,0.0,0.0,1.0634243,1.5714126,1.2858676,0.0,1.9851245,1.0858514,1.3271931,0.0,0.6003671,0.0,0.0,1.3553003,1.0255867,0.0,0.0,0.6839227,0.0,1.7158097,1.8150764,1.3149976,1.1377448,0.0,0.0,1.970567
0.0,0.0,0.21576391,0.0,0.0,0.056316733,0.0,0.2060912,0.030529719,0.0,0.22028327,0.07444213,0.30133545,0.0,0.17874748,0.06848548,0.30179325,0.0,0.08683181,0.15556316,0.10158759,0.0,0.0,0.2670509,0.0,0.068216845,0.28496218,0.13566099,0.24153543,0.0,0.0,0.0
0.0,0.0,1.6200433,0.0,1.1369411,0.0,0.0,0.0,1.5723857,1.3603525,1.0311066,0.0,1.2031018,2.044017,0.621694,0.0,2.079695,0.0,0.0,1.2569466,1.6849495,0.0,0.0,1.8982838,0.0,1.68978,1.0390831,0.32842952,1.5560039,0.0,0.0,1.5984691
0.0,0.0,1.2521948,0.0,0.97785336,0.0,0.0,0.0,1.1213937,1.0616363,1.0187718,0.0,1.0081099,1.4149848,0.7270116,0.0,1.6226884,0.0,0.0,1.0902424,1.4659886,0.0,0.0,1.3350658,0.0,1.1493317,0.71917367,0.5534466,1.2234648,0.0,0.0,0.9405446
0.0,0.0,0.77823913,0.0,1.4657727,0.0,0.0,0.082937814,1.1232208,1.4573184,1.4374857,0.0,0.83066154,0.8050132,1.105051,0.0,1.3053951,0.0,0.0,1.0076449,1.0453743,0.0,0.0,0.7979932,0.0,1.2325011,0.98208827,1.6431004,0.66451526,0.0,0.0,0.60420704
0.0,0.0,2.0050578,0.0,0.52561164,0.0,0.0,0.0,1.3715752,2.0046334,1.1949129,0.0,1.8674892,1.6037955,1.3277113,0.0,0.009368494,0.0,0.0,1.3289684,0.28485817,0.0,0.0,0.50791264,0.0,2.3096833,1.652655,1.135774,1.53679,0.0,0.0,2.0215926
0.0,0.0,1.3163059,0.0,0.868556,0.0,0.0,0.0,1.2967452,1.0571185,1.0911741,0.0,1.2772826,1.3220038,1.0895004,0.0,1.5337497,0.0,0.0,1.3908637,1.2593746,0.0,0.0,1.4858882,0.0,0.8545466,1.1474259,1.2322236,1.185105,0.0,0.0,1.2064958
0.0,0.0,1.2415351,0.0,1.602759,0.0,0.0,0.0,1.434959,1.4416696,1.3444303,0.0,1.0816396,1.3808498,1.2365582,0.0,1.6039358,0.0,0.0,1.3326527,1.3863223,0.0,0.0,1.337122,0.0,1.2507656,1.2418494,1.1751757,1.3031079,0.0,0.0,1.2230941
0.0,0.0,0.8488116,0.0,0.6485956,0.0,0.0,0.0,0.961564,0.7632916,1.0271467,0.0,0.89079833,0.45827785,0.80940384,0.0,0.6841702,0.0,0.0,0.86521935,0.7015024,0.0,0.0,1.0150924,0.0,0.7123435,0.79186803,1.0479543,0.9826714,0.0,0.0,0.72102934
0.0,0.0,1.3779621,0.0,0.9986793,0.0,0.0,0.0,1.5842307,1.381729,1.2382281,0.0,1.5473018,1.8639089,0.82582194,0.0,1.5149764,0.0,0.0,1.445767,0.9278592,0.0,0.0,1.3903198,0.0,1.6097158,1.0802836,1.0764574,1.4999365,0.0,0.0,1.7194369
0.0,0.0,1.0820686,0.0,0.6114798,0.0,0.0,0.0,0.83270216,0.78678536,0.954367,0.0,1.0522519,0.8058025,0.99481237,0.0,1.0885239,0.0,0.0,1.0345037,0.89921236,0.0,0.0,1.0543418,0.0,0.6925997,1.1423697,0.99679935,0.7376795,0.0,0.0,0.7583494
0.0,0.0,1.1290287,0.0,1.3613073,0.0,0.0,0.0,1.3211094,1.7818412,1.2331103,0.0,1.0002022,1.155401,0.8890395,0.0,1.2291392,0.0,0.0,0.8569329,1.2270646,0.0,0.0,1.2937471,0.0,1.0978296,1.2401235,0.89221543,1.2849318,0.0,0.0,1.7524539
0.0,0.0,1.0950705,0.0,0.81161755,0.0,0.0,0.0,1.0806118,0.6247524,1.0797176,0.0,1.1023899,0.9471382,1.1355735,0.0,1.4887104,0.0,0.0,1.1018118,0.8335343,0.0,0.0,0.9780231,0.0,0.7941507,1.2373229,1.3195978,0.9543085,0.0,0.0,0.8950109
0.0,0.0,1.3972594,0.0,0.44967544,0.0,0.0,0.0,1.0658771,1.2042578,1.1850663,0.0,1.2534117,0.9390649,1.3432409,0.0,0.27445534,0.0,0.0,1.0880376,0.57615125,0.0,0.0,0.49642226,0.0,1.5068191,0.9309175,1.1975836,1.2891837,0.0,0.0,1.1906768
0.0,0.0,1.4427189,0.0,0.62595564,0.0,0.0,0.0,1.5483557,1.4215995,1.0037596,0.0,1.1162333,1.7710449,1.483938,0.0,1.3302841,0.0,0.0,1.1553963,1.249517,0.0,0.0,1.9137357,0.0,0.9374147,1.3902109,2.2749438,1.5851986,0.0,0.0,1.6869696
0.0,0.0,1.1031896,0.0,0.7927078,0.0,0.0,0.0,1.3644147,1.1516634,1.5118909,0.0,1.2156034,1.1923156,1.1881679,0.0,1.1672482,0.0,0.0,1.4520679,1.1328479,0.0,0.0,1.4622108,0.0,1.4214697,0.88180476,1.1107154,1.451453,0.0,0.0,1.0478317
0.0,0.0,1.0761625,0.0,1.3936621,0.0,0.0,0.0,1.5642875,1.4937036,1.1521403,0.0,0.7973557,0.91579425,1.2066654,0.0,0.911329,0.0,0.0,1.1940453,1.0365683,0.0,0.0,1.2130214,0.0,1.163844,1.4126822,1.2532619,1.3285024,0.0,0.0,1.2995398
0.0,0.0,1.2433968,0.0,1.2530252,0.0,0.0,0.0,1.246286,1.0516024,1.2521243,0.0,1.2110281,1.4181843,1.3879333,0.0,1.7343823,0.0,0.0,1.5142009,1.3278667,0.0,0.0,1.1427474,0.0,1.0359191,1.3513812,1.2837137,1.0237583,0.0,0.0,0.95316607
0.0,0.0,0.95109725,0.0,0.5856323,0.0,0.0,0.0,0.85100883,0.62377346,0.78529,0.0,0.9440371,1.1666418,0.6539924,0.0,1.388486,0.0,0.0,1.0629895,0.81258017,0.0,0.0,0.6063162,0.0,0.8221142,0.73167527,0.615478,0.8223109,0.0,0.0,0.7463656
0.0,0.0,1.5181576,0.0,0.45279342,0.0,0.0,0.0,1.1753093,1.1373167,1.545425,0.0,0.8670346,0.87987757,1.3725052,0.0,0.53215927,0.0,0.0,1.0224085,0.50463784,0.0,0.0,1.1162283,0.0,1.4464314,0.5962696,1.0009031,1.5000472,0.0,0.0,0.78466344
0.0,0.0,1.3319824,0.0,0.24528633,0.0,0.0,0.0,1.2449338,0.98040366,1.4099356,0.0,0.8578187,1.5559217,1.1147285,0.0,1.1270514,0.0,0.0,1.2410141,0.6714532,0.0,0.0,1.1053656,0.0,1.2981298,0.56606954,0.7864897,1.5920962,0.0,0.0,0.8132991
0.0,0.0,1.419184,0.0,1.0943525,0.0,0.0,0.0,1.4882737,1.1976104,1.8140628,0.0,0.67762303,0.069368824,1.6834548,0.0,0.8185991,0.0,0.0,1.277829,0.48074782,0.0,0.0,1.5211601,0.0,1.0001147,1.7568929,2.6466103,2.1217575,0.0,0.0,1.1373487
0.45182735,0.5062193,0.0,0.62010384,0.0,0.4623061,0.6453265,0.66436064,0.0,0.0,0.0,0.62381065,0.0,0.0,0.0,0.74408066,0.0,0.43734458,0.60638744,0.0,0.0,0.49604738,0.5172045,0.0,0.83900607,0.0,0.0,0.0,0.0,0.57781017,0.44234082,0.0
0.0,0.0,1.1193811,0.0,1.8152459,0.0,0.0,0.0,1.5773393,2.0855541,1.5093031,0.0,1.1502762,1.567338,1.5011384,0.0,1.4088991,0.0,0.0,1.8366271,1.7038583,0.0,0.0,1.4018401,0.0,1.3597865,1.3636122,1.5045362,0.9758536,0.0,0.0,1.1688405
0.0,0.0,1.1579819,0.0,0.88871384,0.0,0.0,0.0,1.3467462,1.1221406,1.1439885,0.0,1.3331443,1.3969257,0.81288254,0.0,1.1097652,0.0,0.0,1.2948959,1.0407977,0.0,0.0,1.0642598,0.0,1.0894469,1.0157759,0.93886906,1.3372331,0.0,0.0,1.3021451
0.0,0.0,1.0587537,0.0,0.97982126,0.0,0.0,0.0,0.95030504,1.1274092,1.0809162,0.0,1.2670441,1.0644054,1.2695208,0.0,1.2842354,0.0,0.0,1.5127939,1.1404701,0.0,0.0,0.8538343,0.0,0.8299952,1.1799552,1.1247549,0.8814092,0.0,0.0,0.97104615
0.0,0.0,1.3419236,0.0,1.8050281,0.0,0.0,0.0,1.5933108,1.4037089,1.5283871,0.0,1.1644232,1.3147174,1.6493127,0.0,1.5241556,0.0,0.0,1.5278969,1.3385966,0.0,0.0,1.3170507,0.0,1.4529147,1.5278563,1.531408,1.3750539,0.0,0.0,1.1948782
0.0,0.0,0.6186619,0.0,0.40925825,0.0,0.0,0.0,0.7451915,0.53680325,0.778851,0.0,0.6406524,0.4499324,0.6026257,0.0,0.49111307,0.0,0.0,0.7014725,0.5794815,0.0,0.0,0.6227001,0.0,0.5789539,0.59008974,0.6575936,0.89136964,0.0,0.0,0.4694295
0.0,0.0,1.0336841,0.0,1.0276614,0.0,0.0,0.0,1.2464943,0.9379381,1.2368133,0.0,0.943976,0.5699033,1.0850383,0.0,0.90890694,0.0,0.0,0.9105057,0.8766752,0.0,0.0,1.0733575,0.0,0.8914786,1.111551,1.3469024,1.312814,0.0,0.0,0.8794271
0.0,0.0,0.7989547,0.0,0.020319149,0.0,0.0,0.0,0.9714834,0.7461719,1.1540202,0.0,1.0047164,0.40554616,0.44313687,0.0,0.52018774,0.0,0.0,0.7835074,0.39032793,0.0,0.0,1.260338,0.0,0.7685771,0.8685023,0.66219795,1.1363456,0.0,0.0,0.64130193
0.0,0.0,1.3377596,0.0,1.2617615,0.0,0.0,0.0,1.5550157,1.1971349,1.8395581,0.0,1.2138304,2.189639,1.1309146,0.0,2.0246112,0.0,0.0,1.845701,1.4774463,0.0,0.0,1.7749063,0.0,1.9009624,0.7157009,0.5648998,1.8740294,0.0,0.0,1.299561
0.0,0.0,1.3561367,0.0,1.2735058,0.0,0.0,0.0,1.5026324,1.1970466,1.5504059,0.0,1.5079172,1.400241,1.3291981,0.0,1.7837888,0.0,0.0,1.3541857,1.1050119,0.0,0.0,1.3761188,0.0,1.1458513,1.8334713,1.4454459,1.2834703,0.0,0.0,1.3518139
0.0,0.0,1.1896248,0.0,0.73382217,0.0,0.0,0.0,1.4528503,1.4016066,1.3004721,0.0,1.4647517,0.8970796,0.96078116,0.0,0.6336717,0.0,0.0,1.2422154,0.63009447,0.0,0.0,1.3250334,0.0,1.2588364,1.5848657,0.91925436,1.3703547,0.0,0.0,1.6820642
0.0,0.0,1.2562798,0.0,1.0976305,0.0,0.0,0.0,1.3387414,1.2885785,1.3374846,0.0,1.3703723,1.5119722,1.1695862,0.0,1.5837241,0.0,0.0,1.3809078,1.4354656,0.0,0.0,1.1608442,0.0,0.8161021,1.5356522,1.0811961,1.0839694,0.0,0.0,1.267008
0.0,0.0,1.1276959,0.0,0.796086,0.0,0.0,0.0,1.1431842,0.9326976,0.76397246,0.0,1.0309318,1.2904378,0.54202974,0.0,1.3905175,0.0,0.0,1.0219754,1.0217197,0.0,0.0,1.2049377,0.0,0.7830739,1.0917441,0.6858853,1.1932658,0.0,0.0,1.184454
0.0,0.034738906,0.9580332,0.0,0.48013842,0.0,0.0,0.0,0.868532,0.6634361,1.5382818,0.0,0.4144199,0.4430716,1.060301,0.0,0.43112382,0.0,0.055903714,0.80937886,0.6335694,0.0,0.0,0.99024147,0.0,0.8369663,0.3171912,0.7223479,1.3083655,0.0,0.0,0.18463585
0.0,0.20400229,0.6926974,0.0,0.61682904,0.0,0.0,0.0,0.93462265,0.43344948,1.3433948,0.0,0.48240715,0.28251004,0.87441176,0.0,0.44914696,0.0,0.08985688,0.64145476,0.5004186,0.0,0.0,0.90438056,0.0,0.8906996,0.50444585,0.8098032,1.3228891,0.0,0.0,0.29668826
0.0,0.0,1.7773181,0.0,1.497212,0.0,0.0,0.0,1.5425535,1.38764,2.0857396,0.0,0.67761767,0.36589015,1.7090676,0.0,1.1082155,0.0,0.0,1.0472116,0.9026068,0.0,0.0,1.6675329,0.0,1.5999277,1.223753,2.1118438,2.1457403,0.0,0.0,0.8082219
0.0,0.0,1.464623,0.0,0.5070127,0.0,0.0,0.0,1.2617549,1.1773883,1.4909797,0.0,0.98519486,0.66169715,1.4644287,0.0,0.3399908,0.0,0.0,0.8930856,0.45458496,0.0,0.0,1.1816258,0.0,1.3793049,0.8501093,1.2575142,1.52228,0.0,0.0,0.9412611
0.0,0.0,1.0773487,0.0,0.40070468,0.0,0.0,0.0,1.0688082,0.81273973,0.8350177,0.0,1.0789154,1.3911936,0.5323245,0.0,1.3784744,0.0,0.0,1.1225182,0.7554923,0.0,0.0,0.84438115,0.0,0.97031903,0.7928289,0.66100055,0.94509995,0.0,0.0,1.0339047
0.0,0.0,1.0394539,0.0,0.84523463,0.0,0.0,0.0,1.0242027,0.7562742,0.8847971,0.0,0.8064091,0.50694555,1.0263406,0.0,0.7617008,0.0,0.0,0.85613483,0.71988344,0.0,0.0,1.0778314,0.0,0.7810799,0.86316717,1.3316195,1.0282024,0.0,0.0,0.5442192
0.0,0.0,1.1686765,0.0,0.67317486,0.0,0.0,0.0,1.1457218,1.0016698,1.0978518,0.0,1.3844693,1.4961343,0.845146,0.0,1.6407251,0.0,0.0,1.2688162,0.87470603,0.0,0.0,1.091589,0.0,0.85187024,1.2388599,1.02035,1.0067483,0.0,0.0,1.292334
0.0,0.0,1.2439567,0.0,1.5008045,0.0,0.0,0.0,1.4727763,1.6326874,1.297397,0.0,1.036984,1.2612451,1.333404,0.0,1.4022646,0.0,0.0,1.2435434,1.484985,0.0,0.0,1.4613029,0.0,1.1781392,1.2541475,1.2344003,1.3217579,0.0,0.0,1.4542211
0.0,0.0,1.0266973,0.0,1.533617,0.0,0.0,0.0,1.1916624,1.3687594,1.1981325,0.0,1.0507796,1.2496134,1.4343755,0.0,1.3212917,0.0,0.0,1.360521,1.6091803,0.0,0.0,1.4010022,0.0,1.0785248,0.92215693,1.3390688,1.1544211,0.0,0.0,0.88903993
0.0,0.0,1.1703312,0.0,1.3941231,0.0,0.0,0.0,1.3561306,1.5562984,1.2348369,0.0,0.9713719,1.3213646,1.5043607,0.0,1.4683735,0.0,0.0,1.426792,1.6303984,0.0,0.0,1.3172088,0.0,1.0598403,1.2363578,1.3197657,1.1103619,0.0,0.0,1.2906224
0.0,0.0,0.83189523,0.0,0.8212199,0.0,0.0,0.0,0.91874725,1.1418626,0.81990546,0.0,0.759879,0.9435048,0.78398496,0.0,1.1039835,0.0,0.0,0.80124533,1.0467877,0.0,0.0,0.9172588,0.0,0.74826556,0.63201326,0.73098856,0.95883673,0.0,0.0,1.2316968
0.0,0.0,1.3232659,0.0,0.17062259,0.0,0.0,0.0,1.015621,0.8195164,1.0980424,0.0,0.6839807,0.8799133,0.88359094,0.0,0.40882865,0.0,0.0,0.5597876,0.3376514,0.0,0.0,0.6297392,0.0,1.1587608,0.7536681,0.90634894,1.3129056,0.0,0.0,0.66010886
0.0,0.0,2.045192,0.0,3.346447,0.0,0.0,0.0,2.4373066,2.6069338,2.2972898,0.0,2.1086562,2.6745954,2.6573172,0.0,2.8374498,0.0,0.0,2.8362856,2.687038,0.0,0.0,2.8976738,0.0,2.5370772,2.1324227,2.8537338,1.8935724,0.0,0.0,2.072418
0.0,0.0,1.1062598,0.0,1.3136271,0.0,0.0,0.0,1.2914081,1.3649864,0.97733736,0.0,0.7548305,1.0414172,1.3476102,0.0,1.1535529,0.0,0.0,1.1873729,1.3726548,0.0,0.0,1.3641218,0.0,1.002966,1.099236,1.2124258,1.1869224,0.0,0.0,1.1405312
0.0,0.0,1.5512378,0.0,1.7094424,0.0,0.0,0.0,1.883511,1.5427641,1.7335409,0.0,1.0519742,1.3389202,1.692405,0.0,1.3630899,0.0,0.0,1.5828738,1.557434,0.0,0.0,2.1959913,0.0,1.5672331,1.3440938,1.5407307,2.0230849,0.0,0.0,1.1930703
0.0,0.0,1.2497687,0.0,1.1716778,0.0,0.0,0.0,1.1950579,0.9522652,1.0795197,0.0,1.0638293,1.1834601,1.4654726,0.0,1.4783189,0.0,0.0,1.2754527,1.2183919,0.0,0.0,1.2006327,0.0,1.005366,1.3291429,1.460848,1.0042382,0.0,0.0,0.9357013
0.0,0.0,0.961946,0.0,1.11889,0.0,0.0,0.0,1.3638211,1.2217445,0.9353453,0.0,0.6505002,0.6831928,1.0928974,0.0,0.7381387,0.0,0.0,1.0222694,0.9730557,0.0,0.0,1.0558052,0.0,0.97928584,1.2277292,1.0975838,1.272533,0.0,0.0,1.1764948
0.0,0.0,1.0041502,0.0,0.961534,0.0,0.0,0.13717146,0.9186678,0.7971225,1.0563865,0.0,0.7115752,0.26397762,1.3825734,0.0,0.8014373,0.0,0.0,0.8876068,1.1412362,0.0,0.0,1.0560898,0.0,0.6371236,1.0796219,1.1264424,0.95997655,0.0,0.0,0.52183896
0.0,0.0,2.5580938,0.0,1.8704164,0.0,0.0,0.0,2.3967917,2.7245655,2.3806512,0.0,2.5850904,2.4310777,2.1083913,0.0,2.2479208,0.0,0.0,2.374016,1.4133202,0.0,0.0,1.7680902,0.0,2.910745,2.3120704,2.9517143,2.357459,0.0,0.0,2.7291799
0.0,0.0,1.3058112,0.0,0.7174239,0.0,0.0,0.0,1.2295215,1.0362661,1.0558565,0.0,1.4352293,1.3276315,0.78693897,0.0,1.4675547,0.0,0.0,1.1932316,0.962632,0.0,0.0,1.446738,0.0,0.8803401,1.3454792,0.9357619,1.1776825,0.0,0.0,1.4281363
0.0,0.0,1.0429888,0.0,1.2160618,0.0,0.0,0.0,1.025206,0.75978583,0.8849752,0.0,0.7471305,0.6627563,1.4023886,0.0,0.956735,0.0,0.0,0.9338163,0.7406802,0.0,0.0,1.2113845,0.0,1.3770217,0.8301545,1.3118232,1.1183772,0.0,0.0,0.75709903
0.0,0.0,1.5307721,0.0,1.4784355,0.0,0.0,0.0,2.1329813,1.599104,1.7049437,0.0,1.3126218,1.1940823,1.4610479,0.0,0.92345256,0.0,0.0,1.4016411,1.0422057,0.0,0.0,2.155287,0.0,1.4421413,1.7101965,1.7822216,2.1494303,0.0,0.0,1.479945
0.0,0.0,1.0423661,0.0,1.4789083,0.0,0.0,0.0,1.7726306,1.6465962,1.2003598,0.0,0.9982933,1.0817287,1.3134042,0.0,0.8968302,0.0,0.0,1.6555701,0.87949914,0.0,0.0,1.3265682,0.0,1.3872559,1.6196787,1.5844791,1.3565133,0.0,0.0,1.3298012
0.0,0.0,0.94655335,0.0,0.6041835,0.0,0.0,0.0,1.0028173,0.7559927,1.1483852,0.0,0.7364936,0.6559273,1.6560209,0.0,0.9158249,0.0,0.0,0.92910635,1.2328749,0.0,0.0,0.9841132,0.0,0.57875675,1.1531672,1.7682521,1.0519363,0.0,0.0,0.69409
0.0,0.0,0.92923474,0.0,0.4852928,0.0,0.0,0.17572694,1.036409,0.60252386,1.3285451,0.0,1.2658209,0.0,1.4459273,0.0,0.0,0.0,0.0,1.4896303,0.0,0.0,0.0076174326,0.0,0.0,1.0937034,1.1787424,1.3277502,1.331271,0.0,0.0,1.5256358
0.0,0.0,1.3173119,0.0,1.2822738,0.0,0.0,0.0,1.3825275,1.2062948,1.1907231,0.0,1.2539403,0.9753064,1.2618263,0.0,1.1377499,0.0,0.0,1.2436402,0.86508477,0.0,0.0,1.4461685,0.0,1.1856238,1.461122,1.4747931,1.1866422,0.0,0.0,0.9586031
0.0,0.0,1.1799369,0.0,0.45985496,0.0,0.0,0.0,1.4842972,1.4620198,1.338405,0.0,1.6631085,0.7540798,0.88480896,0.0,0.37234178,0.0,0.0,1.4468849,0.48362035,0.0,0.0,1.2361554,0.0,1.1335055,1.473996,0.943287,1.3909272,0.0,0.0,1.841226
0.0,0.0,1.2850248,0.0,0.92880493,0.0,0.0,0.0,1.0756402,1.084585,1.0220243,0.0,1.1255952,0.95635253,1.0544928,0.0,1.0067626,0.0,0.0,1.0696547,1.00331,0.0,0.0,1.3288598,0.0,0.8978086,1.2406783,1.0575491,0.944941,0.0,0.0,0.9990097
0.0,0.0,1.4583068,0.0,0.5356101,0.0,0.0,0.0,1.3211035,1.4152143,1.2093083,0.0,1.4621997,1.2492737,1.5830112,0.0,0.4749501,0.0,0.0,1.10479,0.47901186,0.0,0.0,0.79314554,0.0,1.353167,1.4801008,1.7312732,1.3702681,0.0,0.0,1.5308698
0.14425257,0.09308083,0.11223836,0.1011376,0.0,0.061297886,0.22065584,0.40014058,0.0,0.0,0.0,0.12712824,0.0,0.0,0.0,0.29208207,0.0,0.09721671,0.26330674,0.0,0.14265667,0.02083657,0.22346182,0.01857667,0.24492268,0.0,0.092769735,0.0,0.0,0.17944273,0.09670133,0.0
0.0,0.0,1.7807468,0.0,0.35249144,0.0,0.0,0.0,1.069314,1.4737715,0.9909113,0.0,1.4696162,1.0468922,1.0561186,0.0,0.0,0.0,0.0,1.1317539,0.30767813,0.0,0.0,0.2117992,0.0,2.0933807,1.1185384,0.9144292,1.5221931,0.0,0.0,1.3992465
0.0,0.0,2.281039,0.0,1.7028813,0.0,0.0,0.0,2.3883395,2.366315,1.8345942,0.0,2.1214724,1.9595562,2.832428,0.0,0.8286045,0.0,0.0,1.443007,0.41468945,0.0,0.0,1.9531803,0.0,1.8902694,2.283431,3.5268295,2.125652,0.0,0.0,2.922083
0.0,0.0,1.0154591,0.0,0.70842785,0.0,0.0,0.0,1.1142114,1.1195048,0.88503236,0.0,0.8566415,0.7975938,0.9336196,0.0,0.74886054,0.0,0.0,0.63095033,0.7189043,0.0,0.0,1.2213262,0.0,0.7609785,0.98859906,1.0114146,1.1019831,0.0,0.0,1.2444544
0.0,0.0,1.0032202,0.0,1.0627878,0.0,0.0,0.0,1.0076121,1.3241521,1.162809,0.0,0.9679736,0.945376,0.84698087,0.0,1.3323712,0.0,0.0,0.6083219,1.2295955,0.0,0.0,1.0494941,0.0,0.8276175,1.061285,0.8419818,1.1300807,0.0,0.0,1.4985448
0.0,0.0,0.88294256,0.0,1.1787001,0.0,0.0,0.0,1.1314954,1.014459,1.1956218,0.0,1.087961,0.7657045,1.1420019,0.0,0.56841487,0.0,0.0,1.0433725,1.1446817,0.0,0.0,0.88035905,0.0,0.86178285,1.0283018,1.250241,1.2005662,0.0,0.0,1.0143911
0.0,0.0,1.5124581,0.0,1.4561372,0.0,0.0,0.0,1.6971544,1.6293501,1.2614024,0.0,1.4169006,1.5593061,1.2308055,0.0,1.5017337,0.0,0.0,1.6177824,1.4767199,0.0,0.0,1.9545652,0.0,1.2781714,1.3758949,1.3875612,1.5760874,0.0,0.0,1.6179616
0.0,0.0,1.3660314,0.0,1.304874,0.0,0.0,0.0,1.4587773,1.3211288,1.3165617,0.0,1.3449775,1.421469,1.4604512,0.0,1.4523957,0.0,0.0,1.4994147,1.2963146,0.0,0.0,1.39646,0.0,1.0713627,1.5634751,1.331924,1.2154144,0.0,0.0,1.3027812
0.0,0.0,1.0564154,0.0,1.6508566,0.0,0.0,0.0,1.7036448,1.6957788,1.5238422,0.0,0.88013667,1.7476908,1.2484308,0.0,1.5143944,0.0,0.0,1.8116641,1.88211,0.0,0.0,1.5477496,0.0,1.4245633,1.239476,1.0445743,1.3244038,0.0,0.0,1.2332286
0.0,0.0,1.191553,0.0,2.0250351,0.0,0.0,0.0,1.6330531,2.235169,1.3918467,0.0,0.9356357,1.7477261,1.2273211,0.0,1.5147423,0.0,0.0,1.6089982,1.8934879,0.0,0.0,1.5073043,0.0,1.4969696,1.2704047,0.9866208,1.2010523,0.0,0.0,1.6035336
0.0,0.0,1.2769884,0.0,1.114054,0.0,0.0,0.0,1.1397083,0.94213516,1.1721793,0.0,1.1901455,1.1982,1.2958983,0.0,1.5100217,0.0,0.0,1.3018007,1.038368,0.0,0.0,1.1864096,0.0,1.1066381,1.2331139,1.4265622,0.9355827,0.0,0.0,0.9735406
0.0,0.0,1.5623719,0.0,0.6462744,0.0,0.0,0.0,1.3458682,1.6185666,1.504643,0.0,2.0930893,1.8263069,1.4286824,0.0,1.3845055,0.0,0.0,1.1205487,0.65111077,0.0,0.0,0.74381536,0.0,1.5315278,2.112464,2.0964727,1.5327616,0.0,0.0,2.5611694
1.1902565,0.47591323,0.031414263,0.0,0.0,0.18238229,0.047960572,0.0,0.0,0.0,0.11342855,0.024668194,0.0,0.0,0.09089705,0.0,1.8843044,0.8995217,0.0,0.0,1.4670894,0.4920219,0.72950387,0.0,0.19730538,0.0,0.57525367,0.0,0.0,0.26263487,0.0,0.0
0.0,0.0,1.2697902,0.0,0.33358306,0.0,0.0,0.0,0.7451089,0.8699725,0.6230627,0.0,1.168145,0.7813039,0.86101276,0.0,0.06723884,0.0,0.0,0.52796096,0.40572777,0.0,0.0,0.0,0.0,1.6944523,1.098758,0.45665687,1.1205934,0.0,0.0,0.71011066
0.070572734,0.6178282,0.0,0.4902163,0.0,0.24908186,0.73089427,0.0,0.0,0.0,0.45645535,0.5914314,0.0,0.0,0.23419301,0.59790176,0.0,0.082975164,0.6619288,0.23410493,0.0,0.4968815,0.30102623,0.0,0.30245042,0.019893162,0.0,0.055351272,0.20853487,0.5942256,0.42873204,0.0
0.0,0.0,1.2636454,0.0,1.5471386,0.0,0.0,0.0,1.2711251,1.241519,1.1752582,0.0,0.71502715,0.30422983,1.6069684,0.0,0.78840154,0.0,0.0,0.9117386,1.264372,0.0,0.0,1.6518065,0.0,1.0505289,1.3178313,1.5994015,1.3585217,0.0,0.0,0.7169997
0.0,0.0,1.2078127,0.0,1.1326345,0.0,0.0,0.0,1.2307934,0.9149823,1.166387,0.0,1.078301,1.2996466,1.3807424,0.0,1.6497992,0.0,0.0,1.2737669,1.1871694,0.0,0.0,1.0717967,0.0,0.99380636,1.2465328,1.3787154,1.0730778,0.0,0.0,0.9981882
0.0,0.114790045,0.48466635,0.07884063,0.14890614,0.0,0.15182334,0.11486742,0.35045427,0.19088812,0.43788964,0.1618395,0.4406054,0.35512766,0.32711232,0.083147265,0.21127075,0.0,0.0,0.45689476,0.231821,0.0,0.0,0.16444533,0.027143426,0.30950028,0.3446672,0.3657531,0.41671026,0.14497891,0.0,0.3565965
0.0,0.0,1.0359037,0.0,1.1745877,0.0,0.0,0.0,1.4514416,1.2299646,1.0752331,0.0,0.51896304,1.0929829,1.0224712,0.0,0.66337013,0.0,0.0,1.1129841,1.0135957,0.0,0.0,1.7118663,0.0,1.1614031,0.74136925,0.82471406,1.6164342,0.0,0.0,0.89307654
0.0,0.061036423,0.24449033,0.0,0.0,0.0,0.0,0.0,0.28708056,0.15841815,0.55970997,0.08480218,0.10299331,0.08465819,0.44201025,0.052655004,0.16372523,0.0,0.0,0.19925737,0.624384,0.0,0.038516767,0.3164849,0.0,0.17410943,0.25418392,0.43662906,0.26689464,0.0044658557,0.0038785264,0.03485527
0.0,0.0,0.9976909,0.0,0.72919065,0.0,0.0,0.0,1.0435859,0.87196875,0.86452615,0.0,0.9566466,0.9059867,0.65667146,0.0,0.75739,0.0,0.0,0.861659,0.9008936,0.0,0.0,1.1362084,0.0,1.0384548,0.8466849,0.4958241,1.159563,0.0,0.0,0.99167955
0.0,0.0,0.41888145,0.0,0.19103283,0.1963586,0.0,0.25532573,0.25146997,0.8626092,0.9784844,0.0,1.1164998,0.4857471,0.871483,0.0,0.7383085,0.0,0.0,0.9755577,0.49683028,0.0,0.22686559,0.0,0.0,0.4414121,1.1247679,1.730221,0.67306393,0.0,0.0,1.5341624
0.0,0.0,1.2638025,0.0,1.2188046,0.0,0.0,0.0,1.337863,1.124625,1.2429895,0.0,1.0880653,1.1106024,1.316958,0.0,1.3991019,0.0,0.0,1.1444331,1.3254436,0.0,0.0,1.3910854,0.0,0.8845021,1.2691756,1.2883482,1.278484,0.0,0.0,1.0855035
0.0,0.0,1.0587991,0.0,1.1917869,0.0,0.0,0.0,1.0062451,0.7484275,1.0565747,0.0,0.9278359,0.70051986,1.2741133,0.0,0.9666036,0.0,0.0,1.0860462,0.69240093,0.0,0.0,0.86704963,0.0,1.0890076,1.0861044,1.1957616,1.0366368,0.0,0.0,0.74005723
0.0,0.0,1.210506,0.0,1.1646765,0.0,0.0,0.0,1.3353082,1.0097042,1.4648257,0.0,1.366202,1.0739529,1.2578465,0.0,1.6916744,0.0,0.0,1.4515734,1.2492522,0.0,0.0,1.2207224,0.0,0.8205385,1.8307077,1.2399338,1.2222266,0.0,0.0,0.90640783
0.0,0.0,1.2784709,0.0,1.4041108,0.0,0.0,0.0,1.407503,1.1695648,1.62825,0.0,1.3844378,1.3568716,1.269359,0.0,1.7160059,0.0,0.0,1.4526551,1.3929837,0.0,0.0,0.94882387,0.0,1.0039409,1.6234524,1.154383,1.2262555,0.0,0.0,1.1265082
0.0,0.0,1.3716145,0.0,1.3996217,0.0,0.0,0.0,1.4477769,1.4419676,1.3276012,0.0,1.3144689,1.2003902,1.2811211,0.0,1.1804445,0.0,0.0,1.4404002,1.3331931,0.0,0.0,1.5966983,0.0,1.1582061,1.2553861,1.2949744,1.3585936,0.0,0.0,1.2458591
0.0,0.0,0.73631465,0.0,0.7710565,0.0,0.0,0.0,0.8092099,0.8290041,0.46640036,0.0,0.44899672,0.8757419,0.9801725,0.0,1.0348052,0.0,0.0,0.7142495,1.1241491,0.0,0.0,1.1753801,0.0,0.6010517,0.27815592,0.8280768,0.9397034,0.0,0.0,0.5906778
0.0,0.0,0.68629265,0.0,0.0,0.0,0.0,0.0,0.49678743,0.44734266,1.0565376,0.0,0.3890229,0.25762722,1.0512385,0.0,0.58786714,0.0,0.026830502,0.8589626,1.0000631,0.0,0.0,1.2477741,0.0,0.5191172,0.73405373,0.72537607,0.84538525,0.0,0.0,0.08548411
0.0,0.0,1.4792949,0.0,1.474827,0.0,0.0,0.0,2.0073583,1.5691972,1.6268036,0.0,1.1462007,1.171374,1.6522962,0.0,1.025562,0.0,0.0,1.5756611,1.4365991,0.0,0.0,2.2024097,0.0,1.2453825,1.6813179,1.649462,2.0549648,0.0,0.0,1.4139456
0.0,0.0,1.0378304,0.0,0.9963836,0.0,0.0,0.0,1.2882634,0.7584864,1.0048314,0.0,0.65498966,0.9562584,1.4095047,0.0,0.9013651,0.0,0.0,0.6266424,1.0783424,0.0,0.0,1.047713,0.0,0.791022,1.181967,2.1639957,1.2950748,0.0,0.0,0.8964444
0.0,0.0,0.4438449,0.0,0.042008873,0.0,0.0,0.080984905,0.23223995,0.20709747,0.50493056,0.0,0.33643693,0.022048742,0.462692,0.0,0.37483293,0.0,0.0,0.17714605,0.44622245,0.0,0.0,0.52552444,0.0,0.118778855,0.55096996,0.56462616,0.30677843,0.0,0.0,0.18461516
0.0,0.0,1.3127888,0.0,1.403237,0.0,0.0,0.0,1.3816575,1.2745144,1.3648136,0.0,1.2855992,1.5281518,1.4264958,0.0,1.7943498,0.0,0.0,1.5432972,1.3428484,0.0,0.0,1.2703147,0.0,1.182102,1.2866675,1.3644024,1.1810689,0.0,0.0,1.1739469
0.0,0.0,1.1210573,0.0,0.438062,0.0,0.0,0.0,1.0594764,0.66154957,1.1406268,0.0,0.7307355,0.7243581,0.96619093,0.0,0.5998173,0.0,0.0,0.34848848,0.8043951,0.0,0.0,0.6441413,0.0,1.0550839,0.78149235,1.0210096,1.0879312,0.0,0.0,0.56327415
0.0,0.0,0.86288,0.0,0.90145457,0.0,0.0,0.0,0.9889494,1.0795255,1.4443294,0.0,1.1869398,0.7505407,0.9862131,0.0,1.2733277,0.0,0.0,0.760868,1.5246495,0.0,0.0,0.876416,0.0,1.0890852,1.203769,1.7937638,1.389145,0.0,0.0,1.5326674
0.0,0.0,0.9505125,0.0,0.7075729,0.0,0.0,0.0,1.1138598,0.69843704,1.4386861,0.0,0.6574209,1.1520364,1.2300816,0.0,1.2513834,0.0,0.0,1.4208302,0.96789813,0.0,0.0,0.9913674,0.0,0.8852749,0.6453834,0.9272185,1.2466704,0.0,0.0,0.6352801
0.0,0.0,0.79962265,0.0,0.5574195,0.0,0.0,0.0,0.83778495,0.8000267,0.96699226,0.0,0.8823726,0.745265,1.256992,0.0,1.1671507,0.0,0.0,0.97567904,1.3923291,0.0,0.0,1.5642347,0.0,0.7672513,0.9587889,1.3773931,0.73145807,0.0,0.0,0.47219115
0.0,0.0,0.73154724,0.0,1.1416452,0.0,0.0,0.0,1.1983085,1.0270852,1.1478554,0.0,0.9463943,0.7739628,1.089391,0.0,0.71672153,0.0,0.0,1.0562209,1.0504619,0.0,0.0,0.8641125,0.0,0.8564662,0.9226975,1.374444,1.1903605,0.0,0.0,0.8379687
0.0,0.1580089,0.3811585,0.0,0.081137255,0.0,0.0,0.10667686,0.4002707,0.25837037,0.4428565,0.0,0.28757358,0.0,0.49359143,0.0,0.0,0.0,0.16496094,0.28520977,0.34112895,0.0,0.002567554,0.45892182,0.0,0.11842841,0.4947424,0.41695768,0.5195949,0.0,0.0,0.0
0.0,0.0,1.0130222,0.0,1.1177193,0.0,0.0,0.0,1.2073346,1.4795198,1.0289911,0.0,0.73798925,0.79895973,0.65625894,0.0,0.9288824,0.0,0.0,0.7541615,1.1053545,0.0,0.0,1.2965579,0.0,0.8732722,1.2326759,0.6511846,1.138323,0.0,0.0,1.0807555
0.0,0.0,0.98931444,0.0,0.3144853,0.0,0.0,0.0,0.8257432,0.7866668,0.7594112,0.0,0.7349049,0.44245887,0.35356563,0.0,0.6329627,0.0,0.0,0.4674906,0.268554,0.0,0.0,0.81387126,0.0,0.9932757,0.36369514,0.21596313,1.0027517,0.0,0.0,0.418729
0.0,0.0,1.3951259,0.0,1.3829362,0.0,0.0,0.0,1.4142823,1.4082271,1.2005903,0.0,1.2676085,1.6798192,1.3997782,0.0,1.6635112,0.0,0.0,1.6001594,1.592405,0.0,0.0,1.4398124,0.0,1.0712694,1.4212521,1.1972642,1.1784871,0.0,0.0,1.2940099
0.0,0.0,2.2045205,0.0,1.5854423,0.0,0.0,0.0,2.4167354,2.1655354,1.6281554,0.0,1.2701163,1.6543425,1.596001,0.0,1.4019595,0.0,0.0,1.4912119,1.0792234,0.0,0.0,2.369959,0.0,1.6714381,1.7597728,2.719519,2.7520442,0.0,0.0,2.418613
0.0,0.0,0.64676476,0.0,0.46868056,0.0,0.0,0.0,0.4979034,0.5428457,0.93589777,0.0,0.8252932,0.8118051,0.63560605,0.0,0.8887209,0.0,0.0,0.43561527,1.042416,0.0,0.0,0.0,0.0,0.7595114,0.6085934,1.0827134,0.8919988,0.0,0.0,0.85794336
0.07973911,0.17432107,0.033373673,0.19375734,0.0,0.21038297,0.1759768,0.32093388,0.0,0.0,0.19376883,0.28308463,0.09600832,0.0,0.20618537,0.27894694,0.18561813,0.000113043934,0.2595119,0.06837143,0.08735325,0.0,0.21665849,0.07812406,0.14332443,0.0,0.0,0.208993,0.08580333,0.10324696,0.13539867,0.0
0.0,0.0,1.0026783,0.0,0.0,0.0,0.0,0.0,0.7398738,0.7830801,0.9843316,0.0,0.8606757,0.86087614,0.778814,0.0,0.0,0.0,0.06630446,1.0086249,0.1761592,0.15891542,0.0,0.23264244,0.0,0.88209164,0.6463226,0.44496506,1.1180732,0.0,0.0,0.78549093
0.0,0.0,1.3360901,0.0,0.7269501,0.0,0.0,0.0,1.4133123,1.3702048,1.1557467,0.0,1.5970523,1.0057111,0.71626645,0.0,0.72440195,0.0,0.0,1.3775562,0.7185311,0.0,0.0,1.6571952,0.0,1.2093493,1.3449894,1.0185286,1.2152133,0.0,0.0,1.6337636
0.0,0.0,1.1013746,0.0,0.84424305,0.0,0.0,0.0,0.9719302,0.7027271,0.923605,0.0,0.95487905,1.2583209,1.1291897,0.0,1.49488,0.0,0.0,1.1424917,1.049865,0.0,0.0,0.9382079,0.0,0.7532704,1.0342115,1.1191586,0.77556515,0.0,0.0,0.9000188
0.0,0.0,1.0758326,0.0,1.16412,0.0,0.0,0.0,1.4567614,1.6152042,1.377778,0.0,1.2507995,1.21582,1.1410383,0.0,1.278392,0.0,0.0,1.4415537,1.134105,0.0,0.0,1.2200172,0.0,0.9625797,1.426493,1.2951152,1.1407254,0.0,0.0,1.3296691
0.0,0.0,0.60337174,0.0,0.20182997,0.0,0.0,0.0,0.42650747,0.30456087,0.6380991,0.0,0.44730985,0.032058865,0.4430899,0.0,0.4330118,0.0,0.0,0.22682229,0.36922142,0.0,0.0,0.679539,0.0,0.2971024,0.5857743,0.6781876,0.5660236,0.0,0.0,0.27235308
0.0,0.0,0.96553886,0.0,0.63631064,0.0,0.0,0.0,0.68193626,0.51797354,0.7683142,0.0,0.91232544,0.83001643,0.9464532,0.0,1.2331815,0.0,0.0,1.0166408,1.1096255,0.0,0.0,0.97965103,0.0,0.44818717,0.88852215,0.7357095,0.77196544,0.0,0.0,0.5636897
0.0,0.0,1.5091342,0.0,0.5630796,0.0,0.0,0.0,1.5343168,1.5600028,1.5248872,0.0,1.3936944,1.4584262,1.7957715,0.0,0.52818704,0.0,0.0,1.5036114,0.76312834,0.0,0.0,1.2207323,0.0,1.2889726,1.4785093,1.7929682,1.5323199,0.0,0.0,1.5996668
0.0,0.0,1.3961269,0.0,0.37653285,0.0,0.0,0.0,1.2957551,1.1979376,1.7053167,0.0,0.9711414,0.89439106,1.2812073,0.0,0.7557945,0.0,0.0,1.1700765,0.7212728,0.0,0.0,1.3833265,0.0,1.4230454,0.7414016,0.86798,1.6777937,0.0,0.0,0.8696916
0.0,0.0,0.9878564,0.0,0.0,0.0,0.0,0.0,0.62457657,0.60915715,0.9068912,0.0,0.48739886,0.2639534,0.7710074,0.0,0.0,0.0,0.0,0.9623912,0.17736922,0.0,0.0,0.7127076,0.0,0.9294758,0.4125631,0.39582485,1.0028834,0.0,0.0,0.38610196
0.0,0.0,1.5640718,0.0,0.7629428,0.0,0.0,0.0,1.03858,1.5808983,0.972293,0.0,1.4483969,1.2042046,0.9999745,0.0,0.37664396,0.0,0.0,1.1060656,0.7901403,0.0,0.0,0.23009592,0.0,1.8317001,1.2996106,0.93056196,1.5196209,0.0,0.0,1.4129364
0.0,0.0,1.3377843,0.0,1.4308976,0.0,0.0,0.0,1.5096927,1.317259,1.4256424,0.0,1.2358558,1.3974035,1.3278719,0.0,1.6406972,0.0,0.0,1.2774315,1.2360647,0.0,0.0,1.3242694,0.0,1.1976614,1.4946287,1.3601174,1.350863,0.0,0.0,1.3543549
0.0,0.0,0.89555,0.0,0.61955076,0.0,0.0,0.0,0.9730402,1.0061227,0.9464782,0.0,1.0300595,0.854458,1.1136578,0.0,0.8970897,0.0,0.0,1.2170075,0.7567446,0.0,0.0,0.74771637,0.0,0.7124821,1.042342,1.0919191,0.87934434,0.0,0.0,1.0279832
0.0,0.0,1.5207343,0.0,2.1247792,0.0,0.0,0.0,2.1116643,2.0906153,1.6423256,0.0,1.2802792,0.9645862,2.1114159,0.0,0.9111012,0.0,0.0,1.7736648,1.6034377,0.0,0.0,2.334537,0.0,1.2848512,1.9968491,2.1810012,1.7814342,0.0,0.0,1.5498215
0.0,0.0,1.240589,0.0,0.71985465,0.0,0.0,0.0,1.2453376,1.020231,0.97149795,0.0,1.2010318,1.0002491,0.60573107,0.0,1.1675056,0.0,0.0,1.1049566,1.018867,0.0,0.0,1.5457525,0.0,1.0242269,1.0577409,0.80762476,1.2256713,0.0,0.0,1.137672
0.0,0.0,0.57235897,0.0,0.40869313,0.0,0.0,0.14338882,0.3848526,0.37877762,0.5987305,0.0,0.4719494,0.67983747,0.73966366,0.0,0.796213,0.0,0.0,0.69999486,0.71575606,0.0,0.0,0.42718008,0.0,0.19907925,0.4231515,0.53531086,0.33248094,0.0,0.0,0.37107253
0.0,0.0,0.8597536,0.0,1.4513261,0.0,0.0,0.0,1.0606086,0.973485,1.5179409,0.0,1.2203821,0.815515,1.136525,0.0,1.4932505,0.0,0.0,0.63476557,1.571782,0.0,0.0,0.5594308,0.0,1.0689893,1.3296747,2.5205488,1.5428183,0.0,0.0,1.5391259
0.0,0.0,1.2707878,0.0,1.106437,0.0,0.0,0.0,1.5610878,1.1404072,1.5840763,0.0,0.9895677,0.7817024,1.7141932,0.0,1.279535,0.0,0.0,1.374974,1.3498222,0.0,0.0,1.7701194,0.0,1.2425152,1.3457125,1.6767513,1.701824,0.0,0.0,0.8991206
0.0,0.0,1.252504,0.0,1.3435097,0.0,0.0,0.0,1.3947885,1.1781536,1.2765734,0.0,1.0885582,0.98697805,1.241429,0.0,1.293165,0.0,0.0,1.0453207,1.0093658,0.0,0.0,1.2967429,0.0,1.1159102,1.5809238,1.3572774,1.3110507,0.0,0.0,1.0743966
0.0,0.0,1.2374611,0.0,1.5454295,0.0,0.0,0.0,1.6637379,1.3365794,1.8093796,0.0,0.82508606,1.2526294,1.951322,0.0,1.6285567,0.0,0.0,1.8336197,1.6182096,0.0,0.0,1.9248371,0.0,1.6414022,1.266216,1.8701097,1.7784044,0.0,0.0,0.692202
0.0,0.0,1.122483,0.0,1.1727349,0.0,0.0,0.0,1.3188233,1.2651527,1.091404,0.0,0.8794327,0.72083014,1.451882,0.0,0.95776904,0.0,0.0,1.1831743,1.2651482,0.0,0.0,1.5193248,0.0,0.8019611,1.1772289,1.424724,1.2981778,0.0,0.0,1.1001552
0.0,0.0,0.9846251,0.0,1.2838318,0.0,0.0,0.0,1.1264541,1.5532042,1.2803242,0.0,0.9617897,1.0298903,0.81685996,0.0,1.4456874,0.0,0.0,0.7935451,1.1958982,0.0,0.0,1.1164675,0.0,1.0723962,1.0367435,1.0076594,1.0868127,0.0,0.0,1.3453689
0.0,0.0,0.59767044,0.0,0.57141554,0.0,0.0,0.0,0.6558418,0.7039042,0.6010574,0.0,0.38987523,0.385103,0.77897716,0.0,0.49246967,0.0,0.0,0.5866869,0.71938336,0.0,0.0,0.63844454,0.0,0.48891622,0.54888225,0.77870417,0.6613352,0.0,0.0,0.30708176
0.0,0.0,1.2114382,0.0,1.2180347,0.0,0.0,0.0,1.3594416,1.5160725,0.5265426,0.0,0.90020597,1.3680155,0.6541799,0.0,0.87998724,0.0,0.0,1.1517205,1.2851778,0.0,0.0,1.8133422,0.0,0.8615231,1.2509562,0.45191872,1.3359231,0.0,0.0,1.3523737
0.0,0.0,1.5313824,0.0,0.8229623,0.0,0.0,0.0,1.9711646,1.8054976,1.3689426,0.0,1.9070092,1.6055659,0.92719775,0.0,1.0142827,0.0,0.0,1.6854491,0.8646719,0.0,0.0,1.8756279,0.0,1.4228934,1.7517526,1.2127202,1.707776,0.0,0.0,2.2278092
0.0,0.0,1.1976702,0.0,1.1186725,0.0,0.0,0.0,1.4177245,0.8828581,1.2595075,0.0,0.7776281,0.90243965,1.6360682,0.0,0.8554153,0.0,0.0,0.7359574,0.8557306,0.0,0.0,1.0223333,0.0,1.0477097,1.1793232,2.3670938,1.4778696,0.0,0.0,1.0664494
0.0,0.0,1.7833688,0.0,0.60243565,0.0,0.0,0.0,1.1574198,1.8706044,1.0990379,0.0,1.7541428,1.5658348,0.94753927,0.0,0.22674204,0.0,0.0,1.1045929,0.5331886,0.0,0.0,0.018707465,0.0,2.2362187,1.5374968,0.7998921,1.507343,0.0,0.0,1.789146
0.0,0.0,1.8002111,0.0,0.8297141,0.0,0.0,0.0,1.7880096,1.8685424,1.6187835,0.0,2.0399568,1.8826557,2.0112615,0.0,0.9568862,0.0,0.0,1.3728238,0.7062117,0.0,0.0,1.1486102,0.0,1.5454882,2.193291,2.4502077,1.6547289,0.0,0.0,2.570054
0.0,0.0,0.92401266,0.0,0.9123088,0.0,0.0,0.0,1.0849531,1.0950348,0.78157324,0.0,0.8801822,1.2861106,0.8330079,0.0,1.1048999,0.0,0.0,0.84787875,1.319475,0.0,0.0,1.0668226,0.0,1.0421406,0.80529356,0.8984876,1.0114154,0.0,0.0,1.3237027
0.0,0.0,1.1618121,0.0,0.95650905,0.0,0.0,0.0,1.1743507,1.120425,0.49707946,0.0,0.8216968,1.9539092,0.46287572,0.0,1.6495129,0.0,0.0,1.1181601,1.4036905,0.0,0.0,1.3879054,0.0,1.1594355,0.46053207,0.44214278,1.0825881,0.0,0.0,0.8930638
0.0,0.0,1.4657856,0.0,0.9959637,0.0,0.0,0.0,1.547516,1.8467631,1.2675228,0.0,0.913698,1.6877699,1.4886434,0.0,1.0657389,0.0,0.0,1.2165616,1.0252544,0.0,0.0,1.882452,0.0,1.4665456,0.84869367,1.8228915,1.577488,0.0,0.0,1.615034
0.0,0.0,2.0369039,0.0,0.110029444,0.0,0.0,0.0,1.5442168,1.5516452,1.6573042,0.0,1.8549818,1.6190124,1.5575497,0.0,0.0,0.0,0.0,1.9717458,0.10037222,0.0,0.0,1.0171134,0.0,1.9687023,1.3339927,0.89732224,1.9843999,0.0,0.0,2.1452024
0.0,0.0,1.3787266,0.0,1.3528372,0.0,0.0,0.0,1.4841013,1.1069863,1.3686948,0.0,1.2835698,1.2940139,1.3340371,0.0,1.6339244,0.0,0.0,1.3678269,1.1716645,0.0,0.0,1.2788136,0.0,1.1322047,1.6616898,1.39328,1.2831497,0.0,0.0,1.1361623
0.0,0.0,0.4681291,0.0,0.9101206,0.0,0.0,0.07430579,0.7288256,0.9514653,0.6522341,0.0,0.6533937,0.7675557,0.94336677,0.0,0.5983157,0.0,0.0,0.8787904,0.9483742,0.0,0.0,0.6285293,0.0,0.5936798,0.5377409,0.81786716,0.81323886,0.0,0.0,0.54775655
0.0,0.0,1.5378152,0.0,0.31930137,0.0,0.0,0.0,1.2289776,1.4369184,1.451066,0.0,1.2671373,1.4296017,1.2477475,0.0,0.0,0.0,0.0,1.7067497,0.19722003,0.0,0.0,0.59627783,0.0,1.9994814,0.717512,0.14180744,1.7751284,0.0,0.0,1.2610023
0.0,0.0,1.0535427,0.0,0.94374216,0.0,0.0,0.0,1.121319,1.4805502,1.5994364,0.0,0.7883501,1.0602695,1.6215658,0.0,0.49211138,0.0,0.0,1.2491014,0.521247,0.0,0.0,1.9574428,0.0,1.1989347,0.93182296,1.7055357,1.2891891,0.0,0.0,0.9276143
0.0,0.27636492,0.6420829,0.09394039,0.36592925,0.0,0.306795,0.0,0.5079717,0.25382712,0.99443775,0.080807276,0.09164259,0.23636296,0.5912536,0.16978693,0.31731904,0.0,0.23644981,0.4675832,0.39756495,0.12004095,0.0,0.6609266,0.0,0.6039317,0.22738826,0.45197618,0.92254347,0.0,0.0033284351,0.058784783
0.0,0.0,0.6430476,0.0,0.92133474,0.0,0.0,0.0,1.1628977,0.95023793,1.4187125,0.0,0.5549465,0.4986238,1.2250788,0.0,0.62278134,0.0,0.0,1.3820627,0.6499185,0.0,0.0,1.3775811,0.0,0.96101725,0.7556782,1.1596323,1.4957576,0.0,0.0,0.67109865
0.0,0.0,0.9409003,0.0,0.9355283,0.0,0.0,0.0,0.8210226,1.2331085,0.85465705,0.0,1.1519738,1.2453221,0.588354,0.0,1.255425,0.0,0.0,1.1217091,0.9529646,0.0,0.0,0.816496,0.0,1.0003251,0.7210843,0.6991386,0.6437287,0.0,0.0,0.8426215
0.0,0.0,0.6200303,0.0,1.2634145,0.0,0.0,0.13612258,1.0020515,1.2998896,1.2938299,0.0,0.72555965,0.60877687,0.96385854,0.0,1.243441,0.0,0.0,0.89765394,0.7313404,0.0,0.117500275,0.62397593,0.0,1.2000858,1.0432813,1.7792343,0.59031564,0.0,0.0,0.49709666
0.0,0.0,1.3375169,0.0,1.9119643,0.0,0.0,0.0,1.6424601,1.556601,1.2201508,0.0,0.8638351,1.1350807,1.6941602,0.0,1.0976677,0.0,0.0,1.5996989,1.3567204,0.0,0.0,1.5386683,0.0,1.4609015,1.4887382,1.4953734,1.3687006,0.0,0.0,1.0731754
0.3827439,0.4726137,0.16245478,0.0,0.20234421,0.0,0.0,0.11190523,0.54237676,0.0,0.21406004,0.20424885,0.047341745,0.08948415,0.29572645,0.0,0.74321294,0.1492271,0.23527887,0.029839046,0.82479274,0.0,0.11018228,0.26581058,0.0,0.4468196,0.4644454,0.22823703,0.6060025,0.057776153,0.22018258,0.0
0.7028193,0.93601567,0.0,0.7734322,0.0,0.8182679,0.6391388,0.89116466,0.0,0.0,0.0,0.768657,0.0,0.0,0.0,0.8954792,0.0,1.050304,0.9973766,0.0,0.0,0.823717,0.7102163,0.0,0.93985677,0.0,0.0,0.0,0.0,0.7332715,0.8096318,0.0
0.0,0.0,1.4077615,0.0,0.0,0.0,0.0,0.0,1.0518876,1.0223496,1.3405722,0.0,1.0811405,0.6574235,1.2021753,0.0,0.39049512,0.0,0.0,1.3629726,0.398563,0.0,0.0,1.057862,0.0,1.3932462,0.6699176,0.8114655,1.4416453,0.0,0.0,0.8780034
0.0,0.0,0.43764743,0.0,0.0,0.0,0.0,0.0,0.26680714,0.20417194,0.40312693,0.0,0.4582188,0.28400365,0.3255125,0.0,0.44835883,0.0,0.0,0.4121731,0.4089116,0.0,0.0,0.4463481,0.0,0.09415907,0.5074622,0.35468006,0.25404778,0.0,0.0,0.23408546
0.0,0.0,1.2838424,0.0,1.3852173,0.0,0.0,0.0,1.394419,1.2578071,1.03318,0.0,0.91532356,1.0593516,1.3337178,0.0,1.1602535,0.0,0.0,1.2790309,1.454735,0.0,0.0,1.7344135,0.0,0.9000163,1.2152605,1.227791,1.3322846,0.0,0.0,1.0492955
0.0,0.0,1.1401433,0.0,1.8046983,0.0,0.0,0.0,1.7295437,1.855551,1.3574942,0.0,0.96977663,1.1111937,1.44801,0.0,0.9732891,0.0,0.0,1.5435121,1.2105873,0.0,0.0,1.4471606,0.0,1.4104517,1.5874174,1.356012,1.4245219,0.0,0.0,1.4392092
0.0,0.0,1.2663236,0.0,1.740515,0.0,0.0,0.0,1.155948,1.6702545,1.270471,0.0,1.4453024,1.4540359,1.2402447,0.0,1.2605805,0.0,0.0,1.7150778,1.781845,0.0,0.0,1.3033191,0.0,1.2971969,0.9458167,0.9291286,1.2003763,0.0,0.0,1.2427619
0.037164744,0.0,0.11971619,0.052103274,0.0,0.07824221,0.0,0.26074055,0.0,0.04218601,0.14255211,0.0,0.060182333,0.0,0.10637823,0.0,0.0,0.0,0.115402,0.0,0.265364,0.0,0.0,0.2228711,0.0,0.0,0.2794994,0.14063127,0.0,0.0,0.0,0.0
0.0,0.0,0.5534722,0.0,0.26026344,0.0,0.0,0.0,0.5739098,0.44626644,0.8307417,0.0,0.59686166,0.80114186,0.5084643,0.0,1.0969154,0.0,0.198619,0.7579266,1.074139,0.0,0.0,1.3514173,0.0,0.53880155,0.5241949,0.467435,0.7427786,0.0,0.0145134255,0.09658995
0.0,0.0,1.839528,0.0,1.1534084,0.0,0.0,0.0,1.7152618,1.6622026,1.850965,0.0,1.125106,1.5299358,2.2675052,0.0,1.6408784,0.0,0.0,1.8070769,1.1344972,0.0,0.0,2.1578572,0.0,1.4484166,1.5893782,2.4686675,1.8854877,0.0,0.0,1.5498012
0.0,0.0,1.788756,0.0,0.9634527,0.0,0.0,0.0,1.7635783,1.5238888,1.653939,0.0,2.1317015,1.4749358,2.3445535,0.0,1.1059525,0.0,0.0,1.7443334,0.7499314,0.0,0.0,1.2270893,0.0,1.5002507,2.292362,3.078521,1.8318975,0.0,0.0,2.6011705
1.0732639,1.1378564,0.0,1.0053973,0.0,0.8096504,0.99989337,1.2086031,0.0,0.0,0.0,1.1012396,0.0,0.0,0.0,1.2445928,0.0,1.1609606,1.0235711,0.0,0.0,0.92570436,1.1240706,0.0,1.2727795,0.0,0.0,0.0,0.0,1.1431946,0.87002826,0.0
0.0,0.0,0.5984365,0.0,0.42392528,0.0,0.0,0.12648678,0.31566364,0.16309103,0.5984081,0.0,0.38586777,0.12305286,0.8300639,0.0,0.5772301,0.0,0.0065211803,0.4530627,0.78666085,0.0,0.0,0.64682037,0.0,0.20812222,0.4303072,0.747054,0.441531,0.0,0.0,0.018459983
0.0,0.0,0.6868061,0.0,0.25955522,0.0,0.0,0.0,0.78403044,0.5969645,1.1775119,0.0,0.7570907,0.5737151,0.45634922,0.0,0.5294992,0.0,0.0,0.7509723,0.3225033,0.0,0.0,0.862738,0.0,0.7861002,0.44517428,0.38147354,1.0768105,0.0,0.0,0.6068973
0.0,0.0,2.1815424,0.0,1.423439,0.0,0.0,0.0,2.115132,1.898576,1.514808,0.0,1.6981326,1.9145571,2.170539,0.0,1.1754574,0.0,0.0,1.522097,0.6679307,0.0,0.0,1.8008428,0.0,1.8251362,1.8412777,2.8369262,2.4049075,0.0,0.0,2.4010804
0.0,0.0,0.6066741,0.0,0.5879469,0.0,0.0,0.0,0.82063985,0.53437847,0.8735025,0.0,0.6803976,0.22361562,0.7815798,0.0,0.1396468,0.0,0.0,0.5111869,0.60805005,0.0,0.0,0.58538485,0.0,0.53231406,0.7225318,0.9435347,0.94097835,0.0,0.0,0.5701242
0.0,0.0,1.6968603,0.0,0.84193224,0.0,0.0,0.0,1.6479743,1.3168775,1.5535555,0.0,1.4255716,1.664631,1.4560032,0.0,0.87186086,0.0,0.0,1.2118655,0.77418745,0.0,0.0,1.1793829,0.0,1.676009,1.215238,1.5183362,1.8741547,0.0,0.0,1.6179307
0.0,0.0,1.125578,0.0,1.4315764,0.0,0.0,0.0,1.7775983,1.3508354,1.6520149,0.0,0.79927415,1.0879401,1.5907011,0.0,1.0263681,0.0,0.0,1.5960338,1.2091695,0.0,0.0,1.4831676,0.0,1.420478,1.4230207,1.3799908,1.7659827,0.0,0.0,1.1671927
0.0,0.0,2.1208615,0.0,1.2521948,0.0,0.0,0.0,2.2373416,1.9989527,1.5509561,0.0,1.9207059,1.9137747,2.3896642,0.0,0.7337801,0.0,0.0,1.5473478,0.53241813,0.0,0.0,1.5268009,0.0,1.720808,2.1651435,2.9150212,2.1565485,0.0,0.0,2.5971663
0.0,0.0,1.4781243,0.0,1.519209,0.0,0.0,0.0,1.9704323,2.416174,1.7293645,0.0,1.7100291,1.58225,1.451736,0.0,1.0364124,0.0,0.0,1.8888909,1.1180159,0.0,0.0,1.522991,0.0,1.5119358,1.7953446,1.5754665,1.3618087,0.0,0.0,2.048234
0.0,0.0,1.7541523,0.0,0.59402764,0.0,0.0,0.0,1.5503486,1.3083544,1.6319078,0.0,1.2769159,2.0619972,1.1939918,0.0,1.2773836,0.0,0.0,1.4908609,0.89266974,0.0,0.0,1.3711978,0.0,1.873233,0.8170827,0.8875832,1.9337133,0.0,0.0,1.4733335
0.0,0.0,1.1871268,0.0,0.9753924,0.0,0.0,0.0,1.2658073,1.0509394,1.1850114,0.0,1.1699369,1.2633393,1.159497,0.0,1.6385148,0.0,0.0,1.3357583,1.0447532,0.0,0.0,1.2752017,0.0,1.0837748,1.0070002,1.4011723,1.1608425,0.0,0.0,1.0213125
0.0,0.0,1.1615132,0.0,1.3434731,0.0,0.0,0.0,1.3594044,1.2252378,1.1151396,0.0,0.79409176,0.7540155,1.4464583,0.0,1.196979,0.0,0.0,1.1112152,1.2403651,0.0,0.0,1.474778,0.0,1.0195497,1.1946895,1.4731262,1.3678635,0.0,0.0,0.9939096
0.0,0.0,0.8696524,0.0,0.9446955,0.0,0.0,0.0,0.98195434,1.0194243,0.90772176,0.0,0.5560259,0.78197944,1.1467923,0.0,1.1246071,0.0,0.0,0.8374452,1.1995022,0.0,0.0,0.9582212,0.0,0.8112917,0.77764416,0.99817747,0.92412984,0.0,0.0,0.85754514
0.0,0.0,1.2513613,0.0,1.0068747,0.0,0.0,0.0,1.2135965,1.0485736,0.9442197,0.0,1.1064014,1.3094846,1.0810506,0.0,1.4618257,0.0,0.0,1.2684361,1.2016082,0.0,0.0,1.4181225,0.0,0.9236989,1.0681081,1.1353326,1.1388283,0.0,0.0,1.1289115
0.0,0.0,1.3303528,0.0,1.1880313,0.0,0.0,0.0,1.5995642,1.7093394,1.5611761,0.0,1.4308318,1.0177039,2.094542,0.0,0.5022107,0.0,0.0,0.85909957,0.4012321,0.0,0.0,1.2124686,0.0,1.0694821,1.7725327,2.5865564,1.1834126,0.0,0.0,1.6763319
0.0,0.0,1.6374375,0.0,0.5476243,0.0,0.0,0.0,1.0645082,1.4035666,1.0472059,0.0,1.3624964,1.2879454,1.0159733,0.0,0.17379044,0.0,0.0,0.9205498,0.38004568,0.0,0.0,0.023213506,0.0,1.9366386,1.0476323,0.8635405,1.3830314,0.0,0.0,1.276593
0.0,0.0,1.4712545,0.0,1.61411,0.0,0.0,0.0,1.397295,1.2953458,1.2351773,0.0,1.1352656,1.3069235,1.576061,0.0,1.5413709,0.0,0.0,1.2887034,1.4493376,0.0,0.0,1.5397756,0.0,1.3046978,1.3274394,1.5701218,1.2198712,0.0,0.0,1.2140723
1.0375528,1.3113974,0.0,1.2968582,0.0,0.7397284,1.133688,1.0178155,0.0,0.0,0.0,1.0477285,0.0,0.0,0.0,1.4132234,0.0,1.162889,1.0479573,0.0,0.0,1.0376059,1.0559975,0.0,1.4672592,0.0,0.0,0.0,0.0,1.2568353,0.7888621,0.0
0.9403371,1.0679106,0.0,0.90513426,0.0,1.0166367,0.8211998,1.0802171,0.0,0.0,0.0,0.9592548,0.0,0.0,0.0,0.96293503,0.0,1.2534581,1.0818439,0.0,0.0,1.0584219,0.9839884,0.0,1.2349235,0.0,0.0,0.0,0.0,0.8974642,1.1090381,0.0
0.90097684,1.3166244,0.0,1.1569803,0.0,0.7032781,0.93559533,0.95137775,0.0,0.0,0.0,0.9116785,0.0,0.0,0.0,0.9710414,0.0,1.005664,1.0488439,0.0,0.0,0.9212445,0.67203045,0.0,1.0847921,0.0,0.0,0.0,0.0,1.1043833,0.66957563,0.0
1.10131,1.4347806,0.0,1.1009641,0.0,1.0812166,1.0791644,1.0176047,0.0,0.0,0.0,1.2101471,0.0,0.0,0.0,0.9784764,0.0,1.2195339,1.2219211,0.0,0.0,1.0548295,0.7783141,0.0,1.2224208,0.0,0.0,0.0,0.0,1.0331523,1.0607256,0.0
0.91220015,1.1747005,0.0,0.9864335,0.0,0.8467384,0.74676806,0.81314117,0.0,0.0,0.0,0.95368403,0.0,0.0,0.0,1.0853527,0.0,1.05327,1.0178498,0.0,0.0,0.8592139,0.75996876,0.0,1.0879983,0.0,0.0,0.0,0.0,0.87686926,0.7661032,0.0
0.0,0.0,0.7903576,0.0,1.0175372,0.0,0.0,0.0,1.0487494,0.9196624,1.0531458,0.0,0.89289016,0.64371604,1.1023806,0.0,0.74551505,0.0,0.0,0.9628979,1.1269116,0.0,0.0,1.0248572,0.0,0.71769637,0.985855,1.2931149,1.1501588,0.0,0.0,0.7755749
0.0,0.0,1.5906979,0.0,0.37708807,0.0,0.0,0.0,1.2703848,1.381584,1.6379989,0.0,1.4499238,1.2291216,1.4106108,0.0,0.0,0.0,0.0,1.6377462,0.29398686,0.0,0.0,0.8786168,0.0,1.741149,0.8974654,0.559979,1.7643483,0.0,0.0,1.4221573
0.0,0.0,1.294239,0.0,0.18278135,0.0,0.0,0.0,0.7982882,0.791384,1.0231589,0.0,0.59192705,0.3675563,1.047506,0.0,0.031142436,0.0,0.0,0.99552655,0.4128106,0.0,0.0,0.70948,0.0,0.9619901,0.5549291,0.98451054,1.3374907,0.0,0.0,0.6586463
0.0,0.0,1.0602162,0.0,0.90628356,0.0,0.0,0.0,1.0429226,0.9918978,1.1925664,0.0,1.2306453,1.0979427,1.4194138,0.0,1.3082659,0.0,0.0,1.3912878,1.1897469,0.0,0.0,0.81566834,0.0,0.69277036,1.3730614,1.2494856,0.88239,0.0,0.0,1.0001243
0.0,0.0,1.2108511,0.0,1.3321991,0.0,0.0,0.0,1.3897977,1.1628752,1.3376445,0.0,1.1007786,1.2016991,1.2619584,0.0,1.4373541,0.0,0.0,1.236793,1.1837527,0.0,0.0,1.0979754,0.0,1.0847942,1.3539611,1.1666199,1.2756517,0.0,0.0,1.2085592
0.0,0.0,1.1849681,0.0,0.6662663,0.0,0.0,0.0,1.2039863,1.2104617,1.3501846,0.0,1.563749,1.4939166,1.3314627,0.0,1.2071126,0.0,0.0,1.015936,1.1302732,0.0,0.0,0.802998,0.0,1.2074661,1.4301583,1.7183123,1.3613099,0.0,0.0,1.7499287
0.0,0.0,1.2614293,0.0,0.62470776,0.0,0.0,0.0,1.2990991,1.2645395,1.405223,0.0,1.6532216,1.6917298,1.3398887,0.0,1.2988697,0.0,0.0,1.0953735,1.1929342,0.0,0.0,0.9075508,0.0,1.2556735,1.6009892,1.7585403,1.4423666,0.0,0.0,1.9087421
0.0,0.0,1.1923527,0.0,0.9441488,0.0,0.0,0.0,1.5306783,1.2470359,1.6695374,0.0,1.2493005,1.5354943,1.1490526,0.0,1.6408741,0.0,0.0,1.5458616,1.4866138,0.0,0.0,1.4251648,0.0,0.986894,1.526937,1.0453068,1.4654441,0.0,0.0,1.2549078
0.0,0.0,0.72598493,0.0,0.6702705,0.0,0.0,0.0,0.9545936,0.899451,0.8435373,0.0,0.7387406,0.50683635,0.8623412,0.0,0.45493788,0.0,0.0,0.817237,1.0048344,0.0,0.0,1.0011307,0.0,0.4033091,0.9298527,0.8141454,1.0305576,0.0,0.0,0.5474026
0.0,0.0,1.429964,0.0,1.4266955,0.0,0.0,0.0,1.5047982,1.4136708,1.60316,0.0,1.5274062,1.578221,1.2867064,0.0,1.8095407,0.0,0.0,1.4909543,1.4381387,0.0,0.0,1.361363,0.0,1.0906485,1.7609296,1.2088157,1.2965863,0.0,0.0,1.3094997
0.0,0.0,1.2271256,0.0,1.3754561,0.0,0.0,0.0,1.499716,1.1595255,1.2986118,0.0,1.0364677,0.6375508,1.4703773,0.0,0.9017818,0.0,0.0,1.230819,1.2234246,0.0,0.0,1.4023376,0.0,0.9143513,1.9711509,1.237925,1.4913613,0.0,0.0,1.0040418
0.0,0.0,0.745062,0.0,0.2670422,0.0,0.0,0.0,0.7231809,0.54913276,1.0698271,0.0,0.6039107,0.5162094,1.2472492,0.0,0.9638158,0.0,0.0,0.8728397,1.1802791,0.0,0.0,1.2948614,0.0,0.74690235,0.9390725,1.1253974,0.87410456,0.0,0.0,0.19632116
0.0,0.0,0.6586267,0.0,0.31219167,0.0,0.043811765,0.0,0.8583319,0.524473,1.2688189,0.0,0.6264173,0.9506236,0.7679426,0.0,0.7695266,0.0,0.0,1.1401775,0.61968905,0.0,0.0,0.7600816,0.0,0.5812501,0.64743817,0.62333924,1.0778849,0.2946202,0.0,0.6967008
0.0,0.0,1.1119722,0.0,0.42239285,0.0,0.0,0.0,1.4262536,0.96560496,1.2927951,0.0,0.732317,1.1425648,1.4016614,0.0,0.68261564,0.0,0.0,1.3106754,0.39611444,0.0,0.0,1.0299689,0.0,0.9097695,1.2528461,1.7593288,1.6199378,0.0,0.0,1.1462331
0.0,0.0,1.3747944,0.0,1.7111814,0.0,0.0,0.0,1.5638036,1.5213822,1.4052597,0.0,1.043966,0.6412695,1.658993,0.0,0.9867958,0.0,0.0,1.1522995,1.4133042,0.0,0.0,1.9237467,0.0,1.1442739,1.4317209,1.7451898,1.6161245,0.0,0.0,1.114419
0.0,0.0,1.3196683,0.0,1.4611999,0.0,0.0,0.0,1.9276091,1.7618293,1.231341,0.0,1.0994369,0.76338696,1.3779612,0.0,0.35481063,0.0,0.0,1.189137,0.943533,0.0,0.0,1.9231081,0.0,0.960803,1.7623544,1.4657837,1.7624756,0.0,0.0,1.5364527
0.0,0.0,0.6391723,0.0,0.56017274,0.0,0.0,0.0,0.7283337,0.5463453,0.9140271,0.0,0.53700686,0.02181238,0.7685726,0.0,0.24882239,0.0,0.0,0.43528396,0.59110594,0.0,0.0,0.7106227,0.0,0.5217545,0.65890443,0.7680309,0.91559863,0.0,0.0,0.35489208
0.0,0.0,2.1898773,0.0,1.6271298,0.0,0.0,0.0,2.3767624,2.0561285,1.5478343,0.0,1.9533762,1.704528,2.9044333,0.0,0.54146606,0.0,0.0,1.7096672,0.19563222,0.0,0.0,1.7813513,0.0,1.8754481,2.409264,3.5796916,2.4068387,0.0,0.0,2.9007213
0.0,0.0,1.6822333,0.0,0.5583729,0.0,0.0,0.0,1.3230773,1.4161189,1.2403411,0.0,1.3749291,1.4793487,1.2171237,0.0,0.46886182,0.0,0.0,1.1627992,0.26240033,0.0,0.0,0.516288,0.0,1.808889,1.085891,1.1302276,1.6704406,0.0,0.0,1.3253025
0.0,0.32145873,0.35550666,0.0,0.09823902,0.114350766,0.0,0.22321291,0.34789246,0.08164574,0.42875066,0.0,0.3417282,0.0,0.407829,0.0,0.0,0.0,0.1564449,0.31028646,0.24571899,0.0,0.27814883,0.2895618,0.0,0.030024208,0.50011593,0.37502897,0.44381386,0.025132999,0.0,0.049048226
0.0,0.0,1.3071735,0.0,1.6015046,0.0,0.0,0.0,1.5629127,1.7398766,1.3289908,0.0,1.0346624,1.11178,1.3926791,0.0,1.1937164,0.0,0.0,1.2167599,1.491796,0.0,0.0,1.6784528,0.0,1.160413,1.3612077,1.2331235,1.4715953,0.0,0.0,1.4324183
0.0,0.0,0.7583152,0.0,0.5651026,0.0,0.0,0.0,0.9161247,0.6089395,0.8160064,0.0,0.6337091,0.30326763,0.9541758,0.0,0.6374187,0.0,0.0,0.81878394,0.71535563,0.0,0.0,0.7829254,0.0,0.5035683,0.75138927,1.2224798,0.975166,0.0,0.0,0.50830036
0.0,0.0,0.95004284,0.0,0.3398494,0.0,0.0,0.0,1.0988555,0.97531563,1.3168514,0.0,0.95314324,0.39221874,1.0093744,0.0,0.064399034,0.0,0.0,1.0703728,0.5586816,0.0,0.0,1.5350343,0.0,0.9132659,0.820129,0.7368957,1.243217,0.0,0.0,0.58500373
0.0,0.0,1.65767,0.0,0.24244107,0.0,0.0,0.0,1.4507622,1.4676787,1.5599203,0.0,1.4877268,1.7583085,1.4232773,0.0,0.79695,0.0,0.0,1.4811308,0.52832615,0.0,0.0,1.2190199,0.0,1.4908595,1.2116665,1.1918523,1.6880714,0.0,0.0,1.4928868
0.0,0.0,1.0300857,0.0,1.4290562,0.0,0.0,0.0,1.1968293,1.5343871,1.016854,0.0,1.1861795,1.210682,1.1680638,0.0,0.8452906,0.0,0.0,1.3709146,1.2829275,0.0,0.0,1.436298,0.0,1.1163749,0.8706089,1.413715,1.1776854,0.0,0.0,1.3224453
0.0,0.0,1.0373572,0.0,0.9634365,0.0,0.0,0.0,1.0706999,1.1291515,0.9640121,0.0,0.85002595,0.97984445,1.2588865,0.0,1.3332008,0.0,0.0,1.0953009,1.2879503,0.0,0.0,1.2914703,0.0,0.8447199,0.81304085,1.2028538,1.0642568,0.0,0.0,1.0111961
0.0,0.0,1.7326732,0.0,0.25183582,0.0,0.0,0.0,1.600833,1.8337516,1.6569626,0.0,2.1716614,1.5392869,1.8551496,0.0,0.17760408,0.0,0.0,2.150111,0.81487536,0.0,0.0,1.0422182,0.0,1.963154,1.6307229,1.2205324,1.5345451,0.0,0.0,2.280621
0.0,0.0,1.2575572,0.0,0.036599554,0.0,0.0,0.0,0.9121145,1.0410004,1.0913109,0.0,1.1361717,0.77731407,1.1881186,0.0,0.32398987,0.0,0.0,1.0362728,0.36797553,0.0,0.0,0.60906297,0.0,1.3409102,0.68675184,0.9984064,1.1489952,0.0,0.0,0.8453643
0.0,0.0,1.4422009,0.0,2.1537259,0.0,0.0,0.0,1.623369,1.9105519,1.6132468,0.0,1.2584842,1.4657962,2.0597792,0.0,1.8327155,0.0,0.0,1.769515,2.1355135,0.0,0.0,2.5396445,0.0,1.5690706,1.4749423,2.2491796,1.3837276,0.0,0.0,1.2055019
1.0838599,1.1301469,0.0,0.99067444,0.0,0.70688695,1.0329086,1.0431684,0.0,0.0,0.0,1.0968671,0.0,0.0,0.0,1.411134,0.0,1.1086046,1.0692463,0.0,0.0,0.9133485,1.1354102,0.0,1.3200792,0.0,0.0,0.0,0.0,1.2163982,0.9571673,0.0
0.0,0.0,0.96014166,0.0,0.85660726,0.0,0.0,0.0,0.9841965,1.1576668,1.1490109,0.0,1.2675186,1.1703674,1.0776991,0.0,1.4065822,0.0,0.0,1.2580217,1.011554,0.0,0.0,0.8029812,0.0,0.800499,1.2378497,1.1725639,0.81663483,0.0,0.0,1.1340429
0.0,0.0,1.1779475,0.0,1.2141275,0.0,0.0,0.0,1.0610223,0.9407694,1.2146058,0.0,0.97942233,1.018031,1.480113,0.0,1.4714911,0.0,0.0,1.2198578,1.2689986,0.0,0.0,1.0865355,0.0,1.0374688,1.0859188,1.2976589,0.9297211,0.0,0.0,0.8087964
0.0,0.0,0.89941335,0.0,0.73229116,0.0,0.0,0.0,0.76849294,0.7820934,0.78770405,0.0,0.67726177,0.65841836,1.0591638,0.0,1.0315573,0.0,0.0,0.99454,0.99669874,0.0,0.0,1.027719,0.0,0.6123891,0.778086,0.94744307,0.76313394,0.0,0.0,0.52507657
0.0,0.0,0.769855,0.0,1.0211582,0.0,0.0,0.0,1.1508588,1.0358733,1.067078,0.0,0.92524403,0.5738496,1.019186,0.0,0.4208555,0.0,0.0,0.99557793,0.9851832,0.0,0.0,1.061782,0.0,0.77168006,1.0268948,1.3389231,1.1975425,0.0,0.0,0.8715084
0.26491028,0.0,0.38730958,0.0,0.40352052,0.0,0.0,0.0,0.1112767,0.0,0.22238827,0.0,0.13442653,0.24336934,0.0,0.0,1.2146865,0.0,0.114030175,0.06280722,1.536518,0.0,0.0,0.6292427,0.0,0.5887804,0.8886804,0.0,0.49323523,0.0,0.0,0.0
1.2219921,1.2751204,0.0,1.1770914,0.0,1.2081975,1.1087744,1.2679871,0.0,0.0,0.0,1.1717657,0.0,0.0,0.0,1.2146679,0.0,1.4783111,1.4012998,0.0,0.0,1.2832544,1.225035,0.0,1.5889802,0.0,0.0,0.0,0.0,1.1478474,1.2034997,0.0
1.0150925,1.2592907,0.0,1.1060352,0.0,0.8090781,1.072298,1.1155946,0.0,0.0,0.0,1.1480047,0.0,0.0,0.0,1.3670275,0.0,1.2500514,1.1093562,0.0,0.0,1.0434812,1.1555235,0.0,1.3376595,0.0,0.0,0.0,0.0,1.1271387,1.0257164,0.0
0.9613996,1.1758863,0.0,0.964685,0.0,1.0460163,1.3429877,1.1751797,0.0,0.0,0.0,1.3671461,0.0,0.0,0.0,1.5149369,0.0,1.3648862,1.373326,0.0,0.0,1.2302938,1.0820339,0.0,1.2861065,0.0,0.0,0.0,0.0,1.2107016,1.0923679,0.0
0.0,0.0,1.7377051,0.0,2.0822675,0.0,0.0,0.0,1.6572647,1.7075218,1.337527,0.0,1.4408906,1.8589367,1.2561437,0.0,1.9470842,0.0,0.0,1.6885997,1.8297834,0.0,0.0,2.182642,0.0,1.6256629,1.2510842,1.2275798,1.6045309,0.0,0.0,1.474125
0.0,0.0,1.0599471,0.0,0.5154349,0.0,0.0,0.0,0.95922023,0.6147262,0.9596173,0.0,1.0012633,0.5598745,0.8660713,0.0,1.0882254,0.0,0.0,0.84963524,0.5548625,0.0,0.0,1.048625,0.0,0.72889674,1.0749222,1.1949604,0.9785552,0.0,0.0,0.8024778
0.0,0.0,0.75122964,0.0,0.50791395,0.0,0.0,0.0,0.6972059,0.51615113,0.8610686,0.0,0.7551567,0.43709734,0.7558716,0.0,0.84975165,0.0,0.0,0.6235212,0.7021003,0.0,0.0,0.7721766,0.0,0.5457584,0.70525545,0.80617064,0.80881965,0.0,0.0,0.49036378
0.0,0.0,0.7330148,0.0,0.43810403,0.0,0.0,0.0,0.5807818,0.4885996,0.7308722,0.0,0.57588536,0.0,0.69438004,0.0,0.15646565,0.0,0.0,0.19611733,0.42799357,0.0,0.0,0.86491483,0.0,0.48248804,0.81884575,0.6260347,0.7754915,0.0,0.0,0.35964972
0.0,0.0,0.85335815,0.0,0.20638672,0.0,0.0,0.0,0.84699327,0.74425805,0.75006825,0.0,0.93065864,0.19301166,0.5449163,0.0,0.0,0.0,0.0,0.71160245,0.35289437,0.0,0.0,0.7762354,0.0,0.63973355,0.9432015,0.31213683,0.9761401,0.0,0.0,0.8598872
0.0,0.17531918,0.3055026,0.26023737,0.0,0.21353582,0.16456208,0.0,0.087960966,0.0,0.24771157,0.06599596,0.35313064,0.12989016,0.0,0.22824813,0.3267431,0.0,0.2633038,0.28721392,0.23330286,0.13784432,0.0,0.025449153,0.02530843,0.001584217,0.264682,0.0,0.15211305,0.25877625,0.0,0.15880081
0.0,0.0,1.7783561,0.0,1.2433108,0.0,0.0,0.0,1.4421464,1.4008908,1.5008081,0.0,0.889826,1.1214731,1.8568902,0.0,1.8601927,0.0,0.0,0.9309367,1.3809084,0.0,0.0,1.6014683,0.0,1.5965512,1.5628936,2.5177395,1.4225996,0.0,0.0,1.1314579
0.0,0.31785658,0.29557902,0.11790748,0.042358343,0.049856998,0.0,0.4005676,0.07747522,0.27883068,0.17135307,0.08510052,0.17198288,0.0,0.46404848,0.12080687,0.0,0.0,0.25842765,0.35028687,0.49320775,0.0,0.2585138,0.12439649,0.112502486,0.0,0.13634926,0.03172589,0.20336756,0.086888194,0.0,0.0
0.0,0.0,0.95156944,0.0,0.33598298,0.0,0.0,0.0,0.8914118,0.93890655,1.2325457,0.0,0.9781503,0.34217596,1.2069124,0.0,0.65017474,0.0,0.0,0.4860374,1.1222247,0.0,0.0,1.2008786,0.0,0.90088385,1.0388786,1.5145167,0.9671266,0.0,0.0,1.1102239
0.0,0.0,0.6379156,0.0,0.37537622,0.0,0.0,0.0,0.49523234,0.4094853,0.6202359,0.0,0.40966994,0.0,0.7152521,0.0,0.0,0.0,0.0,0.17551492,0.4395602,0.0,0.0,0.665914,0.0,0.35096312,0.5832408,0.71875113,0.63665295,0.0,0.0,0.18646085
0.0,0.0,1.3343526,0.0,0.37444228,0.0,0.0,0.0,1.1930907,0.9806094,1.259418,0.0,0.8913489,0.76640487,1.3679618,0.0,0.34225288,0.0,0.0,0.87097263,0.51389074,0.0,0.0,0.93269926,0.0,1.2788727,0.6768185,1.1540576,1.3860576,0.0,0.0,0.8332385
0.0,0.0,1.209951,0.0,1.562847,0.0,0.0,0.0,1.5431776,1.3092629,1.1514589,0.0,0.86318654,0.9674655,1.4733754,0.0,1.0326555,0.0,0.0,1.2049031,1.0421702,0.0,0.0,1.3205674,0.0,1.3277166,1.4086641,1.4877912,1.3838181,0.0,0.0,1.199384
0.0,0.0,1.2698424,0.0,1.2258255,0.0,0.0,0.0,1.3892856,1.3993634,0.99523664,0.0,1.0416646,1.294084,0.8431224,0.0,1.1768878,0.0,0.0,1.117678,1.172733,0.0,0.0,1.4776392,0.0,1.022159,1.2333091,0.7575128,1.3649528,0.0,0.0,1.3053651
0.0,0.0,1.5633123,0.0,1.8241632,0.0,0.0,0.0,1.7992089,1.85232,1.4038267,0.0,1.3469855,1.0069014,1.6138824,0.0,1.0125266,0.0,0.0,1.5333887,1.5964689,0.0,0.0,2.2851675,0.0,1.254278,1.691774,1.5825208,1.7775304,0.0,0.0,1.4796518
0.0,0.0,1.4095097,0.0,1.1176597,0.0,0.0,0.0,1.3378667,1.4994985,0.93418276,0.0,1.2611516,1.6021578,0.836469,0.0,1.4535826,0.0,0.0,1.2607595,1.2096975,0.0,0.0,1.6171023,0.0,1.1025382,1.2444341,0.86506987,1.2853006,0.0,0.0,1.4680048
0.0,0.0,1.2788291,0.0,1.537875,0.0,0.0,0.0,1.539521,1.2348554,1.4445633,0.0,1.122266,1.2028654,1.3822886,0.0,1.6601797,0.0,0.0,1.3731614,1.2340674,0.0,0.0,1.2820725,0.0,1.2269027,1.6205361,1.4929932,1.347076,0.0,0.0,1.0624987
0.019380098,0.0,0.17004,0.0,0.121429294,0.04012278,0.0,0.20942602,0.08751804,0.0,0.44266275,0.06485948,0.26982328,0.0,0.22671331,0.13661218,0.34305483,0.0,0.0053481534,0.11991541,0.066110946,0.0,0.0,0.20493427,0.037445217,0.116911784,0.10291967,0.27145833,0.27636933,0.0,0.026365118,0.0
0.0,0.0,0.9215698,0.0,1.133248,0.0,0.0,0.0,1.050094,1.239352,1.0835667,0.0,0.6392831,0.83184993,1.1138014,0.0,1.2064493,0.0,0.0,0.8938874,1.3835366,0.0,0.0,1.0636059,0.0,0.8834302,0.83156043,1.0127454,0.95978224,0.0,0.0,0.874535
0.0,0.0,1.156933,0.0,1.2215972,0.0,0.0,0.0,1.1264489,1.4606302,0.8093958,0.0,0.97696364,1.1205858,1.0247929,0.0,1.0294557,0.0,0.0,1.0642837,1.1576382,0.0,0.0,1.463517,0.0,1.1646297,0.7609534,1.1990227,1.0402153,0.0,0.0,1.1727169
0.0,0.0,1.018618,0.0,1.0125912,0.0,0.0,0.0,1.0660034,1.014875,1.0598971,0.0,0.8724393,0.76841897,1.2521033,0.0,1.062083,0.0,0.0,0.9557047,1.1260507,0.0,0.0,1.0961952,0.0,0.76918566,1.1950991,1.1518694,1.0215164,0.0,0.0,0.8265179
0.0,0.0,1.1830398,0.0,1.3879305,0.0,0.0,0.0,1.282502,1.3240614,1.1708758,0.0,1.0930455,1.377862,1.2530305,0.0,1.6021523,0.0,0.0,1.4650794,1.407364,0.0,0.0,1.2884278,0.0,1.1131319,1.1469917,1.2046494,1.1190677,0.0,0.0,1.041251
0.0,0.0,0.5360768,0.0,0.35926837,0.0,0.0,0.0,0.43204284,0.3434531,0.55952555,0.0,0.46053284,0.22106269,0.5083735,0.0,0.39313835,0.0,0.0,0.43793514,0.44371057,0.0,0.0,0.510749,0.0,0.5142534,0.3220638,0.3332889,0.5551518,0.0,0.0,0.3573881
0.0,0.0,0.9369527,0.0,0.6048139,0.0,0.0,0.0,0.94455516,0.83331156,0.9427768,0.0,1.0262575,0.9229353,0.7193523,0.0,1.1307448,0.0,0.0,0.9117132,0.70662105,0.0,0.0,0.9594872,0.0,0.70729494,1.0840131,0.7413103,0.84987396,0.0,0.0,0.8854117
0.0,0.5090868,0.27707115,0.17364681,0.073125914,0.23437394,0.49920017,0.0,0.32709658,0.0,0.80526334,0.26723814,0.24356164,0.0,0.5726974,0.11858304,0.061549377,0.0,0.5137821,0.46327648,0.19045009,0.24803555,0.24387942,0.35445517,0.0,0.2518455,0.069681376,0.44055915,0.6180816,0.4346211,0.14989851,0.0
0.0,0.0,1.4384497,0.0,1.6055716,0.0,0.0,0.0,1.5329698,1.478527,1.1013756,0.0,1.0125862,1.1989602,1.557164,0.0,1.2793713,0.0,0.0,1.367751,1.641709,0.0,0.0,1.9944918,0.0,1.1152968,1.3006816,1.418772,1.481683,0.0,0.0,1.274346
0.0,0.0,1.0317564,0.0,0.98642504,0.0,0.0,0.0,1.1919839,1.1542758,1.0931233,0.0,1.0250065,1.3669344,1.0820191,0.0,1.4912541,0.0,0.0,1.2385231,1.2132379,0.0,0.0,0.9267233,0.0,0.8726111,1.187881,1.1031338,0.9503841,0.0,0.0,1.2070704
0.0,0.0,1.200501,0.0,1.2414206,0.0,0.0,0.0,1.2354015,0.99484503,1.0684353,0.0,1.0213667,1.3768258,1.3906612,0.0,1.5782725,0.0,0.0,1.4553583,1.2434409,0.0,0.0,1.0999278,0.0,1.0202885,1.2357126,1.3223562,1.0023565,0.0,0.0,0.89336604
0.0,0.0,1.1503007,0.0,1.5591308,0.0,0.0,0.0,1.3484696,1.5022724,0.83364874,0.0,0.65496325,0.779077,1.1032429,0.0,0.7135065,0.0,0.0,1.1081274,1.1188592,0.0,0.0,1.6420228,0.0,1.1746974,1.0265933,0.9077957,1.390304,0.0,0.0,0.97840023
0.9041789,0.982435,0.0,0.6567571,0.0,0.48650897,0.63579214,0.9075711,0.0,0.0,0.0,0.70896477,0.0,0.0,0.0,0.847292,0.0,0.8401009,0.8074824,0.0,0.0,0.5607942,0.6406144,0.0,0.84803146,0.0,0.0,0.0,0.0,0.6612946,0.76867586,0.0
1.5520314,1.7189505,0.0,1.5502013,0.0,1.2540901,1.4823227,1.3335216,0.0,0.0,0.0,1.4474431,0.0,0.0,0.0,1.6512645,0.0,1.4431813,1.5219953,0.0,0.0,1.2190675,1.2266567,0.0,1.6663862,0.0,0.0,0.0,0.0,1.4637512,1.4212308,0.0
0.0,0.0,1.3145651,0.0,1.1769267,0.0,0.0,0.0,1.3366039,1.0872767,1.2746592,0.0,1.2515266,1.0044643,1.2797413,0.0,1.3831543,0.0,0.0,1.1131668,1.0022882,0.0,0.0,1.3566786,0.0,1.0738224,1.4063488,1.5292914,1.2309794,0.0,0.0,1.1621894
0.0,0.0,0.9360534,0.0,0.32793486,0.0,0.0,0.0,1.305848,1.5280141,1.2587831,0.0,1.4187074,0.5802688,1.0200372,0.0,0.40691298,0.0,0.0,1.4541584,0.47429025,0.0,0.0,1.119022,0.0,1.1078311,1.4374018,1.1238695,0.9557248,0.0,0.0,1.3419912
0.0,0.0,1.370461,0.0,0.95950997,0.0,0.0,0.0,1.3963639,1.2837436,1.3105196,0.0,1.5878804,1.6666074,0.9342301,0.0,1.8158997,0.0,0.0,1.6657284,1.0321118,0.0,0.0,1.2031965,0.0,1.1453145,1.2730463,1.2023385,1.1146458,0.0,0.0,1.285777
0.0,0.0,1.9494078,0.0,0.8189516,0.0,0.0,0.0,1.6858821,1.9924079,1.6066266,0.0,2.2523036,2.0908103,1.6762058,0.0,1.6385499,0.0,0.0,1.5474303,0.93063015,0.0,0.0,1.014742,0.0,2.045428,2.2105727,2.2324107,1.7769071,0.0,0.0,2.6277473
0.0,0.0,1.3345418,0.0,1.2148398,0.0,0.0,0.0,1.315487,1.1270093,1.2970166,0.0,1.1955942,1.0072421,1.407659,0.0,1.394644,0.0,0.0,1.2147881,1.188197,0.0,0.0,1.4360332,0.0,1.0448033,1.3436897,1.5080655,1.2371551,0.0,0.0,1.1207358
0.0,0.0,1.1896207,0.0,0.39206082,0.0,0.0,0.0,1.1832547,0.992009,1.0115896,0.0,1.4217632,1.2224826,0.6869164,0.0,1.4236834,0.0,0.0,1.3851538,0.8715534,0.0,0.0,1.0687641,0.0,0.96881336,1.1050005,0.738762,0.97366464,0.0,0.0,1.0698053
0.0,0.0,1.3065352,0.0,1.4227104,0.0,0.0,0.0,1.5206634,1.2776201,1.3900102,0.0,1.1253802,1.077573,1.3384846,0.0,1.3220686,0.0,0.0,1.1544129,1.2079623,0.0,0.0,1.3653175,0.0,1.122938,1.5452011,1.301388,1.4451768,0.0,0.0,1.2559029
0.0,0.0,1.5456673,0.0,1.2180793,0.0,0.0,0.0,1.7457601,1.3802266,1.8260489,0.0,1.3919373,1.4555857,1.8749634,0.0,1.8151425,0.0,0.0,1.8842177,1.473554,0.0,0.0,2.0489354,0.0,1.576944,1.5949599,1.7827466,1.7389039,0.0,0.0,1.2879614
0.0,0.10475994,0.3387274,0.0,0.09066066,0.0,0.3613394,0.0,0.5813212,0.28054914,1.0200797,0.15513411,0.36339813,0.6126272,0.6444985,0.0,0.6511317,0.0,0.5729191,0.860191,0.54101634,0.20967208,0.0,0.8843691,0.0,0.5807898,0.16225305,0.30719835,0.9226532,0.07271996,0.23723705,0.09722765
0.0,0.0,0.9666827,0.0,0.4945727,0.0,0.0,0.0,0.8552545,0.81394815,1.3068649,0.0,1.2234021,0.7722385,1.0429723,0.0,1.304164,0.0,0.0,0.651929,1.1744437,0.0,0.0,1.0167999,0.0,0.96456945,1.1647291,1.4760009,1.1069467,0.0,0.0,1.2009528
0.0,0.0,1.0629164,0.0,0.52522093,0.0,0.0,0.0,1.0260569,0.85403323,0.73759496,0.0,0.90488905,1.3192257,0.38150576,0.0,1.3114889,0.0,0.0,0.8614258,1.0658159,0.0,0.0,1.1420584,0.0,1.0036448,0.612996,0.22342601,1.0919619,0.0,0.0,0.9361993
0.0,0.0,1.359473,0.0,1.4463264,0.0,0.0,0.0,1.4013542,1.1351314,1.3667879,0.0,1.3203709,1.568366,1.4782906,0.0,1.7906998,0.0,0.0,1.6261629,1.3961875,0.0,0.0,1.1976093,0.0,1.1494038,1.4475425,1.3399378,1.1652853,0.0,0.0,1.102113
0.0,0.0,0.9719484,0.0,0.61834246,0.0,0.0,0.0,1.0706056,0.9290876,1.0056286,0.0,0.8690502,0.73040646,1.1283528,0.0,0.75953245,0.0,0.0,1.0441973,0.99167645,0.0,0.0,0.90109646,0.0,0.55393314,1.0568439,0.94974595,0.9613562,0.0,0.0,0.9124368
0.0,0.0,1.3412638,0.0,1.6535705,0.0,0.0,0.0,1.3853267,1.4546617,1.1503385,0.0,0.99666405,1.1221098,1.4686165,0.0,1.3508464,0.0,0.0,1.3288498,1.5015384,0.0,0.0,1.7141517,0.0,1.2386439,1.0591366,1.2865684,1.4099871,0.0,0.0,1.1750758
0.0,0.0,0.88002145,0.0,0.6138549,0.0,0.0,0.0,0.9593392,0.8353101,0.73921955,0.0,0.8231078,0.70796496,0.4618694,0.0,0.43925977,0.0,0.0,0.68271697,0.8145083,0.0,0.0,1.068036,0.0,0.7485485,0.7740945,0.34039342,1.0528842,0.0,0.0,0.9282081
0.0,0.0,0.61364436,0.0,0.41140497,0.0,0.0,0.068059824,0.65082794,0.4039553,0.6729957,0.0,0.34589338,0.12936027,0.7879756,0.0,0.53851604,0.0,0.0,0.48762774,0.5571781,0.0,0.0,0.70538914,0.0,0.41454065,0.5514937,0.83867204,0.77494895,0.0,0.0,0.14357834
0.0,0.0,1.2938353,0.0,1.100602,0.0,0.0,0.0,1.2773758,1.1175573,1.1950401,0.0,1.2656419,1.2899328,1.1480523,0.0,1.6221273,0.0,0.0,1.3493052,1.2136474,0.0,0.0,1.4184424,0.0,1.0540094,1.0028033,1.2669917,1.237215,0.0,0.0,1.1737912
0.0,0.0,1.0012144,0.0,0.8711671,0.0,0.0,0.0,1.0137182,0.8029028,0.9382267,0.0,0.7884587,0.586119,1.0935009,0.0,0.89842266,0.0,0.0,0.90372354,0.8652153,0.0,0.0,1.0663604,0.0,0.77227443,0.859462,1.2781525,1.037631,0.0,0.0,0.5910573
0.0,0.0,1.3109555,0.0,1.0544267,0.0,0.0,0.0,1.440211,1.4962956,1.2417157,0.0,1.5358418,1.4130926,0.8967565,0.0,1.1876922,0.0,0.0,1.4894673,1.2255403,0.0,0.0,1.5406705,0.0,1.4965628,1.2665442,0.73437005,1.4446151,0.0,0.0,1.5780736
0.0,0.0,1.1913518,0.0,0.2809947,0.0,0.0,0.0,1.1137828,1.0195928,1.1842932,0.0,1.2052932,0.82628924,1.5036671,0.0,0.5360319,0.0,0.0,1.0218812,0.8028435,0.0,0.0,0.82528055,0.0,1.1205634,1.0242076,1.5077081,1.1154237,0.0,0.0,1.0630364
0.0,0.0,1.2732244,0.0,1.0520192,0.0,0.0,0.0,1.1934032,1.0730271,1.0223696,0.0,1.1280577,1.4333603,0.8067587,0.0,1.5335418,0.0,0.0,1.1749161,1.4738636,0.0,0.0,1.4363639,0.0,1.2196778,0.8430747,0.6456209,1.2718917,0.0,0.0,1.0620036
0.0,0.0,0.8015096,0.0,1.0777099,0.0,0.0,0.0,1.001925,1.2074119,1.1407391,0.0,0.60047346,0.7531458,0.8978035,0.0,1.1905556,0.0,0.0,0.71403456,1.1540976,0.0,0.0,0.8661085,0.0,0.9043098,0.8640073,0.94955486,0.86096144,0.0,0.0,0.8650272
0.0,0.0,1.1207851,0.0,1.240471,0.0,0.0,0.0,1.3705848,1.1535121,1.29889,0.0,0.98483294,1.1782782,1.1527513,0.0,1.5182148,0.0,0.0,1.0795865,1.1121949,0.0,0.0,1.0551723,0.0,1.0805036,1.3508257,1.2819836,1.1775672,0.0,0.0,1.1495526
0.0,0.0,1.3197155,0.0,1.6385667,0.0,0.0,0.0,1.8833867,1.582591,2.0730836,0.0,1.0548686,1.0856637,1.7933843,0.0,1.1594641,0.0,0.0,1.8073215,1.3455263,0.0,0.0,2.0580587,0.0,1.6178099,1.3164377,1.7699435,2.1219926,0.0,0.0,1.125684
0.0,0.0,0.87670994,0.0,0.68735397,0.0,0.0,0.0,0.72754705,0.5154625,0.74989843,0.0,0.8181954,1.1117338,0.9144581,0.0,1.3620474,0.0,0.0,1.0631634,1.1034704,0.0,0.0,0.76111674,0.0,0.5593835,0.93957037,0.70957494,0.5226843,0.0,0.0,0.5275967
0.0,0.03460913,0.19479173,0.30286798,0.0,0.0,0.26950008,0.11933353,0.12980187,0.0,0.15674566,0.15770781,0.3276531,0.35894632,0.0008001998,0.068740234,0.36159113,0.0,0.121218465,0.24428728,0.16537836,0.13684618,0.037065435,0.0,0.15262185,0.0,0.25360477,0.0,0.027732171,0.23670405,0.023321286,0.13343018
0.0,0.0,1.0616806,0.0,0.9677069,0.0,0.0,0.0,0.97222286,0.8779918,0.82536924,0.0,0.7453032,0.4500063,1.5111259,0.0,0.72110474,0.0,0.0,1.0084479,1.1373594,0.0,0.0,1.1893715,0.0,0.60086024,1.2664564,1.302139,0.9563548,0.0,0.0,0.71524197
0.0,0.0,0.8584286,0.0,0.27602956,0.0,0.0,0.0,0.78030485,0.32008424,0.5318705,0.0,0.89739484,0.9365517,0.56973106,0.0,0.91209483,0.0,0.0,0.7867898,0.49973673,0.0,0.0,0.5419187,0.0,0.6037637,0.6914389,0.6069079,0.71567816,0.0,0.0,0.74814504
0.0,0.0,1.9349575,0.0,0.94128543,0.0,0.0,0.0,1.7158029,2.5347667,1.811085,0.0,2.4020145,2.5625463,1.8426058,0.0,0.89425206,0.0,0.0,2.2620575,1.5291358,0.0,0.0,1.4805789,0.0,2.2721064,1.7842385,1.0228298,1.6458256,0.0,0.0,2.635817
0.0,0.0,1.042678,0.0,0.921325,0.0,0.0,0.0,1.3710917,1.2547323,0.96962595,0.0,0.96428084,0.8615638,0.9481278,0.0,0.5591901,0.0,0.0,0.94526714,0.8457137,0.0,0.0,1.5273765,0.0,0.8892098,1.1191919,1.2485056,1.3678999,0.0,0.0,1.2946585
0.0,0.0,1.1465021,0.0,0.6194755,0.0,0.0,0.0,1.2709075,1.1020908,1.1498702,0.0,1.3544257,1.1895134,0.7701377,0.0,1.005808,0.0,0.0,1.3225114,0.65845454,0.0,0.0,0.83005756,0.0,1.2980325,0.94737035,0.84235746,1.144688,0.0,0.0,1.356271
0.0,0.0,0.5826764,0.0,0.56341153,0.0,0.0,0.032773677,0.687784,0.6116989,0.6363823,0.0,0.5568196,0.70446336,0.8100792,0.0,0.7422524,0.0,0.0,0.85016537,0.74456286,0.0,0.0,0.4540888,0.0,0.5413701,0.4408065,0.7748088,0.64927703,0.0,0.0,0.3880241
0.0,0.0,0.76028466,0.0,0.34692186,0.0,0.0,0.0,0.47995627,0.46176913,0.525552,0.0,0.49712825,0.27443853,0.48501801,0.0,0.5689739,0.0,0.0,0.40554836,0.41604143,0.0,0.0,0.5729353,0.0,0.6801188,0.33574948,0.32193255,0.58015096,0.0,0.0,0.2582962
0.91604084,0.9644416,0.0,0.7483672,0.0,0.6506081,0.74603957,1.0372281,0.0,0.0,0.0,0.8857698,0.0,0.0,0.0,0.87704414,0.0,1.1262834,0.88245857,0.0,0.0,0.6836226,0.5993055,0.0,0.9779492,0.0,0.0,0.0,0.0,0.6244044,0.9283658,0.0
0.0,0.0,1.1128623,0.0,0.49503726,0.0,0.0,0.0,1.0939169,0.6056061,1.1542403,0.0077101737,0.7183959,1.0462997,1.1375934,0.0,0.76160836,0.0,0.0,0.78633547,0.68324226,0.0,0.0,0.5054463,0.0,1.0903453,0.5242411,0.98248184,1.2924677,0.0,0.0,0.5218359
0.4509716,0.7725784,0.0,0.41429633,0.0,0.40523398,0.7887499,0.2979511,0.0,0.0,0.0,0.72049266,0.0,0.0,0.0,0.99210346,0.0,0.79250354,0.7995061,0.0,0.0,0.49333122,0.46846405,0.0,0.535767,0.0,0.0,0.0,0.0,0.66707796,1.0304917,0.0
0.092620835,0.29887688,0.07138231,0.21982202,0.0,0.20303865,0.30696648,0.400805,0.0,0.0,0.0,0.19639713,0.0,0.0,0.0,0.36134827,0.0,0.12193604,0.41278073,0.0,0.0,0.19462383,0.111927435,0.003057614,0.2871638,0.0,0.037558213,0.0,0.0,0.24910173,0.07694102,0.0
0.0,0.0,1.2525398,0.0,1.5059714,0.0,0.0,0.0,1.1524485,1.3606647,1.5846589,0.0,1.7478185,2.146517,1.460359,0.0,2.3091817,0.0,0.0,1.5471159,1.9774774,0.0,0.0,0.8790697,0.0,1.1697525,2.0489724,2.170171,1.4938285,0.0,0.0,2.3850424
0.0,0.0,1.3522234,0.0,1.2779664,0.0,0.0,0.0,1.8072699,1.8022053,1.4613718,0.0,1.4921719,0.75101715,1.5548095,0.0,0.5459562,0.0,0.0,1.4872693,0.9740052,0.0,0.0,1.9514747,0.0,1.0125465,1.8528676,1.8493134,1.5855517,0.0,0.0,1.647184
0.0,0.0,1.1128185,0.0,0.84811074,0.0,0.0,0.0,1.1889387,0.9827998,1.1132319,0.0,1.2975225,1.2623135,0.7773065,0.0,1.0878389,0.0,0.0,1.2073963,0.95596004,0.0,0.0,0.91781276,0.0,1.1190988,0.9937341,0.8224588,1.290278,0.0,0.0,1.1496527
0.0,0.0,1.2990818,0.0,1.3877195,0.0,0.0,0.0,1.5126181,1.2041504,1.3502134,0.0,0.91946816,0.41304564,1.5121384,0.0,0.87521815,0.0,0.0,0.950309,1.080817,0.0,0.0,1.6511598,0.0,0.9723868,1.5887098,1.5899911,1.5662391,0.0,0.0,0.95238966
0.0,0.0,1.3167903,0.0,1.1964289,0.0,0.0,0.0,1.4418736,1.5283971,1.3733133,0.0,1.501727,1.6370313,1.0947571,0.0,1.5779215,0.0,0.0,1.4504535,1.281664,0.0,0.0,1.131426,0.0,0.98019373,1.497624,1.1331996,1.1820171,0.0,0.0,1.636377
0.0,0.0,1.5572003,0.0,2.0361156,0.0,0.0,0.0,1.7948062,1.8179216,1.5183975,0.0,1.3947614,1.661051,1.6027943,0.0,1.7052487,0.0,0.0,1.7155553,1.5086498,0.0,0.0,2.0120478,0.0,1.703379,1.4310653,1.7065796,1.6024953,0.0,0.0,1.5435214
0.0,0.0,1.2767142,0.0,0.84950435,0.0,0.0,0.0,1.238226,1.6563723,0.91239387,0.0,1.0212647,1.3658476,1.0888718,0.0,1.1373639,0.0,0.0,0.8441776,1.1155124,0.0,0.0,1.877232,0.0,1.1159582,1.412645,1.5810055,1.3776896,0.0,0.0,1.4657393
0.0,0.0,1.9671695,0.0,0.5982524,0.0,0.0,0.0,1.6067104,1.6835773,1.4210598,0.0,1.6188104,1.8763292,1.312883,0.0,0.6299632,0.0,0.0,1.4613398,0.6370363,0.0,0.0,0.9539657,0.0,2.438354,1.1221759,0.8239483,1.8875241,0.0,0.0,1.6176679
0.0,0.0,0.7558191,0.0,0.5523491,0.0,0.0,0.0,0.6228938,0.8784234,1.1407894,0.0,1.0214143,0.76100254,0.6518407,0.0,0.98604333,0.0,0.0,0.7127334,0.9858166,0.0,0.0,0.4947765,0.0,0.24705933,1.0669291,0.3395062,0.6545895,0.0,0.0,1.071039
0.0,0.0,1.2552133,0.0,1.4287355,0.0,0.0,0.0,1.3483108,2.0070798,1.3745835,0.0,1.5295286,1.1078485,1.0811472,0.0,0.8663728,0.0,0.0,1.6978451,1.2561679,0.0,0.0,1.4784669,0.0,1.404043,1.2382878,0.9736353,1.1465737,0.0,0.0,1.3232968
0.0,0.0,0.092859894,0.0,0.0,0.065128796,0.0,0.0,0.23376612,0.057094567,0.24768698,0.0,0.43213236,0.22220075,0.0,0.0,0.55811805,0.0,0.0,0.0966278,0.33940658,0.0,0.0,0.46493614,0.0,0.18359143,0.34147674,0.13110982,0.18912117,0.0,0.3068918,0.12658118
0.0,0.0,0.6775652,0.0,0.19496965,0.0,0.0,0.0,0.4909011,0.3801586,0.5909533,0.0,0.5898755,0.23691589,0.5716197,0.0,0.5572848,0.0,0.0,0.4226511,0.5070936,0.0,0.0,0.58386123,0.0,0.44671553,0.55430716,0.5568782,0.5942011,0.0,0.0,0.38303363
0.0,0.0,1.2820327,0.0,0.39247918,0.0,0.0,0.0,1.1861243,1.2082325,1.0339471,0.0,1.2809964,1.5309374,1.061658,0.0,0.9374843,0.0,0.0,0.9194653,0.8244773,0.0,0.0,0.9989426,0.0,1.0076545,1.2132951,1.5566806,1.4134693,0.0,0.0,1.5977052
0.0,0.0,0.43861163,0.027957022,0.0,0.0,0.0,0.0924575,0.12908587,0.015421435,0.3001453,0.0,0.22959837,0.0,0.34328365,0.080605716,0.048277646,0.0,0.08725487,0.04474585,0.29756102,0.0,0.0,0.30502862,0.0,0.060909502,0.3421266,0.3799066,0.28818414,0.0,0.0,0.077988714
0.0,0.0,1.2667943,0.0,1.3263971,0.0,0.0,0.0,1.5216539,1.834706,1.4026684,0.0,1.3309388,1.3932,1.0595117,0.0,1.1011578,0.0,0.0,1.4378648,1.0494711,0.0,0.0,1.0849252,0.0,1.1970446,1.3784177,1.117672,1.1206845,0.0,0.0,1.5203357
0.0,0.0,1.2226422,0.0,1.4579417,0.0,0.0,0.0,1.3044593,1.2913026,1.2065738,0.0,0.939561,1.051947,1.3540089,0.0,1.2835236,0.0,0.0,1.0685949,1.2320397,0.0,0.0,1.3783467,0.0,1.2018763,1.2369235,1.2015105,1.2591062,0.0,0.0,1.1082273
0.0,0.0,1.3470378,0.0,1.8606904,0.0,0.0,0.0,1.4079372,1.7486228,1.3943093,0.0,1.1140873,1.4263302,1.8288877,0.0,1.5833333,0.0,0.0,1.7011058,1.8951734,0.0,0.0,2.093192,0.0,1.4112961,1.2693647,1.8084208,1.1660506,0.0,0.0,0.9243397
0.0,0.0,1.2646421,0.0,0.9836918,0.0,0.0,0.0,1.63022,1.7119163,1.3185334,0.0,1.436875,1.3364283,0.86648846,0.0,1.1274894,0.0,0.0,1.4264213,0.7662214,0.0,0.0,1.3550795,0.0,1.1744398,1.5792934,1.1680427,1.2535584,0.0,0.0,1.5778861
0.0,0.0,1.0405968,0.0,1.0951931,0.0,0.0,0.0,1.1227628,0.9379329,1.1122911,0.0,0.8268766,0.96257514,1.1247357,0.0,1.3123803,0.0,0.0,0.8824989,1.0302368,0.0,0.0,0.96121645,0.0,0.9713867,1.0589634,1.1001719,1.0598153,0.0,0.0,0.9415412
0.0,0.0,1.071468,0.0,1.162718,0.0,0.0,0.0,1.31335,1.5511211,0.9897123,0.0,1.0015275,1.3087732,0.997573,0.0,1.162933,0.0,0.0,1.2207992,1.2130278,0.0,0.0,1.1594962,0.0,0.9924783,1.1131247,0.9636573,1.1216558,0.0,0.0,1.5617086
0.0,0.0,1.1485121,0.0,1.4299924,0.0,0.0,0.0,1.495651,1.366075,1.0952511,0.0,0.8059827,1.0218009,1.2279501,0.0,1.0923977,0.0,0.0,1.1142778,1.0716376,0.0,0.0,1.2409573,0.0,1.1999863,1.2669337,1.2948422,1.317905,0.0,0.0,1.2760577
0.0,0.0,1.2260762,0.0,1.8086084,0.0,0.0,0.0,1.6120148,1.6412905,1.1268233,0.0,0.7256577,0.9008352,1.4057109,0.0,0.95411545,0.0,0.0,1.1237357,1.1205419,0.0,0.0,1.6511215,0.0,1.3906287,1.5776062,1.3902231,1.45598,0.0,0.0,1.2089581
0.0,0.0,1.4644983,0.0,0.74198353,0.0,0.0,0.0,0.9984117,1.2323172,1.1578933,0.0,1.2883706,1.2605393,1.1626843,0.0,0.60541934,0.0,0.0,0.6995544,0.8345604,0.0,0.0,0.46422547,0.0,1.4846737,1.0442761,1.4871317,1.2196356,0.0,0.0,1.5166022
1.3437155,1.637079,0.0,1.437529,0.0,1.5795349,1.5212737,1.3366125,0.0,0.0,0.0,1.4429466,0.0,0.0,0.0,1.2011029,0.0,1.6452631,1.487796,0.0,0.0,1.4908271,1.0722831,0.0,1.5188819,0.0,0.0,0.0,0.0,1.2364157,1.5043764,0.0
0.92942107,1.4488467,0.0,1.0571935,0.0,1.1283144,1.1054324,0.8292931,0.0,0.0,0.0,1.2260545,0.0,0.0,0.0,1.0253819,0.0,0.9890705,1.0863401,0.0,0.0,1.3248854,0.91783535,0.0,1.138506,0.0,0.0,0.0,0.0,1.160914,0.87706906,0.0
0.0,0.0,0.6851523,0.0,2.070831,0.0,0.0,0.0,1.7836175,0.9468773,1.6907094,0.0,1.1876194,0.9943161,2.1901493,0.0,1.9636056,0.0,0.0,1.2533673,3.0640595,0.0,0.0,1.8321419,0.0,1.6392808,2.092612,1.5339905,1.9231418,0.0,0.0,1.3235133
0.0,0.0,1.5515105,0.0,1.1658201,0.0,0.0,0.0,1.5013614,1.2538297,1.3797766,0.0,1.4920644,1.5607574,1.1223221,0.0,1.9026483,0.0,0.0,1.5036075,1.4035355,0.0,0.0,1.5559068,0.0,1.3686254,1.273064,1.041993,1.3787873,0.0,0.0,1.2327546
0.0,0.0,1.3591754,0.0,1.4277891,0.0,0.0,0.0,1.4000423,1.2689878,1.1410028,0.0,1.1087114,1.2879225,1.5208843,0.0,1.3944261,0.0,0.0,1.4260703,1.4910487,0.0,0.0,1.6324276,0.0,0.99595433,1.2315135,1.3564397,1.3080362,0.0,0.0,1.2043138
0.0,0.0,1.056284,0.0,0.5247219,0.0,0.0,0.0,0.917159,0.69761246,1.00612,0.0,0.9983447,0.67197376,0.84505016,0.0,1.0936362,0.0,0.0,0.82973385,0.6916482,0.0,0.0,0.9816221,0.0,0.7152733,1.018098,1.0134476,0.9096087,0.0,0.0,0.90997523
0.0,0.0,1.4302493,0.0,1.5176615,0.0,0.0,0.0,1.4128647,0.6197918,1.8538905,0.0,0.81505454,1.5297626,1.7735342,0.0,2.8747187,0.0,0.0,1.7256416,2.7821567,0.0,0.0,1.9022697,0.0,1.2453235,1.8546904,1.2643908,1.4481182,0.0,0.0,0.46457654
0.0,0.0,0.27925172,0.0,0.3484336,0.0,0.0,0.15956175,0.48859686,0.68591577,0.464876,0.0,0.36689913,0.49054164,0.6153669,0.0,0.51477087,0.0,0.12353144,0.6372485,0.63445914,0.0,0.0,0.60679954,0.0,0.25659096,0.36142105,0.6627287,0.58324,0.0,0.0,0.15314883
0.0,0.0,1.0469552,0.0,0.6664023,0.0,0.0,0.0,1.1888885,1.0926427,1.4107503,0.0,1.6266986,1.6213883,1.1362034,0.0,1.3464223,0.0,0.0,0.99118006,1.2961661,0.0,0.0,0.7871076,0.0,1.1787953,1.6032833,1.6631656,1.5151552,0.0,0.0,2.0782506
0.0,0.0,1.6342258,0.0,1.8406563,0.0,0.0,0.0,1.6967583,1.7120353,1.4846635,0.0,1.5735729,1.5931778,1.3153318,0.0,1.6404893,0.0,0.0,1.5730432,1.4072467,0.0,0.0,1.8614447,0.0,1.5520226,1.7469815,1.2681075,1.5700397,0.0,0.0,1.6163299
0.0,0.0,1.2936007,0.0,0.9896692,0.0,0.0,0.0,1.3106272,1.3308331,1.0859449,0.0,1.3024119,1.4681352,0.83871686,0.0,1.4345133,0.0,0.0,1.4810544,1.2127804,0.0,0.0,1.3784635,0.0,1.1850945,0.95505714,0.9081844,1.202786,0.0,0.0,1.2331662
0.0,0.0,1.0276767,0.0,0.7747179,0.0,0.0,0.0,1.3912576,1.2159765,1.0869151,0.0,1.1599249,0.84235084,0.975879,0.0,0.6796881,0.0,0.0,1.1804329,0.7697743,0.0,0.0,1.3210715,0.0,0.7141766,1.0997208,1.4245396,1.2440587,0.0,0.0,1.2189784
0.32990462,0.22935265,0.0,0.32700703,0.0,0.32890892,0.41282797,0.5843488,0.0,0.0,0.0,0.3294955,0.0,0.0,0.0,0.51141864,0.0,0.22835742,0.40050378,0.0,0.0,0.15208198,0.22891946,0.0,0.40021157,0.0,0.0,0.0,0.0,0.22669387,0.24485008,0.0
0.0,0.0866786,0.5908892,0.0,0.06927654,0.0,0.02444113,0.0,0.66201353,0.40691096,0.6736243,0.016540602,0.73046416,0.75278974,0.42186987,0.0,0.5715172,0.0,0.04460579,0.7245743,0.46682873,0.0,0.0,0.21201375,0.0,0.44265336,0.3291344,0.18944113,0.6348801,0.116120905,0.0,0.46844482
0.0,0.0,1.3864541,0.0,0.9634464,0.0,0.0,0.0,1.561915,1.5819515,1.1956122,0.0,1.5122386,1.4148265,1.2353607,0.0,1.1461198,0.0,0.0,1.6677355,1.027789,0.0,0.0,1.5562391,0.0,1.082517,1.3916724,1.4283069,1.1574372,0.0,0.0,1.6471615
0.0,0.0,1.2805847,0.0,0.8917114,0.0,0.0,0.0,0.94757694,1.4523212,1.6001067,0.0,2.0168555,1.772285,1.5564045,0.0,2.0285382,0.0,0.0,1.1714325,1.355257,0.0,0.0,1.1785227,0.0,1.2212571,2.175026,2.2899268,1.1742847,0.0,0.0,2.569552
0.0,0.0,1.3753619,0.0,1.4019612,0.0,0.0,0.0,1.7786494,1.5978805,1.6168882,0.0,0.8118992,1.5133944,1.5395982,0.0,1.4853784,0.0,0.0,1.751849,1.6286625,0.0,0.0,2.0638456,0.0,1.4209342,1.1430691,1.130757,1.980758,0.0,0.0,1.2145447
0.0,0.0,1.2345027,0.0,0.0,0.0,0.0,0.0,0.8733704,1.0626184,1.0368756,0.0,0.894139,0.7895142,1.1477625,0.0,0.2761333,0.0,0.0,1.1032816,0.3700649,0.0,0.0,0.77720195,0.0,1.0998421,0.71757096,0.9756701,1.1197255,0.0,0.0,0.83600587
0.0,0.0,1.0566249,0.0,1.1804911,0.0,0.0,0.0,1.1384352,1.2591419,0.7926018,0.0,0.76014096,0.90038943,0.9507333,0.0,0.9395342,0.0,0.0,1.0683582,1.3995676,0.0,0.0,1.5105176,0.0,0.7261421,0.7801166,0.85464835,1.1820369,0.0,0.0,0.9221915
0.010836504,0.2538235,0.34959254,0.1905811,0.098260485,0.0,0.4096278,0.0,0.33216023,0.07664645,0.7838692,0.24259545,0.04140671,0.2432552,0.519544,0.26557103,0.3611074,0.0,0.33072877,0.4069126,0.2965746,0.2288798,0.0,0.41294453,0.02760896,0.40068597,0.061328918,0.47724766,0.64877594,0.19608313,0.08884651,0.0
1.4153851,1.3885888,0.0,1.3105849,0.0,0.96159136,1.2883373,1.4414704,0.0,0.0,0.0,1.3500189,0.0,0.0,0.0,1.5065156,0.0,1.2999951,1.5247747,0.0,0.0,1.0397329,1.2318426,0.0,1.3909624,0.0,0.0,0.0,0.0,1.3834745,1.4388878,0.0
0.0,0.0,1.3865819,0.0,1.3945186,0.0,0.0,0.0,1.4601651,1.3492472,1.1938133,0.0,1.2306229,1.2620702,1.3801181,0.0,1.508424,0.0,0.0,1.4267119,1.3543656,0.0,0.0,1.7708491,0.0,1.1760637,1.3637785,1.4457036,1.3768092,0.0,0.0,1.2846032
0.0,0.0,1.5347617,0.0,1.8591692,0.0,0.0,0.0,1.3198148,1.4313556,0.9640518,0.0,1.2391773,2.0390747,1.2382985,0.0,1.7889845,0.0,0.0,1.5517346,2.1222236,0.0,0.0,2.0173051,0.0,1.3044324,0.94317853,1.1466224,1.2488937,0.0,0.0,1.2076916
0.50809306,0.7194482,0.0,0.39219618,0.0,0.52965367,0.2633546,0.3922482,0.0,0.0,0.0,0.2822677,0.0,0.0,0.0,0.54801,0.0,0.62428355,0.63179976,0.0,0.0,0.47952852,0.48102906,0.0,0.6409098,0.0,0.0,0.0,0.0,0.6415725,0.73330414,0.0
0.9309888,1.2370028,0.0,0.89067745,0.0,0.781111,0.99522823,1.1376932,0.0,0.0,0.0,1.0233268,0.0,0.0,0.0,1.1994488,0.0,1.2453547,1.1373776,0.0,0.0,1.0401422,1.074093,0.0,1.2338883,0.0,0.0,0.0,0.0,1.1068709,0.91907424,0.0
0.0,0.0,0.96641314,0.0,0.8293563,0.0,0.0,0.15518941,0.7861894,0.6315417,0.6959754,0.0,0.64810675,0.2528164,1.4129469,0.0,0.49575767,0.0,0.0,0.9668632,1.1533952,0.0,0.0,1.0266274,0.0,0.47072643,1.082622,0.81327933,0.9611344,0.0,0.0,0.49963826
0.0,0.0,1.6090314,0.0,1.5457379,0.0,0.0,0.0,2.0888317,1.0838472,1.8745964,0.0,1.2248735,1.5785724,1.4728669,0.0,1.838333,0.0,0.0,1.2546883,1.2302587,0.0,0.0,1.6881962,0.0,1.6869615,1.6532332,1.9104577,1.9428886,0.0,0.0,1.249862
0.0,0.0,0.73400736,0.0,0.0,0.090963624,0.0,0.0,0.57938486,0.7237392,0.6432208,0.0,0.8169603,0.46187755,0.13491337,0.0,0.0050047264,0.0,0.0,0.38425648,0.09967514,0.0,0.0,0.5864515,0.0,0.5114855,0.40368038,0.0,0.5187294,0.0,0.0,0.3936711
0.0,0.0,0.6216432,0.0,0.2739154,0.0,0.0,0.0,0.62233746,0.4746512,0.52913034,0.0,0.48846018,0.47781655,0.28583217,0.0,0.7068218,0.0,0.0,0.42993295,0.67691237,0.0,0.0,0.74498713,0.0,0.51516914,0.35924262,0.18683654,0.74151766,0.0,0.0,0.38095188
0.0,0.0,0.89801705,0.0,0.6242693,0.0,0.0,0.0,0.8466685,0.72168314,0.74771416,0.0,0.77050763,0.91072357,0.6947398,0.0,1.0381877,0.0,0.0,0.623914,0.9640474,0.0,0.0,1.0956218,0.0,0.45588386,0.7901476,0.6939881,0.9445356,0.0,0.0,0.94378686
0.042088535,0.0,0.21158561,0.0,0.22762993,0.09262444,0.020885997,0.29871067,0.011140175,0.09083577,0.26489422,0.22797418,0.14129722,0.12605676,0.5215523,0.1287175,0.29669702,0.099165976,0.08767244,0.22457606,0.5223713,0.0,0.14489767,0.2588973,0.03964352,0.05771313,0.25354332,0.5026728,0.09584836,0.013054207,0.0,0.0
0.0,0.0,1.2882112,0.0,0.5424619,0.0,0.0,0.0,1.1329384,1.584331,1.5715011,0.0,2.2264893,1.760125,0.9343666,0.0,1.264698,0.0,0.0,1.3877292,1.3510456,0.0,0.0,1.4191716,0.0,1.5179511,1.6592244,1.5452254,1.6182736,0.0,0.0,2.6022959
0.0,0.0,0.6672447,0.0,0.6022809,0.0,0.0,0.0,0.710804,0.52500373,0.7111441,0.0,0.59654343,0.40222275,0.70030624,0.0,0.47546807,0.0,0.0,0.57116663,0.57561433,0.0,0.0,0.6295207,0.0,0.6836421,0.47558594,0.76350546,0.8133769,0.0,0.0,0.42631435
0.0,0.0,1.5970507,0.0,0.58163935,0.0,0.0,0.0,1.3599113,1.2748702,1.400569,0.0,1.1989608,1.2888886,1.656424,0.0,0.56953084,0.0,0.0,1.1368114,0.5916952,0.0,0.0,1.069116,0.0,1.5520662,0.84782547,1.5742087,1.4326103,0.0,0.0,1.3083194
0.0,0.0,0.37548748,0.0,0.0,0.0,0.0,0.0,0.16710354,0.20317122,0.119395,0.0,0.2956397,0.42391124,0.0,0.0,0.35002047,0.0,0.04193624,0.38135457,0.52655536,0.0,0.0,0.47971773,0.0,0.14333117,0.22566965,0.0,0.21843567,0.0,0.13476737,0.3442073
0.36194468,0.5475797,0.0,0.523214,0.0,0.5622517,0.56187457,0.73927593,0.0,0.0,0.0,0.5956957,0.0,0.0,0.0,0.63824505,0.0,0.47272065,0.81534296,0.0,0.0,0.4663828,0.4905036,0.0,0.68059385,0.0,0.0,0.0,0.0,0.5947415,0.6018861,0.0
0.0,0.0,0.72551894,0.0,1.2666266,0.0,0.0,0.0,0.90833324,1.2896526,0.909073,0.0,0.69416934,0.8558462,1.30279,0.0,0.7586175,0.0,0.0,1.0601451,1.4745216,0.0,0.0,1.1028507,0.0,0.67983043,0.7956987,0.9691262,0.8530726,0.0,0.0,0.48810637
0.7500605,0.7498532,0.0,0.8912879,0.0,0.8248731,0.7728305,0.6984811,0.0,0.0,0.0,0.8859365,0.0,0.0,0.0,0.6719599,0.0,0.7706936,0.92437315,0.0,0.0,0.7650974,0.7078155,0.0,0.8478518,0.0,0.0,0.0,0.0,0.77618325,0.6684333,0.0
0.0,0.44310775,0.49272195,0.22034016,0.12828854,0.0,0.42084205,0.0,0.33707106,0.0,0.7267043,0.2199899,0.10337334,0.028831698,0.5440141,0.2877883,0.06861226,0.0,0.32008436,0.320588,0.22024557,0.34171486,0.0,0.3685689,0.0,0.50184745,0.12796548,0.29615402,0.6443249,0.21807382,0.017285887,0.028849468
0.0,0.0,0.92457235,0.0,1.0506024,0.0,0.0,0.0,1.1013733,1.0606397,0.8959404,0.0,0.77227634,0.43454912,1.2453847,0.0,0.5175104,0.0,0.0,0.9716495,0.7300286,0.0,0.0,0.9718056,0.0,1.0382525,0.96273994,1.1856358,1.1675671,0.0,0.0,0.95311797
0.0,0.0,1.55718,0.0,1.8172077,0.0,0.0,0.0,1.6436417,2.1132843,1.6715564,0.0,2.1553698,1.917282,1.3711963,0.0,1.5551404,0.0,0.0,2.2022223,1.832999,0.0,0.0,1.625978,0.0,1.6639796,1.5230255,1.1779306,1.5391146,0.0,0.0,1.8462541
0.0,0.0,1.228208,0.0,0.8134814,0.0,0.0,0.0,1.1434731,0.90876055,2.212028,0.0,1.8155266,1.5962783,1.57952,0.0,2.986911,0.0,0.0,2.2925768,2.8448277,0.0,0.0,1.5834169,0.0,2.0665233,1.9057372,0.43742126,1.7924677,0.0,0.0,0.7274289
0.0,0.0,1.0616429,0.0,1.1254292,0.0,0.0,0.0,1.4921315,1.8188256,1.4336168,0.0,1.3346483,0.6181278,1.8207865,0.0,0.2421799,0.0,0.0,1.6135011,0.7331968,0.0,0.0,1.4547422,0.0,1.1761318,1.5051812,1.8994864,1.1040827,0.0,0.0,1.5595316
0.0,0.0,1.1943465,0.0,0.696367,0.0,0.0,0.0,1.2575543,1.1124893,1.0644969,0.0,1.3011906,1.3831345,0.6131067,0.0,1.2931617,0.0,0.0,1.1572317,1.013004,0.0,0.0,1.2113531,0.0,1.2413932,1.0155444,0.52027786,1.2836984,0.0,0.0,1.3563648
0.0,0.0,0.86827075,0.0,1.1834744,0.0,0.0,0.0,1.0965465,1.085266,1.1672766,0.0,0.94648343,0.76161873,1.1485453,0.0,0.776985,0.0,0.0,0.9896324,1.2693512,0.0,0.0,0.9940282,0.0,0.825172,0.94978017,1.2233377,1.1646844,0.0,0.0,0.93437916
0.0,0.0,1.754786,0.0,0.4831115,0.0,0.0,0.0,1.4638547,2.0456648,1.624522,0.0,2.2965987,1.808847,1.6896467,0.0,0.29607296,0.0,0.0,2.0380194,1.016579,0.0,0.0,1.2066659,0.0,2.0920978,1.5475018,0.8894908,1.5662425,0.0,0.0,2.4040964
0.0,0.0,0.6763071,0.0,0.38569355,0.0,0.0,0.0,0.5532912,0.4433084,0.72978437,0.0,0.5582114,0.0,0.57260966,0.0,0.19172032,0.0,0.0,0.34536898,0.37134212,0.0,0.0,0.7054449,0.0,0.5115139,0.57390916,0.3961292,0.772737,0.0,0.0,0.347457
0.0,0.0,1.1632603,0.0,1.010116,0.0,0.0,0.0,1.3228643,1.20514,1.1368357,0.0,1.1999271,0.95920956,0.8498029,0.0,0.8935235,0.0,0.0,1.0277815,1.0406891,0.0,0.0,1.5532423,0.0,1.2579122,1.1997416,0.8250007,1.4774237,0.0,0.0,1.2672018
0.0,0.0,1.4102365,0.0,1.4009646,0.0,0.0,0.0,1.6365978,1.1346456,1.8411226,0.0,1.0325102,1.1046662,1.5913903,0.0,1.2997829,0.0,0.0,1.2973405,0.9230261,0.0,0.0,0.95831144,0.0,1.6232337,1.0456917,2.2348,2.1048443,0.0,0.0,1.0982585
0.0,0.0,1.2719835,0.0,0.673398,0.0,0.0,0.0,1.2641307,1.1394681,1.6569604,0.0,0.6131123,0.657636,1.2841719,0.0,0.5478163,0.0,0.0,1.0325656,0.6116468,0.0,0.0,1.091349,0.0,1.337495,0.6967407,1.1562383,1.725521,0.0,0.0,0.7578655
0.0,0.0,0.86938775,0.0,0.85063976,0.0,0.0,0.0,0.87495184,0.73661095,0.95226115,0.0,0.735033,0.31758502,0.81402713,0.0,0.41028157,0.0,0.0,0.50469595,0.6917301,0.0,0.0,0.86235124,0.0,0.85561377,0.7452163,0.87911654,1.0106747,0.0,0.0,0.7402909
0.0,0.0,1.35679,0.0,0.29935032,0.0,0.0,0.0,1.1258178,1.2328289,1.6935334,0.0,0.8522731,0.24423984,1.4779096,0.0,0.44870752,0.0,0.0,0.9281093,0.5913323,0.0,0.0,1.4938658,0.0,1.2490379,0.8369873,1.1996311,1.4259399,0.0,0.0,0.6969045
0.0,0.15090851,0.4508863,0.0,0.08858881,0.0,0.071557716,0.0,0.5015002,0.2670496,1.055986,0.0,0.48690164,0.0,0.816743,0.0,0.022095188,0.0,0.31045794,0.60376406,0.5042091,0.0,0.031553846,0.7867141,0.0,0.39256072,0.61089206,0.5496497,0.7943656,0.0,0.07144228,0.11542944
0.0,0.0,0.9776583,0.0,1.2369927,0.0,0.0,0.0,1.1583167,1.4062831,1.0002768,0.0,0.9123638,1.0427865,1.2936864,0.0,0.81637585,0.0,0.0,1.2599851,1.3253883,0.0,0.0,1.5080359,0.0,0.9338135,0.9500737,1.3857632,0.97737277,0.0,0.0,0.8476845
0.0,0.0,1.09993,0.0,1.0241573,0.0,0.0,0.0,1.2980452,0.91166806,1.2089772,0.0,0.805853,1.1576723,1.5043414,0.0,0.90080017,0.0,0.0,1.0017601,0.9393726,0.0,0.0,1.1608988,0.0,0.9217126,1.1129248,2.1460812,1.4394048,0.0,0.0,1.0817189
0.0,0.0,1.2261902,0.0,1.6860826,0.0,0.0,0.0,1.9320447,1.6582212,1.6234584,0.0,0.8006907,1.0795476,1.5167581,0.0,0.9449529,0.0,0.0,1.403731,1.2314634,0.0,0.0,1.5612375,0.0,1.6816901,1.5297438,1.4731576,1.8278798,0.0,0.0,1.3889263
0.0,0.0,0.6895442,0.0,0.25434396,0.0,0.0,0.0,0.50390434,0.30407295,0.76832587,0.0,0.75388485,0.6432093,0.84378165,0.0,0.9816908,0.0,0.0,0.90492886,0.7243609,0.0,0.0,0.4648378,0.0,0.24861445,0.8314957,0.68956786,0.43526122,0.0,0.0,0.35410196
0.0,0.16703898,0.4447968,0.0,0.08995925,0.0,0.10608641,0.081327155,0.50027484,0.19945751,0.5020254,0.109074384,0.45909816,0.29406494,0.50301325,0.099403605,0.34022504,0.0,0.0,0.5664454,0.28535056,0.0,0.13929272,0.2339328,0.0,0.33411413,0.4279133,0.5226659,0.53540224,0.20790884,0.0,0.204104
0.0,0.0,0.42173305,0.0,0.16317573,0.0,0.0,0.15056191,0.3039226,0.18024933,0.5855649,0.0,0.26134115,0.0,0.40475354,0.0,0.37057593,0.0,0.0,0.1490997,0.23365027,0.0,0.0,0.4523546,0.0,0.2566269,0.3764164,0.5369082,0.46317142,0.0,0.0,0.09012021
0.0,0.0,1.3112408,0.0,1.2228512,0.0,0.0,0.0,1.374059,1.4110065,0.81898504,0.0,1.0191671,2.1148736,0.5974893,0.0,1.4464773,0.0,0.0,1.4832115,1.5318199,0.0,0.0,1.0132235,0.0,1.6870475,0.22181758,0.10982365,1.0461936,0.0,0.0,1.2689992
0.028389763,0.107627004,0.54736805,0.0,0.15660235,0.0,0.0,0.0,0.4574052,0.10758074,0.8444446,0.0,0.232244,0.089450866,0.4922071,0.095547244,0.4958687,0.0,0.0,0.2529159,0.41918367,0.0,0.0,0.58527964,0.0,0.56463903,0.35552275,0.59470886,0.76397926,0.0,0.0,0.0
0.0,0.0,0.6525508,0.103878915,0.40701735,0.0,0.0,0.0,0.5468671,0.18547402,0.69178945,0.0026578456,0.6062344,0.3107601,0.6325223,0.05876971,0.5623621,0.0,0.0,0.64151144,0.26552218,0.0,0.0,0.24600726,0.0,0.54897094,0.5815407,0.8016803,0.6610041,0.0,0.0,0.34676588
0.0,0.0,1.8746444,0.0,2.0186605,0.0,0.0,0.0,2.2067242,1.5286448,1.6116506,0.0,1.4297255,2.8157752,1.5265268,0.0,2.4198232,0.0,0.0,1.9599305,1.6332847,0.0,0.0,1.2471945,0.0,2.3407414,1.4059118,1.3343748,1.6698496,0.0,0.0,1.9963312
0.512312,0.7888549,0.0,0.8743486,0.0,0.71114695,0.6674765,0.59533876,0.0,0.0,0.0,0.68520683,0.0,0.0,0.0,0.62743455,0.0,0.5453468,0.8283451,0.0,0.0,0.73170906,0.6935742,0.0,0.8190489,0.0,0.0,0.0,0.0,0.8135009,0.5789805,0.0
0.48972446,0.4627256,0.0,0.61184055,0.0,0.48564792,0.68145704,0.7636743,0.0,0.0,0.0,0.6240606,0.0,0.0,0.0,0.7478299,0.0,0.44952327,0.6676464,0.0,0.0,0.4224123,0.58166635,0.0,0.7330348,0.0,0.0,0.0,0.0,0.5747615,0.4693689,0.0
0.0,0.0,1.2848679,0.0,0.900588,0.0,0.0,0.0,1.3263696,1.3496485,1.0506862,0.0,1.1572554,1.2347801,0.71933764,0.0,1.068371,0.0,0.0,1.1013631,1.0712187,0.0,0.0,1.5070705,0.0,1.4747924,1.0784488,0.43232948,1.3649346,0.0,0.0,1.4354709
0.0,0.0,0.0,0.07015007,0.0,0.089652464,0.2466589,0.0,0.15439613,0.13019507,0.45192182,0.21586305,0.20443004,0.3588895,0.002500482,0.15354957,0.49137133,0.0,0.08729547,0.30489883,0.34621453,0.072040804,0.0,0.23381141,0.0,0.25230423,0.03388506,0.0,0.10634124,0.19201317,0.30419296,0.0
0.0,0.0,0.7100413,0.0,0.0,0.0,0.0,0.0,0.48376638,0.59043384,0.38663018,0.0,0.5906483,0.32580936,0.17454201,0.0,0.245096,0.0,0.0,0.6101445,0.3602239,0.0,0.0,0.73090273,0.0,0.42153627,0.52385616,0.05349849,0.48610896,0.0,0.0,0.42844886
0.0,0.0,1.666434,0.0,1.22851,0.0,0.0,0.0,1.9174769,1.9948596,1.3130081,0.0,1.7821726,1.9024732,0.97152984,0.0,1.5111567,0.0,0.0,1.8204842,1.586635,0.0,0.0,2.320608,0.0,1.9290948,1.7737261,0.6201318,1.6872699,0.0,0.0,2.168582
0.0,0.0,0.88122356,0.0,0.8081747,0.0,0.0,0.0,1.0834638,1.3156551,1.167192,0.0,1.3577491,0.7457109,1.0033698,0.0,0.09791659,0.0,0.0,1.410394,0.33102188,0.0,0.0,0.71170795,0.0,1.123345,1.0104135,1.3087566,0.8971423,0.0,0.0,1.3273759
0.28351724,0.45588723,0.0,0.62702477,0.0,0.43713483,0.53667504,0.43101776,0.0,0.0,0.0,0.5304408,0.0,0.0,0.0,0.54056025,0.0,0.32312304,0.6320686,0.0,0.0,0.47357324,0.36041763,0.0,0.60251486,0.0,0.0,0.0,0.0,0.5099624,0.509765,0.0
0.0,0.24754888,0.2401375,0.11411451,0.07495655,0.07965549,0.32330436,0.34128234,0.25358623,0.16461495,0.33918068,0.4109515,0.35159808,0.34185663,0.25327995,0.20286876,0.21736103,0.0,0.11224323,0.36086848,0.1413204,0.0,0.10645248,0.012604058,0.101489685,0.12619998,0.24536765,0.258411,0.3507921,0.32670826,0.0,0.10296983
0.0,0.0,0.2217791,0.0,0.48112476,0.0,0.0,0.335413,0.24928012,0.51897305,0.48471215,0.03637192,0.45939237,0.22220388,0.55720085,0.0,0.0,0.1648517,0.072645485,0.772157,0.0,0.0,0.29966092,0.0,0.0,0.4124813,0.1634833,0.6092744,0.3196116,0.04800065,0.0,0.45059574
0.07102659,0.015838698,0.04793009,0.0,0.0,0.15710212,0.006149709,0.0,0.0,0.04469955,0.05993764,0.090522096,0.14936747,0.21594724,0.0,0.03920255,0.040377155,0.11285187,0.161669,0.1590502,0.16668361,0.09569278,0.020066671,0.051024348,0.16220725,0.06379262,0.0,0.0,0.104193814,0.055772558,0.24027707,0.15116912
0.0,0.0,0.8833251,0.0,0.3807183,0.0,0.0,0.0,1.1091818,1.0303706,1.0980955,0.0,1.1587937,1.1261252,0.5160826,0.0,0.6635634,0.0,0.0,1.0950915,0.45361206,0.0,0.0,0.60623556,0.0,0.8806578,0.6200667,0.52809125,0.90802747,0.0,0.0,1.0520177
0.0,0.0,1.2928678,0.0,0.8229779,0.0,0.0,0.0,1.6513759,1.3273574,1.2629281,0.0,1.4634827,1.8853754,0.73636633,0.0,1.2284818,0.0,0.0,1.6155318,0.88296413,0.0,0.0,0.70092875,0.0,1.3977604,0.8863955,0.601836,1.3182487,0.0,0.0,1.7054253
0.0,0.3257663,0.4567213,0.42592326,0.0,0.0,0.5588293,0.0,0.33164656,0.07844743,0.7122754,0.24702509,0.21897724,0.34735507,0.4675719,0.4811483,0.059946116,0.0,0.2275061,0.4538076,0.38118848,0.0,0.0,0.2818295,0.048265256,0.39251393,0.28270143,0.40491867,0.6338565,0.45561084,0.0,0.06394796
0.0,0.0,0.91540945,0.0,0.49697745,0.0,0.0,0.0,0.9932273,0.82108885,0.95672107,0.0,1.0382651,1.2262427,0.4734014,0.0,0.86010104,0.0,0.0,1.0449799,0.62479335,0.0,0.0,0.5129477,0.0,0.9472079,0.42072916,0.36459756,0.87231475,0.0,0.0,0.8368322
0.0,0.0,1.0833156,0.0,1.0095364,0.0,0.0,0.0,1.5898083,1.6553081,1.5122446,0.0,1.7275665,1.0142138,1.237314,0.0,0.23046301,0.0,0.0,1.8102664,0.14202434,0.0,0.0,0.86524373,0.0,1.306269,1.4882452,1.9581558,1.1442242,0.0,0.0,1.8056085
0.0,0.2218759,0.34436327,0.1495164,0.0,0.0,0.33227807,0.13294768,0.3744418,0.17119718,0.33971477,0.30516624,0.40449953,0.4945641,0.17627636,0.121488266,0.26446342,0.0,0.0,0.3255337,0.18252775,0.0,0.06586185,0.0,0.1472079,0.22020547,0.27679354,0.13585098,0.41269836,0.26321462,0.0,0.20171049
0.0,0.0,0.81471467,0.0,0.538767,0.0,0.0,0.0,0.80716056,0.61495507,0.8142678,0.0,0.891615,1.019131,0.573008,0.0,0.99841255,0.0,0.0,0.847849,0.80567145,0.0,0.0,0.7986903,0.0,0.8808311,0.5780273,0.65732735,0.8570339,0.0,0.0,0.7537301
0.0,0.0,0.752795,0.0,0.49613374,0.0,0.0,0.0,0.8029543,0.49429557,0.7872395,0.0,0.74152035,0.7644772,0.6122659,0.0,0.7763676,0.0,0.0,0.8595755,0.48827252,0.0,0.0,0.41040736,0.0,0.79808867,0.54761964,0.66470647,0.8052999,0.0,0.0,0.5705998
0.0,0.2832085,0.33250707,0.0,0.20363891,0.14859581,0.009168737,0.21692942,0.30399394,0.099044636,0.5810534,0.21917969,0.47072053,0.18280944,0.5319847,0.0,0.2722722,0.0,0.2738832,0.44798455,0.40218484,0.0,0.3884365,0.22719502,0.0,0.30930683,0.21087816,0.4625432,0.4521938,0.056452185,0.0,0.114240386
0.0,0.0,0.5562419,0.30206054,0.10417581,0.0,0.110915914,0.022049984,0.40034485,0.049068484,0.41620854,0.16211742,0.45350325,0.14319146,0.60348964,0.22886468,0.16893932,0.0,0.0,0.47317985,0.21779722,0.0,0.0,0.12312774,0.09937191,0.25871694,0.48825967,0.58034736,0.49333718,0.16941401,0.0,0.3052468
0.0,0.0,1.0199907,0.0,0.6437879,0.0,0.0,0.0,1.2996875,1.1608304,1.2570106,0.0,1.1774135,1.2818954,0.6015199,0.0,0.9489442,0.0,0.0,1.1192434,0.8136736,0.0,0.0,0.92839825,0.0,1.2678283,0.7760135,1.0006981,1.0202545,0.0,0.0,0.9973098
0.0,0.0,0.62882185,0.0,0.5787789,0.0,0.0,0.0,0.81371766,1.0766791,0.7210653,0.0,0.6539222,0.5611658,0.6708519,0.0,0.39282435,0.0,0.0,0.8328554,0.41454068,0.0,0.1481581,0.7839624,0.0,0.82370836,0.6005546,0.9376465,0.682384,0.0,0.0,0.69522214
0.0,0.0,0.830204,0.0,1.0054948,0.0,0.0,0.0,0.85532016,0.78469026,0.9065746,0.0,0.7468366,0.5795814,0.86785984,0.0,0.7677269,0.0,0.0,0.8575551,0.38454455,0.0,0.0,0.7581871,0.0,1.1116787,0.7401586,1.1322552,0.8904738,0.0,0.0,0.583626
0.0,0.099457145,0.57092786,0.0,0.0,0.0,0.0,0.22554708,0.57378614,0.43543765,0.6576768,0.0,0.72747976,0.35020703,0.5615949,0.0,0.19257322,0.0,0.0,0.81127876,0.35475624,0.0,0.00047403388,0.34054875,0.0,0.31668508,0.55943334,0.57310945,0.48584598,0.026828855,0.0,0.4586326
0.0,0.0,1.1049813,0.0,1.2168283,0.0,0.0,0.0,1.0706612,1.1702435,1.0090487,0.0,0.867944,0.99335474,1.2394632,0.0,1.0068423,0.0,0.0,1.1778705,0.842155,0.0,0.0,1.4081533,0.0,1.3226649,0.78728634,1.2134275,0.994341,0.0,0.0,0.7815108
0.0,0.0,1.5004092,0.0,1.2087528,0.0,0.0,0.0,1.3568326,1.5851183,0.8439234,0.0,1.1721833,2.2354686,0.44189805,0.0,1.4312042,0.0,0.0,1.3860257,1.4829493,0.0,0.0,1.247064,0.0,1.8178289,0.09993872,0.08400546,0.934154,0.0,0.0,1.272235
0.21581365,0.19881535,0.0,0.31192622,0.0,0.2371928,0.30197206,0.40691927,0.0,0.0,0.11077225,0.3004395,0.03931471,0.0,0.0,0.37279963,0.020778812,0.0353624,0.2930466,0.0,0.0,0.03969197,0.14622673,0.0,0.31177425,0.0,0.0,0.0,0.0,0.13653374,0.21906346,0.0
0.0,0.17420304,0.23339061,0.15546197,0.0,0.09713857,0.079292454,0.15097217,0.0,0.0,0.17794897,0.09210653,0.10365953,0.0,0.33222875,0.2885405,0.0,0.0,0.27570945,0.049537495,0.21788406,0.0,0.26572207,0.14549948,0.048881195,0.0,0.07715561,0.25108185,0.06432147,0.049217552,0.016051102,0.0
0.0,0.0,1.6566938,0.0,0.5807996,0.0,0.0,0.0,1.4094397,1.2977052,1.419517,0.0,1.2507759,1.4828094,1.5469865,0.0,0.5643686,0.0,0.0,1.2218015,0.45853662,0.0,0.0,0.9331012,0.0,1.8067708,0.8034998,1.2169557,1.5956273,0.0,0.0,1.1810982
0.0,0.0,1.6934242,0.0,0.36828864,0.0,0.0,0.0,1.4435874,1.348525,1.5059795,0.0,1.3588293,1.6023955,1.3608043,0.0,0.59305245,0.0,0.0,1.3227593,0.47183833,0.0,0.0,1.084894,0.0,1.8621296,0.84332937,0.92157257,1.6690784,0.0,0.0,1.2802585
0.0,0.28322205,0.2325874,0.24751014,0.0,0.03057117,0.272592,0.30783826,0.22016104,0.0,0.12961943,0.45279127,0.21423289,0.033023417,0.3176937,0.3573075,0.18808563,0.0,0.2768684,0.35612637,0.33852297,0.06717146,0.3516247,0.036127634,0.12435968,0.0,0.31443334,0.28760493,0.28346267,0.45767272,0.023856917,0.020573452
0.0,0.0,1.1139244,0.0,0.6532099,0.0,0.0,0.0,1.7432833,1.4083526,1.4930618,0.0,1.573908,1.0008405,1.2080632,0.0,0.62015873,0.0,0.0,1.8110315,0.161766,0.0,0.0,0.7072403,0.0,1.1678853,1.3731636,1.8602756,1.229965,0.0,0.0,1.6146216
0.37007928,0.76430833,0.0,0.72716355,0.0,0.4799102,0.72446597,0.52535,0.0,0.0,0.0,0.7254257,0.0,0.0,0.0,0.6619518,0.0,0.38405183,0.65482616,0.0,0.0,0.54472846,0.6496099,0.0,0.7188426,0.0,0.0,0.0,0.0,0.79308367,0.51141316,0.0
0.0,0.0,0.5394739,0.0,0.1638517,0.0,0.0,0.0,0.68580747,0.38716987,0.5584772,0.0,0.4170881,0.4375837,0.5113978,0.111172944,0.5086736,0.0,0.0,0.7217684,0.44482428,0.0,0.1360718,0.4998594,0.0,0.4958753,0.5736558,0.65725553,0.67703176,0.034237172,0.0,0.42428714
0.0,0.0,0.8581561,0.0,0.509405,0.0,0.0,0.0,0.9757639,0.65724427,0.7749712,0.0,0.9153083,1.0654159,0.6727801,0.0,0.77201086,0.0,0.0,0.9222417,0.622446,0.0,0.0,0.25864547,0.0,1.0004673,0.5953664,0.43537337,0.9461525,0.0,0.0,0.9386658
0.0,0.0,0.5666965,0.0,0.44482845,0.0,0.0,0.0,0.59836805,0.32354757,0.63874984,0.0,0.551326,0.42591834,0.64541656,0.08177695,0.53931874,0.0,0.0,0.6638324,0.36439723,0.0,0.008201275,0.38390937,0.0,0.57541585,0.53715444,0.7744892,0.6381597,0.022548907,0.0,0.31763422
0.0,0.0,0.71918905,0.0,1.2062027,0.0,0.0,0.16129275,1.0418955,1.1876192,0.99448556,0.0,1.1750741,0.85755265,1.1052119,0.0,0.65307766,0.0,0.0,1.3179116,0.5230093,0.0,0.019232765,0.5820619,0.0,0.9077453,0.93820757,1.5582101,0.7690422,0.0,0.0,0.9795805
0.0,0.0,1.4921961,0.0,0.44800025,0.0,0.0,0.0,1.0066847,0.9578841,1.5008976,0.0,0.7177153,0.5809138,1.3817215,0.0,0.6288331,0.0,0.0,0.91336083,0.5736349,0.0,0.0,1.2419753,0.0,1.2405833,0.6245676,1.2175353,1.4115373,0.0,0.0,0.6698319
0.0,0.0,1.3389801,0.0,0.48091513,0.0,0.0,0.0,1.1792263,1.1265668,1.5310409,0.0,0.66536677,1.0480518,1.152755,0.0,0.6682413,0.0,0.0,1.031256,0.6943434,0.0,0.0,1.076482,0.0,1.2967645,0.44203722,0.68917,1.5631377,0.0,0.0,0.80830824
0.0,0.0,0.96884584,0.0,0.120360576,0.0,0.0,0.0,0.71236366,0.6640284,1.1758609,0.0,0.48541504,0.51445156,0.99496335,0.0,0.17327479,0.0,0.0,0.88813275,0.30950314,0.0,0.0,0.65133256,0.0,1.0084741,0.13053241,0.5206649,1.1131319,0.0,0.0,0.3619148
0.0,0.0,1.3147918,0.0,0.593441,0.0,0.0,0.0,1.1115636,0.8811109,1.5089189,0.0,0.6392316,0.68538654,1.4340279,0.0,0.7131728,0.0,0.0,0.97070074,0.6149201,0.0,0.0,1.0943087,0.0,1.1785423,0.6149639,1.3244468,1.5071443,0.0,0.0,0.6140775
0.0,0.0,1.1296327,0.0,0.8404837,0.0,0.0,0.0,1.4385267,1.6508807,1.330605,0.0,1.4711806,0.99895173,0.942959,0.0,0.29554138,0.0,0.0,1.3435593,0.12957244,0.0,0.0,0.9956602,0.0,1.264889,1.0989132,1.561269,0.90373445,0.0,0.0,1.3888324
0.0,0.090760596,0.5632515,0.0,0.0710978,0.0032975692,0.009579137,0.0,0.602439,0.47989258,0.68703496,0.0,0.67544055,0.7686146,0.34182638,0.0,0.5256584,0.0,0.099370286,0.66214484,0.4419257,0.0,0.013703421,0.23861417,0.0,0.4898271,0.18899089,0.051762573,0.62317604,0.086219415,0.0,0.4034024
0.123296514,0.46984908,0.20693797,0.3728584,0.0,0.34264192,0.15502793,0.39680997,0.0,0.0,0.0,0.3455841,0.03112176,0.0,0.24031897,0.053913314,0.0,0.33699766,0.50575846,0.3251054,0.35198897,0.5195047,0.269242,0.0,0.30453187,0.0,0.07783637,0.0,0.0,0.315583,0.052144174,0.0
0.0,0.0,0.8344183,0.0,0.656273,0.0,0.0,0.0,1.1503364,0.8886534,1.0919361,0.0,1.083145,0.9402556,0.8863766,0.0,0.74666035,0.0,0.0,1.2405431,0.49578002,0.0,0.0,0.45199686,0.0,0.90533155,0.8593686,1.1789271,0.93290746,0.0,0.0,1.0176668
0.0,0.0,1.538501,0.0,0.2671681,0.0,0.0,0.0,1.1861734,1.3129798,1.3715949,0.0,1.3398585,1.0818812,1.4580058,0.0,0.3462686,0.0,0.0,1.2478876,0.35568807,0.0,0.0,0.8416612,0.0,1.790926,0.7612536,1.0397638,1.4184605,0.0,0.0,1.1006672
0.0,0.0,0.9584832,0.0,0.669893,0.0,0.0,0.0,0.98666626,0.6309011,1.2029002,0.0,0.73491,0.85046905,0.6899712,0.0,0.8083055,0.0,0.0,0.7804658,0.71546996,0.0,0.0,1.0299833,0.0,1.1392584,0.51196396,0.59329677,1.2601345,0.0,0.0,0.5997152
0.0,0.0,0.7675626,0.0,0.5717843,0.0,0.0,0.0,0.65803814,0.51485616,0.7424673,0.0,0.59930044,0.28057057,0.7199582,0.0,0.46635082,0.0,0.0,0.45594475,0.60244066,0.0,0.0,0.67027175,0.0,0.6810914,0.56238014,0.69659954,0.74201274,0.0,0.0,0.4869249
0.0,0.0,0.89309394,0.0,0.5084249,0.0,0.0,0.0,1.0683283,0.82052743,1.0323873,0.0,1.1028117,1.1158175,0.6219006,0.0,0.8957665,0.0,0.0,1.1468658,0.5868079,0.0,0.0,0.5292613,0.0,0.90673566,0.6878397,0.7222814,0.90510535,0.0,0.0,0.91803455
0.0,0.0,1.1004448,0.0,0.95702916,0.0,0.0,0.0,1.0972346,1.1877155,0.800898,0.0,0.9880007,1.6392796,0.3697396,0.0,1.3547089,0.0,0.0,1.0421969,1.0852938,0.0,0.0,1.2538406,0.0,1.1563885,0.21554512,0.49534178,0.82743174,0.0,0.0,0.86619973
0.0,0.0,0.22903523,0.0,0.0,0.0,0.0,0.0,0.19683108,0.101189755,0.23176338,0.0,0.259203,0.119570635,0.0,0.0,0.5152842,0.0,0.040308915,0.107465476,0.28709507,0.0,0.0,0.5426812,0.0,0.08195956,0.27810675,0.067948066,0.3025265,0.0,0.12549953,0.018274933
0.0,0.0,0.84858346,0.0,0.6181903,0.0,0.0,0.0,0.70287406,0.6423358,0.8088921,0.0,0.6566561,0.08025023,0.7428935,0.0,0.33451974,0.0,0.0,0.32462344,0.4987595,0.0,0.0,0.9164612,0.0,0.77543104,0.7696039,0.58773094,0.92019403,0.0,0.0,0.6204289
0.0,0.26761198,0.11502962,0.067198694,0.0,0.19199619,0.31248125,0.3381876,0.10575767,0.09157212,0.49330792,0.18725047,0.31957108,0.12350332,0.26290938,0.11378582,0.0,0.07261421,0.34782657,0.28917724,0.0,0.04399988,0.47498906,0.0,0.22411652,0.0,0.1321157,0.285774,0.11041541,0.40036792,0.15937145,0.019542232
0.0,0.0,0.9688169,0.0,0.7525265,0.0,0.0,0.0,1.1495007,1.3880956,0.95550877,0.0,1.2060845,1.2293428,0.71867526,0.0,0.6128668,0.0,0.0,1.238482,0.5404628,0.0,0.0,0.8651659,0.0,1.227266,0.7351614,0.8341689,0.79583,0.0,0.0,1.0341061
0.0,0.0,0.8302674,0.0,0.67350286,0.0,0.0,0.0,1.0965953,0.9928817,1.1028947,0.0,1.1774799,0.857094,0.9484671,0.0,0.3295967,0.0,0.0,1.2162743,0.3556959,0.0,0.07304829,0.44565633,0.0,0.8614863,0.9315873,1.1912924,0.8618207,0.0,0.0,1.2181258
0.0,0.0032800362,0.6769384,0.0,0.5652288,0.0,0.0,0.0,0.7307025,0.381588,0.782727,0.0,0.7634619,0.63448673,0.71437484,0.0,0.49459666,0.0,0.0,0.7700755,0.42368916,0.0,0.0,0.4041236,0.0,0.69544464,0.46225333,0.7061065,0.71840197,0.0,0.0,0.48746145
0.0,0.0,1.2760118,0.0,1.3771569,0.0,0.0,0.0,1.2540089,1.3845367,1.1813874,0.0,0.9006927,0.0,1.3749595,0.0,0.0,0.0,0.0,0.78302026,0.9621194,0.0,0.0,1.9156199,0.0,0.99709845,1.3520439,1.3349327,1.3235035,0.0,0.0,0.75475127
0.36795896,0.5215493,0.0,0.57892734,0.0,0.5049025,0.65493405,0.74437135,0.0,0.0,0.0,0.6140339,0.0,0.0,0.0,0.74269897,0.0,0.41227025,0.69955915,0.0,0.0,0.39001366,0.48802772,0.0,0.70840096,0.0,0.0,0.0,0.0,0.60238695,0.46719602,0.0
0.0,0.0,0.9591385,0.0,0.5176997,0.0,0.0,0.0,1.0486827,0.86511254,0.77248627,0.0,0.87733805,1.3900146,0.524356,0.0,1.0329163,0.0,0.0,1.1510776,0.9380639,0.0,0.0,0.46693373,0.0,0.9682193,0.33660805,0.29956514,0.8552675,0.0,0.0,0.92704004
0.0,0.0,0.7585778,0.0,0.83372676,0.0,0.0,0.015708148,1.0960636,1.4742107,1.0087177,0.0,1.0803463,0.4886828,1.1202028,0.0,0.037506968,0.0,0.0,1.4509299,0.0,0.0,0.0,0.5624604,0.0,1.2638867,0.86555743,1.2218355,1.0464207,0.0,0.0,1.2661604
0.0,0.0,0.3185324,0.0,0.43896604,0.0,0.09396119,0.48111385,0.5198679,0.5216169,0.53963846,0.25875914,0.7299806,0.3372491,0.58754253,0.0,0.14210221,0.0,0.05972585,0.803857,0.23397246,0.0,0.13584492,0.07130593,0.0,0.39293092,0.51587975,0.7324454,0.5715237,0.0,0.0,0.40718
0.0,0.0,1.4048973,0.0,0.8621385,0.0,0.0,0.0,1.8981663,1.5993028,1.3024856,0.0,1.5191135,2.2244873,0.9163529,0.0,1.0951219,0.0,0.0,1.8391732,0.92645824,0.0,0.0,0.7169202,0.0,1.7960284,0.9630761,0.72872865,1.47143,0.0,0.0,2.018985
0.1293714,0.16174814,0.0,0.40855336,0.0,0.36029208,0.33430082,0.12569985,0.0,0.0,0.012252472,0.24201262,0.048936326,0.23097706,0.0,0.3429364,0.2868277,0.09944673,0.4169534,0.0,0.0,0.38514227,0.15624195,0.0,0.2820862,0.0,0.0,0.0,0.0,0.29297152,0.3595387,0.0
0.0,0.0,1.2344866,0.0,0.8790879,0.0,0.0,0.0,1.3157866,1.2690699,1.0322479,0.0,1.2314261,1.4004606,0.66061383,0.0,1.2190893,0.0,0.0,1.2052437,1.1006206,0.0,0.0,1.4518188,0.0,1.4050579,0.9285301,0.6384143,1.2989212,0.0,0.0,1.3639516
0.34452325,0.51199526,0.0,0.57539755,0.0,0.27900243,0.6523852,0.6481774,0.0,0.0,0.0,0.763837,0.0,0.0,0.0,0.5820412,0.0,0.13459434,0.4215794,0.0,0.0,0.36526814,0.4030288,0.0,0.62041306,0.0,0.0,0.0,0.0,0.66917497,0.22600853,0.0
0.0,0.0,0.6355176,0.003111571,0.6064338,0.0,0.0,0.0,0.6636902,0.5259943,0.76624125,0.0,0.5967632,0.33053082,0.69167227,0.0511071,0.554071,0.0,0.0,0.6777107,0.2776379,0.0,0.0,0.49321705,0.0,0.792225,0.58323115,0.8345695,0.77438134,0.0,0.0,0.4244966
0.0,0.12173931,0.35525507,0.284496,0.0616102,0.0,0.18873197,0.09792242,0.2949581,0.028943788,0.29231927,0.26255316,0.29416794,0.064684585,0.5663942,0.30348402,0.1349763,0.0,0.0,0.4223578,0.38281888,0.0,0.13444072,0.1759031,0.010619879,0.21227425,0.40980542,0.39627242,0.46266878,0.25652462,0.0,0.1036088
0.0,0.0,0.96380615,0.0,0.97052354,0.0,0.0,0.0,1.3139296,1.0234792,0.9649327,0.0,0.90424144,1.3049457,0.916344,0.0,0.7502126,0.0,0.0,1.0046234,0.6335334,0.0,0.0,0.5195337,0.0,1.187879,0.69131494,0.65082693,1.1694969,0.0,0.0,1.4047672
0.0,0.0,0.77191234,0.0,0.2700263,0.0,0.0,0.0,0.9280941,0.5783173,0.6950051,0.0,0.68671227,0.9297893,0.6062522,0.0,0.75421435,0.0,0.0,0.7355316,0.6010618,0.0,0.0,0.29004836,0.0,0.6449361,0.5604843,0.38537967,0.7581803,0.0,0.0,0.76328677
0.0,0.0,0.09721007,0.054479968,0.0,0.0,0.0,0.0,0.031009886,0.13722593,0.11821791,0.0,0.23349342,0.11516449,0.0,0.023936298,0.4560867,0.0,0.09052772,0.07463727,0.13627183,0.0032526664,0.0,0.2777346,0.0,0.10087252,0.053398415,0.0,0.17545554,0.0,0.14117199,0.073065154
0.0,0.0,1.1761943,0.0,1.1981289,0.0,0.0,0.0,1.2599031,1.1585946,0.99390525,0.0,0.87546986,0.9731514,1.468,0.0,1.0917333,0.0,0.0,1.2671243,1.2462766,0.0,0.0,1.4875748,0.0,0.9106041,1.1559571,1.3168027,1.1652756,0.0,0.0,0.97065526
0.0,0.043541454,0.0,0.0,0.0,0.26788965,0.12642184,0.1835566,0.0,0.0,0.0,0.0,0.09741135,0.0,0.0,0.06466743,0.0,0.0,0.32635847,0.0,0.0,0.19343935,0.0,0.068678655,0.11552341,0.0,0.13443933,0.0,0.0,0.1638236,0.27989078,0.0
0.0,0.0,1.9594873,0.0,1.6953015,0.0,0.0,0.0,2.7377098,1.9586968,1.7868686,0.0,1.7677206,3.1331956,1.3453534,0.0,2.049348,0.0,0.0,2.4374368,1.3767067,0.0,0.0,1.0311673,0.0,2.4276469,1.4766814,1.4510432,1.850338,0.0,0.0,2.5795867
0.0,0.0,1.1812717,0.0,0.8697353,0.0,0.0,0.0,1.320001,1.4849312,1.2033516,0.0,1.3145089,0.8377149,0.855258,0.0,0.41711983,0.0,0.0,1.1397283,0.72560316,0.0,0.0,1.2200491,0.0,1.4380678,1.1871867,0.55587775,1.3006376,0.0,0.0,1.5713793
0.0,0.362765,0.05519808,0.22606716,0.0,0.375576,0.38191062,0.21604855,0.0,0.0,0.3231241,0.27965838,0.1135515,0.036587235,0.22792846,0.31067196,0.007963017,0.14359528,0.58879995,0.18966135,0.17757308,0.19829299,0.5375414,0.003909923,0.117772564,0.0,0.0,0.14871696,0.052119426,0.4398773,0.13990447,0.0
0.0,0.0,0.8486098,0.0,0.4656421,0.0,0.0,0.0,1.1266551,0.86235124,0.90157795,0.0,0.8540656,1.223459,0.87517667,0.0,0.5832381,0.0,0.0,1.1092219,0.6798814,0.0,0.0,0.3961701,0.0,0.83173674,0.59983784,0.6799057,0.9167536,0.0,0.0,1.2867125
0.0,0.0,1.4421498,0.0,1.9070648,0.0,0.0,0.0,1.5407975,1.6154821,1.2369657,0.0,1.0906637,1.222515,1.7301961,0.0,1.4508803,0.0,0.0,1.6140554,2.0305135,0.0,0.0,1.994861,0.0,1.0731345,1.5162724,1.3966714,1.5233836,0.0,0.0,1.1672616
0.0,0.0,2.0734415,0.0,1.8877708,0.0,0.0,0.0,2.54893,1.8423203,1.7693322,0.0,1.9405663,3.5438344,1.2806314,0.0,2.6946738,0.0,0.0,2.4584322,1.9340407,0.0,0.0,1.1464231,0.0,2.5478528,1.4763254,0.8533515,1.9283757,0.0,0.0,2.6663182
0.52101225,0.6952996,0.0,0.7867016,0.0,0.4792088,0.8022177,0.7145679,0.0,0.0,0.0,0.7802684,0.0,0.0,0.0,0.7251901,0.0,0.43593487,0.7344401,0.0,0.0,0.6190109,0.67419875,0.0,0.8436077,0.0,0.0,0.0,0.0,0.8700928,0.46228257,0.0
0.8965671,0.9993054,0.0,1.1697831,0.0,0.8275109,1.1111501,0.8991637,0.0,0.0,0.0,1.086768,0.0,0.0,0.0,1.0197611,0.0,0.78976226,1.1016048,0.0,0.0,0.9957262,0.9057393,0.0,1.2598547,0.0,0.0,0.0,0.0,1.0557638,0.8121765,0.0
0.0,0.0,0.58909464,0.0,0.03955392,0.0,0.0,0.0,0.46247584,0.42327917,0.509336,0.0,0.69721204,0.4072851,0.1341527,0.0,0.70803696,0.0,0.0,0.578655,0.29482576,0.0,0.0,0.49083635,0.0,0.48675227,0.34721753,0.034701824,0.5075686,0.0,0.0,0.36249143
0.0,0.0,1.2567923,0.0,0.6597065,0.0,0.0,0.0,1.4658461,1.2196026,1.1007097,0.0,1.3211839,2.0647526,0.6034768,0.0,1.5506729,0.0,0.0,1.5210947,1.0732352,0.0,0.0,0.7651498,0.0,1.5356158,0.74360466,0.328075,1.2432086,0.0,0.0,1.5336868
0.0053307437,0.18485755,0.53403044,0.0,0.13694587,0.0,0.17099637,0.0,0.6027789,0.45603105,0.3581263,0.13534623,0.4780476,1.0167462,0.18886651,0.0,0.8141107,0.0,0.0,0.6677972,0.5513583,0.0,0.0,0.23199871,0.0,0.5691263,0.20099396,0.0,0.54186624,0.17785507,0.0,0.45036083
0.0,0.0,0.7645347,0.0,0.5907834,0.0,0.0,0.0,0.7992422,0.5008904,0.9030276,0.0,0.9428435,0.74388814,0.66738045,0.0,0.6917822,0.0,0.0,0.8445531,0.4225873,0.0,0.0,0.4169563,0.0,0.74157256,0.5581167,0.6658665,0.7985694,0.0,0.0,0.627927
0.0,0.0,0.8184047,0.0,0.14427042,0.0,0.0,0.0,0.8019686,0.2699491,0.6240917,0.0,0.7902716,0.8118517,0.7906564,0.0,1.1118294,0.0,0.0,1.0491313,0.6456083,0.0,0.0,0.58289766,0.0,0.5322742,0.905726,0.8061564,0.70401764,0.0,0.0,0.26081204
0.0,0.0,0.99081624,0.0,0.71311593,0.0,0.0,0.0,0.88541627,1.0187901,0.70518136,0.0,0.9000326,1.4774609,0.4115488,0.0,0.8988455,0.0,0.0,1.0140923,1.2182821,0.0,0.0,0.7376711,0.0,1.1300911,0.007670723,0.0,0.7093689,0.0,0.0,1.0452763
0.0,0.0,0.7088213,0.0,0.32520604,0.0,0.0,0.0,0.8768393,0.56772804,0.7015677,0.0,0.78785574,0.95393074,0.41396254,0.0,0.9045075,0.0,0.0,0.84021395,0.5158324,0.0,0.0,0.29317838,0.0,0.752486,0.5194943,0.3236193,0.8339013,0.0,0.0,0.6717283
0.0,0.0,1.7729591,0.0,0.3518579,0.0,0.0,0.0,1.1656915,1.2771115,1.1372846,0.0,1.2888328,1.0118567,1.2016933,0.0,0.13395144,0.0,0.0,1.1562399,0.52890104,0.0,0.0,0.58500224,0.0,2.0173225,0.81996953,0.8731131,1.5653851,0.0,0.0,1.1543413
0.0,0.0,1.073041,0.0,0.44798213,0.0,0.0,0.0,1.1395556,0.6505037,1.0592178,0.0,0.4695047,0.96476454,1.1681719,0.0,0.77719223,0.0,0.0,0.56172776,0.7616489,0.0,0.0,0.8262677,0.0,0.8499505,0.8339562,1.3212324,1.2117555,0.0,0.0,0.6407544
0.58356273,0.0,0.7307961,0.0,0.9202745,0.0,0.0,0.0,1.7486371,0.70673436,1.0827466,0.0,0.9751952,2.2435057,0.98998064,0.0,1.6607568,0.0,0.0,1.0869433,2.7255726,0.0,0.0,1.2296869,0.0,2.3036544,0.862135,0.0,1.577439,0.0,0.0,0.86503613
1.016826,0.0,0.38870856,0.0,0.63344246,0.0,0.0,0.0,1.3108342,0.46994352,0.9935904,0.0,0.6188476,1.5760496,0.993402,0.0,1.2427932,0.0,0.0,0.6600334,2.6826365,0.0,0.0,1.0968151,0.0,1.75198,0.808345,0.0,1.4284856,0.0,0.0,0.42714477
0.5055004,0.0,0.0,0.0,0.09240995,0.18726392,0.0,0.1556793,0.51075786,0.30817714,0.37405202,0.07421034,0.18953416,0.46011528,0.24305636,0.0697713,0.0046706945,0.42595673,0.29239738,0.1794289,1.0926567,0.099170804,0.586988,0.13157633,0.0,0.48090297,0.0,0.0,0.56023806,0.37645575,0.28931472,0.0
0.92906183,0.0,0.0,0.0,0.0,0.40595943,0.0,0.322466,0.14520054,0.05140411,0.3119642,0.35907036,0.0,0.22214103,0.18939298,0.35487944,0.0,0.58184534,0.4160498,0.0,0.8579468,0.28228423,0.8683646,0.0,0.0,0.20648253,0.0,0.0,0.36001652,0.6125427,0.43877834,0.0
0.0,0.23318702,0.3684505,0.071883224,0.053814575,0.0,0.23920754,0.23688273,0.3426087,0.055428803,0.48177415,0.3003787,0.5239166,0.25967804,0.42316204,0.18980724,0.25760084,0.0,0.10357927,0.45415327,0.20879477,0.0,0.19496223,0.038979113,0.08453528,0.11742624,0.40733528,0.42576885,0.43086815,0.32476184,0.0,0.12181177
0.0,0.23482257,0.3408522,0.062269676,0.04908113,0.06073422,0.25011092,0.15782697,0.34730637,0.120312825,0.4930306,0.22900026,0.44585764,0.26419923,0.38603833,0.22618364,0.30810001,0.0,0.23518416,0.44186947,0.20504892,0.0,0.20827274,0.107054695,0.03755913,0.15140378,0.21291429,0.3640132,0.40161273,0.27892864,0.0,0.0
0.0,0.0,0.94573677,0.0,1.0576117,0.0,0.0,0.0,1.1615833,1.3843299,1.1996225,0.0,1.2944708,1.0106735,1.0057427,0.0,0.4840152,0.0,0.0,1.3603643,0.5885479,0.0,0.039777897,0.7985239,0.0,1.2822074,0.9084407,1.2964609,0.92715496,0.0,0.0,1.1509631
0.07749272,0.50700337,0.0,0.47720712,0.0,0.45602468,0.34321648,0.5071971,0.0,0.0,0.0,0.39377433,0.0,0.0,0.0,0.36458814,0.0,0.28798136,0.62538177,0.0,0.0,0.5380853,0.6426511,0.0,0.46669066,0.0,0.0,0.0,0.0,0.5210112,0.27060452,0.0
0.0,0.0,1.447738,0.0,1.8843101,0.0,0.0,0.0,1.3734113,1.5910501,1.6994,0.0,1.0052212,1.263341,1.6651648,0.0,1.3406591,0.0,0.0,1.7511047,1.9467282,0.0,0.0,1.7819635,0.0,1.4719373,0.9363354,0.9361798,1.6582289,0.0,0.0,0.78414595
0.0,0.053379025,0.63292015,0.0,0.3019982,0.0,0.12000261,0.0,0.575961,0.38476133,0.8041167,0.0,0.3578322,0.5502352,0.37358198,0.0,0.44581768,0.0,0.15513644,0.55472255,0.47574505,0.1305143,0.0,0.6079628,0.0,0.70378166,0.21674621,0.3019876,0.8656735,0.0,0.0,0.28431624
0.0,0.0,0.17426878,0.0,0.45026886,0.0,0.0,0.37803057,0.37944537,0.6157035,0.3090355,0.043857675,0.53275144,0.25787196,0.47821036,0.0,0.0,0.1594759,0.14270721,0.93094677,0.0,0.0,0.08220276,0.0,0.0,0.6090454,0.32025146,0.7259831,0.41879562,0.0,0.0,0.3999319
0.06983377,0.0,0.40173507,0.0,0.20863925,0.0,0.0,0.043149315,0.24043652,0.22782278,0.3992432,0.0,0.24278261,0.3430074,0.70493114,0.0,0.6527491,0.0,0.15127864,0.5074308,0.7759313,0.0,0.39327237,0.20814058,0.0,0.56980133,0.607357,0.39962012,0.73815465,0.08794082,0.0,0.0
0.0,0.0,0.42477494,0.0,0.26488042,0.0,0.071686916,0.025424741,0.25692606,0.16492715,0.3789265,0.0,0.5413979,0.5497987,0.6983297,0.0,0.86186504,0.0,0.12060128,0.47440943,0.7668014,0.0,0.34812793,0.094517194,0.0,0.5648797,0.6980963,0.39209586,0.6947317,0.11162447,0.0,0.0
0.0,0.04308585,0.42025033,0.025218658,0.23815596,0.0,0.0,0.07472494,0.48793626,0.33434647,0.47014895,0.09376809,0.39700884,0.20880178,0.5728775,0.19852175,0.37842187,0.0,0.0,0.54729205,0.2925125,0.0,0.019506827,0.33667475,0.0,0.42253548,0.4852506,0.66053164,0.5582919,0.09939128,0.0,0.1952919
0.18803121,0.22625262,0.0,0.4094593,0.0,0.3585571,0.3958903,0.5610879,0.0,0.0,0.0,0.332132,0.0,0.0,0.0,0.48369682,0.0,0.2142329,0.46284834,0.0,0.0,0.20935218,0.26101464,0.0,0.42300403,0.0,0.0,0.0,0.0,0.26349434,0.26595768,0.0
0.19901714,0.45665905,0.0,0.5192043,0.0,0.17425154,0.54549813,0.53786916,0.0,0.0,0.0,0.66281134,0.0,0.0,0.0,0.6340972,0.0,0.07816774,0.39122164,0.0,0.0,0.2604311,0.37261716,0.0,0.5424189,0.0,0.0,0.0,0.0,0.5787374,0.07320111,0.0
0.0,0.0,0.91765463,0.009635232,0.3750875,0.0,0.23766693,0.0,1.2068521,0.59404397,1.2280061,0.013315797,0.6140653,1.0858427,0.95052135,0.0,0.80319834,0.0,0.0,1.0588777,0.6312937,0.0,0.0,0.5559945,0.0,0.9883761,0.5545336,0.807704,1.1898065,0.06871404,0.0,0.69552
0.0,0.111229144,0.18073373,0.12217438,0.0,0.03629131,0.049155287,0.0,0.05088817,0.06717906,0.11249418,0.019932568,0.2811857,0.17200173,0.0,0.15117925,0.3826477,0.0,0.18764886,0.24471116,0.1262928,0.027533263,0.0,0.13589814,0.0907153,0.07765383,0.001791738,0.0,0.10203156,0.045178317,0.20939046,0.100694284
0.0,0.10011825,0.60333574,0.0,0.2088218,0.03808014,0.0,0.0,0.6284745,0.39089963,0.7105036,0.0,0.65964735,0.694496,0.45392752,0.0,0.6331654,0.0,0.00706508,0.76809907,0.52870715,0.0,0.023404893,0.323565,0.0,0.5447928,0.29938436,0.34029847,0.6181505,0.045685843,0.0,0.41322356
0.0,0.14455663,0.41392243,0.13071583,0.2110636,0.0,0.13466957,0.10478439,0.30877954,0.09913284,0.45937026,0.18701673,0.3952294,0.22530669,0.49391586,0.18887338,0.27608788,0.0,0.0,0.44554913,0.3156412,0.0,0.02828611,0.124510385,0.0,0.3203919,0.37351853,0.5047928,0.4597233,0.22878638,0.0,0.105596565
0.4613222,0.56068885,0.0,0.6602926,0.0,0.36321765,0.6214996,0.5102414,0.0,0.0,0.0,0.64851636,0.0,0.0,0.0,0.4935503,0.0,0.36364228,0.6371873,0.0,0.0,0.49561894,0.531852,0.0,0.70054936,0.0,0.0,0.0,0.0,0.6985769,0.52184606,0.0
0.0,0.075871974,0.6367457,0.022241462,0.20102835,0.0,0.0,0.0,0.625113,0.42321053,0.5374674,0.0,0.47665048,0.6875531,0.44736546,0.0,0.6125598,0.0,0.0,0.68861103,0.60024375,0.0,0.0,0.30692697,0.0,0.614744,0.3136809,0.33021635,0.5975887,0.052325696,0.0,0.4171471
0.42445505,0.6745373,0.0,0.72423035,0.0,0.43945616,0.7560192,0.5122168,0.0,0.0,0.0,0.648183,0.0,0.0,0.0,0.80801773,0.0,0.5361219,0.67502236,0.0,0.0,0.5209474,0.79141307,0.0,0.8261049,0.0,0.0,0.0,0.0,0.7876629,0.4679988,0.0
0.0,0.0,1.0395521,0.0,0.98664665,0.0,0.0,0.0,1.3359156,0.8577175,1.028418,0.0,0.79056966,1.466131,1.4337628,0.0,1.1696843,0.0,0.0,0.789353,1.3544507,0.0,0.0,0.9893904,0.0,0.7520577,1.394437,1.8935846,1.2563622,0.0,0.0,1.0539384
0.0,0.0,0.13635391,0.03612524,0.0014960058,0.05525641,0.0,0.40413424,0.29819834,0.47655034,0.28662404,0.0,0.3522721,0.1632694,0.34221885,0.0,0.0,0.19111961,0.13219519,0.7829558,0.0,0.0,0.10820419,0.0,0.10748785,0.32193053,0.1900838,0.51140314,0.26210597,0.15660432,0.0,0.4524514
0.054938726,0.055390116,0.217607,0.0,0.13465536,0.024267647,0.0,0.16683193,0.05423259,0.14361903,0.06794975,0.08023904,0.2330863,0.41983846,0.3650301,0.0,0.61631,0.17762035,0.2282198,0.43386388,0.5183149,0.066339806,0.0,0.42780676,0.0918017,0.027936667,0.16022131,0.2212103,0.08005085,0.0,0.18809855,0.0
0.0,0.0,0.78709006,0.0,0.2798391,0.0,0.0,0.0,0.927911,0.64957386,0.81383497,0.0,0.75598836,0.89311117,0.42743027,0.0,0.85662585,0.0,0.0,0.93691814,0.5805532,0.0,0.0,0.48550197,0.0,0.87752074,0.5856849,0.41162413,0.9295691,0.0,0.0,0.779395
0.0,0.0,0.70679057,0.0,0.66940546,0.0,0.0,0.0,0.7713882,0.7895757,0.847795,0.0,0.7598134,0.5838147,0.59519994,0.0,0.6327437,0.0,0.0,0.7667308,0.3836024,0.0,0.0,0.6651092,0.0,0.85640866,0.54706734,0.739617,0.7987076,0.0,0.0,0.5916699
0.0,0.114740364,0.41402635,0.26815486,0.083560035,0.0,0.0088889,0.13910298,0.13919729,0.16588691,0.28936127,0.08136417,0.3037784,0.0,0.5710571,0.27426082,0.0,0.0,0.01762458,0.41145688,0.46409342,0.0,0.06810335,0.19823146,0.005591139,0.11906862,0.36136788,0.33864227,0.28273687,0.18050843,0.0,0.20498063
0.0,0.0,1.3257728,0.0,0.0,0.0,0.0,0.0,0.88144004,1.0400685,1.0391842,0.0,1.0370978,0.66570914,1.2024648,0.0,0.29771206,0.0,0.0,1.1134182,0.39845031,0.0,0.0,0.69065064,0.0,1.2557951,0.6767485,1.1326358,1.1722405,0.0,0.0,0.8757971
0.0,0.0,0.7563553,0.0,0.34113443,0.0,0.0,0.0,0.8609272,0.7296397,0.7502795,0.0,0.71914035,1.0739496,0.4058462,0.0,0.97328913,0.0,0.0,0.9937992,0.79429,0.0,0.0,0.56471336,0.0,0.8078706,0.34939027,0.20523682,0.80559766,0.0,0.0,0.68356806
0.0,0.0,0.7729267,0.0,0.60216975,0.0,0.0,0.0,0.628223,0.50863165,0.7446016,0.0,0.60104996,0.25393406,0.66216487,0.0,0.58902895,0.0,0.0,0.39669505,0.60119855,0.0,0.0,0.84342265,0.0,0.75837183,0.52416456,0.52783895,0.7791912,0.0,0.0,0.61228704
0.0,0.0,1.2170261,0.0,0.8088537,0.0,0.0,0.0,1.0651579,0.7552686,0.9604845,0.0,1.2590963,1.3146722,0.7028399,0.0,1.5563735,0.0,0.0,1.0361919,0.8235653,0.0,0.0,0.9452203,0.0,1.3582426,0.92924243,0.72066593,1.0917366,0.0,0.0,1.0227238
0.0,0.0,1.5094427,0.0,0.5090362,0.0,0.0,0.0,1.2918907,1.0364242,1.5377809,0.0,1.0967886,1.2342504,1.3997818,0.0,0.7841525,0.0,0.0,1.1531119,0.48380074,0.0,0.0,1.12162,0.0,1.2935721,0.7683237,1.2627232,1.6442722,0.0,0.0,1.083183
0.0,0.0,1.9510978,0.0,0.4787681,0.0,0.0,0.0,1.2953842,1.7484478,1.3981396,0.0,1.708293,1.3197924,1.6602556,0.0,0.279708,0.0,0.0,1.3733654,0.59207094,0.0,0.0,1.0335214,0.0,2.1442556,1.1637542,1.5476263,1.438742,0.0,0.0,1.7806925
0.0,0.0,0.97207177,0.0,0.6933245,0.0,0.0,0.0,1.1039741,0.6819501,1.0740391,0.0,1.0783173,1.0895337,0.7308781,0.0,1.0072573,0.0,0.0,0.94412196,0.7460673,0.0,0.0,0.49298355,0.0,1.285853,0.731031,0.9583521,1.0549343,0.0,0.0,0.8972887
0.0,0.0,0.8666003,0.0,0.637995,0.0,0.0,0.0,0.72487116,0.71305794,0.6822186,0.0,0.61620784,0.25185278,0.6357591,0.0,0.19113939,0.0,0.0,0.42041135,0.571302,0.0,0.0,0.8385246,0.0,0.817132,0.6413658,0.36867595,0.86437243,0.0,0.0,0.68277276
0.0,0.0,1.1439387,0.0,1.4966631,0.0,0.0,0.0,1.3411915,1.1017,1.3465792,0.0,0.7382843,0.25364354,1.3745753,0.0,0.76121247,0.0,0.0,0.85232204,1.0579352,0.0,0.0,1.4571775,0.0,1.1570508,1.2126973,1.6453285,1.4336385,0.0,0.0,0.71052235
0.0,0.0,0.74804103,0.0,0.59202987,0.0,0.0,0.0,0.5919429,0.8921016,1.1098694,0.0,0.90587056,1.0765942,0.72466105,0.0,0.89795095,0.0,0.0,0.490872,1.1752621,0.0,0.0,0.13179427,0.0,0.90235937,0.80374956,1.2075863,1.1084447,0.0,0.0,1.2951
0.0,0.0,0.42733762,0.0,0.26737392,0.0,0.0,0.0,0.32278508,0.3046708,0.5201564,0.0,0.42592543,0.027828306,0.36468813,0.0,0.26097277,0.0,0.0,0.31554952,0.4128392,0.0,0.0,0.53820556,0.0,0.33780766,0.2504267,0.15967001,0.47025147,0.0,0.0,0.31189412
0.0,0.06230954,0.59134877,0.0,0.2183517,0.0,0.06510351,0.030919082,0.66584015,0.15353659,0.6600077,0.14248683,0.6048044,0.51487803,0.6063477,0.0,0.56155556,0.0,0.0,0.7097712,0.3376969,0.0,0.053999633,0.21879622,0.0,0.3925628,0.5446526,0.691528,0.668685,0.17464826,0.0,0.35257384
0.0,0.0,1.0532762,0.0,0.7852736,0.0,0.0,0.0,1.2207142,0.7738542,0.9396408,0.0,0.97755665,1.4916358,0.7681789,0.0,1.3444545,0.0,0.0,1.264634,0.907996,0.0,0.0,0.5572983,0.0,1.2070295,0.6818967,0.6517846,1.1029395,0.0,0.0,1.1009253
0.0,0.0,1.591028,0.0,0.43841982,0.0,0.0,0.0,1.47846,1.3572292,1.4994649,0.0,1.3193766,1.6667322,1.5277061,0.0,0.8398499,0.0,0.0,1.3521647,0.6504,0.0,0.0,1.2325081,0.0,1.5030425,1.019287,1.3164898,1.6244483,0.0,0.0,1.3815709
0.0,0.0,1.4148093,0.0,0.26693946,0.0,0.0,0.0,1.2213018,1.0460442,1.445491,0.0,0.9585448,1.1703789,1.445289,0.0,0.9724937,0.0,0.0,1.1672761,0.72989917,0.0,0.0,1.2662634,0.0,1.3175957,0.7133211,1.1317981,1.4270617,0.0,0.0,0.86754394
0.0,0.0,1.3301831,0.0,0.75796705,0.0,0.0,0.0,1.1180186,0.8619787,1.2400148,0.0,0.84237933,0.8510346,1.3806427,0.0,0.9674131,0.0,0.0,0.63836086,0.8637391,0.0,0.0,1.0299379,0.0,1.11385,1.0207931,1.6866459,1.2226229,0.0,0.0,0.75516564
0.0,0.043844182,0.6470095,0.0,0.044720747,0.0,0.002228558,0.0,0.7358383,0.3475704,0.45028925,0.007817991,0.44888318,0.9224496,0.41999075,0.0,0.98405594,0.0,0.0,0.7709205,0.73467433,0.0,0.0,0.41277766,0.0,0.6037282,0.37044585,0.2908466,0.6371517,0.1116407,0.0,0.38377404
0.35383296,0.45690346,0.0,0.42145088,0.0,0.578375,0.6644505,0.5702055,0.0,0.0,0.0,0.5737964,0.0,0.0,0.0,0.49682587,0.0,0.32074517,0.84189504,0.0,0.0,0.6655851,0.4311823,0.0,0.5427901,0.0,0.0,0.0,0.0,0.5555877,0.30686823,0.0
0.0,0.0,2.933352,0.0,3.6601887,0.0,0.0,0.0,2.1638227,3.3413785,1.7590401,0.0,2.3840477,2.2002325,1.8665336,0.0,2.1311665,0.0,0.0,3.361552,4.1832767,0.0,0.0,3.576235,0.0,2.3582454,2.6903024,0.0,2.0703938,0.0,0.0,1.3763782
0.0,0.0,1.1406745,0.0,0.70255095,0.0,0.0,0.0,1.4983552,0.6863751,1.2732176,0.0,0.9250785,1.5444465,1.0528524,0.0,1.3317075,0.0,0.0,1.1331757,1.1680533,0.0,0.0,0.6594127,0.0,1.1494849,0.98747283,1.056539,1.1676451,0.0,0.0,1.0171064
0.0,0.117241465,0.32341558,0.0,0.120746516,0.22627375,0.053558823,0.29168385,0.4609176,0.3863228,0.5274885,0.20042229,0.40625876,0.23885825,0.5977096,0.0,0.29146078,0.02131759,0.14885116,0.62104094,0.34272662,0.0,0.20232143,0.2791473,0.0,0.23769677,0.39367712,0.632439,0.44650048,0.1185509,0.0,0.22497794
0.0,0.0,1.5221709,0.0,1.1363372,0.0,0.0,0.0,1.4434446,1.2844316,1.5866041,0.0,1.0338818,1.1838896,1.7885029,0.0,1.1804585,0.0,0.0,1.5044582,0.9989343,0.0,0.0,1.0855012,0.0,1.3529065,1.1372497,2.1618755,1.8103958,0.0,0.0,1.1445267
0.0,0.13931336,0.4594703,0.0,0.19500808,0.01177969,0.0,0.123593315,0.5017602,0.47728845,0.60549456,0.06791564,0.5139263,0.38279057,0.45627654,0.0,0.27909407,0.0,0.0,0.51802015,0.2667297,0.0,0.2344532,0.35705584,0.0,0.46340764,0.26789367,0.42043102,0.5211386,0.08560376,0.0,0.24443585
0.0,0.0,0.99117386,0.0,0.19151148,0.0,0.06455238,0.0,0.7809763,0.56464374,1.16744,0.0,0.47534114,0.5716058,1.2038611,0.0,0.63933754,0.0,0.03758119,0.97009426,0.5243583,0.0,0.0,0.87886995,0.0,0.78999734,0.27541435,1.009257,1.1687783,0.0,0.0,0.30752712
0.0,0.0,1.937076,0.0,0.61603755,0.0,0.0,0.0,1.496683,1.7141563,1.4851929,0.0,1.8392495,1.7880489,1.4858328,0.0,0.8262985,0.0,0.0,1.4204352,0.6256233,0.0,0.0,1.1522263,0.0,2.1181488,1.2595013,1.3943104,1.6728523,0.0,0.0,1.8129772
0.0,0.0,0.8390807,0.0,0.7049956,0.0,0.0,0.0,0.84222484,0.61223775,0.83736485,0.0,0.826183,0.7342924,0.71581,0.0,0.6495387,0.0,0.0,0.82075036,0.4215354,0.0,0.0,0.44524708,0.0,0.942677,0.6003269,0.7867516,0.8536673,0.0,0.0,0.7567572
0.0,0.0,1.3303348,0.0,0.83169127,0.0,0.0,0.0,1.8879889,1.4913402,1.3582363,0.0,1.5385506,1.6074959,1.0865746,0.0,0.932623,0.0,0.0,1.7395236,0.5850385,0.0,0.0,0.64449257,0.0,1.278626,1.2735682,1.4574387,1.2303288,0.0,0.0,1.7857976
0.0,0.0,0.82236993,0.0,0.39253616,0.0,0.0,0.0,0.8357862,0.58360064,0.8143784,0.0,0.8872498,0.81696737,0.60270673,0.0,0.5943438,0.0,0.0,0.7926503,0.45534992,0.0,0.0,0.26384467,0.0,0.75241697,0.55153966,0.47851622,0.78073174,0.0,0.0,0.7880952
0.0,0.035525605,0.7751061,0.0,0.20624222,0.0,0.0,0.0,0.93104076,0.64194655,0.75931644,0.0,0.86480963,1.0871582,0.61199415,0.0,0.7617612,0.0,0.0,1.0398649,0.71037406,0.0,0.0,0.29505673,0.0,0.7047524,0.52334344,0.3600117,0.7742565,0.0,0.0,0.8475292
0.0,0.0,0.88568175,0.0,0.4813907,0.0,0.0,0.0,0.97914416,0.6034714,0.70226055,0.15126014,0.7932821,1.3306681,0.71750265,0.0,1.0898526,0.0,0.0,1.0471407,0.93416387,0.0,0.0,0.42142358,0.0,0.8535896,0.5419569,0.33669823,0.88972443,0.0,0.0,0.9350549
0.0,0.17942682,0.9218366,0.0,0.69104284,0.0,0.23093337,0.0,1.2679471,0.9859943,1.4884863,0.0,0.71697277,1.2929796,0.8524382,0.0,0.75005007,0.0,0.0691022,1.5475588,0.6558326,0.0,0.0,0.96546257,0.0,1.2979417,0.3739366,0.67840856,1.3574122,0.10910764,0.0,0.60603946
0.0,0.07521647,0.40586066,0.0,0.25271004,0.15633325,0.0,0.090640076,0.45846343,0.37223554,0.6265561,0.09090696,0.4425224,0.2714956,0.5926754,0.0,0.25143746,0.0,0.0,0.5929356,0.3554313,0.0,0.3120794,0.40206322,0.0,0.36245602,0.3017559,0.5403469,0.45040965,0.08570568,0.0,0.3084395
0.0,0.15662557,0.47501126,0.18458295,0.08820297,0.0,0.0,0.17166352,0.23620123,0.19969168,0.3606953,0.120203584,0.4602254,0.034437675,0.70222044,0.16844672,0.0051262006,0.0,0.0,0.5224455,0.5043811,0.0,0.06775196,0.1606223,0.04139711,0.062447265,0.47284573,0.41308755,0.32857054,0.18409991,0.0,0.26982933
0.0,0.0,0.8625752,0.0,1.0549749,0.0,0.0,0.013316812,1.0276184,1.0385541,0.99499774,0.0,0.66667634,0.03767184,1.267017,0.0,0.33950433,0.0,0.0,0.8416746,1.104071,0.0,0.0,1.2627963,0.0,0.6171531,1.0516231,1.4169917,1.2374604,0.0,0.0,0.59363717
0.0,0.0,0.71884286,0.0,0.44375163,0.0,0.0,0.0,0.5593001,0.49889094,0.6282722,0.0,0.5457834,0.17602926,0.57249427,0.0,0.24285933,0.0,0.0,0.37397513,0.4714684,0.0,0.0,0.65651006,0.0,0.6250394,0.5108103,0.3211739,0.7121469,0.0,0.0,0.5020082
